id,ids,name,surname,position,team,price,active,assists,average,blocks,datum,diff,domaci,fletter,ga,goals,gwg,gwin,ha,hits,icetime,id_day,id_muzstvo,injured,last_points,ldesc,locked,loss,matches,note,otg,otl,owned,permil,plusminus,pm,points,ppg,pptime,pts,saves,sdiff,shg,shots,so,sog,spct,status,zaciatok,zmena
8477458,,Valentin Zykov,Zykov,W,VGK,500000,0,,,,,0,,V,,,,,0,,,0,62,0,0,,0,,,,,,0,,,,,,,,,0,,,,,,,,
8484475,,Stepan Zvyagin,Zvyagin,W,FLA,500000,1,,,,,0,,S,,,,,0,,,0,42,0,0,,0,,,,,,0,,,,,,,,,,,,,,,,,
8481104,,Eli Zummack,Zummack,C,TOR,500000,0,,,,,0,,E,,,,,0,,,0,57,0,0,,0,,,,,,0,,,,,,,,,0,,,,,,,,
8478875,,Ryan Zuhlsdorf,Zuhlsdorf,D,TBL,500000,0,,,,,0,,R,,,,,0,,,0,56,0,0,,0,,,,,,0,,,,,,,,,0,,,,,,,,
8475722,,Jason Zucker,Zucker,W,BUF,4190000,1,32,30.589041,20,,0,,J,0,21,4,0,0,68,16:00,0,33,0,0,,0,30,73,,0,0,0,,4,57,2233.00,11,00:00,53,0,1210000,0,143,0,,,,,
8475692,,Mats Zuccarello,Zuccarello,W,MIN,4510000,1,37,28.920000,46,,0,,M,0,20,7,0,0,43,19:35,0,44,1,0,20251013,0,28,75,,1,0,0,,-1,22,2169.00,3,00:00,57,0,370000,0,160,0,,,,2025-09-25,2025-09-25
8464977,,Dainius Zubrus,Zubrus,C,SJS,500000,0,,,,,0,,D,,,,,0,,,0,54,0,0,,0,,,,,,0,,,,,,,,,0,,,,,,,,
8482245,,Artem Zub,Zub,D,OTT,2400000,1,12,15.677419,112,,0,,A,0,2,1,0,0,60,20:49,0,50,0,0,,0,22,62,,0,0,0,,3,36,972.00,0,00:00,14,0,60000,0,60,0,,,,,
8474584,,Michael Del Zotto,Zotto,D,ANA,500000,0,,,,,0,,M,,,,,0,,,0,31,0,0,,0,,,,,,0,,,,,,,,,-1680000,,,,,,,,
8485351,,Bill Zonnon,Zonnon,W,PIT,1380000,1,,,,,0,,B,,,,,0,,,0,53,0,0,,0,,,,,,0,,,,,,,,,,,,,,,,,
8476158,,Harry Zolnierczyk,Zolnierczyk,W,NSH,500000,0,,,,,0,,H,,,,,0,,,0,48,0,0,,0,,,,,,0,,,,,,,,,0,,,,,,,,
8482241,,Radim Zohorna,Zohorna,W,PIT,500000,0,,,,,0,,R,,,,,0,,,0,53,0,0,,0,,,,,,0,,,,,,,,,-1460000,,,,,,,,
8482857,,Riese Zmolek,Zmolek,D,MIN,500000,0,,,,,0,,R,,,,,0,,,0,44,0,0,,0,,,,,,0,,,,,,,,,0,,,,,,,,
8484115,,Will Zmolek,Zmolek,D,PHI,500000,0,,,,,0,,W,,,,,0,,,0,51,0,0,,0,,,,,,0,,,,,,,,,,,,,,,,,
8482498,,Dmitry Zlodeyev,Zlodeyev,C,VAN,500000,0,,,,,0,,D,,,,,0,,,0,58,0,0,,0,,,,,,0,,,,,,,,,0,,,,,,,,
8476997,,Anton Zlobin,Zlobin,W,PIT,500000,0,,,,,0,,A,,,,,0,,,0,53,0,0,,0,,,,,,0,,,,,,,,,0,,,,,,,,
8483714,,Adam Zlnka,Zlnka,W,ARI,500000,0,,,,,0,,A,,,,,0,,,0,52,0,0,,0,,,,,,0,,,,,,,,,,,,,,,,,
8482886,,Pasquale Zito,Zito,W,DET,500000,0,,,,,0,,P,,,,,0,,,0,40,0,0,,0,,,,,,0,,,,,,,,,0,,,,,,,,
8480106,,Dylan Zink,Zink,D,FA,500000,0,,,,,0,,D,,,,,0,,,0,0,0,0,,0,,,,,,0,,,,,,,,,0,,,,,,,,
8479326,,Max Zimmer,Zimmer,W,CAR,500000,0,,,,,0,,M,,,,,0,,,0,35,0,0,,0,,,,,,0,,,,,,,,,0,,,,,,,,
8465011,,Sergei Zimakov,Zimakov,D,WSH,500000,0,,,,,0,,S,,,,,0,,,0,59,0,0,,0,,,,,,0,,,,,,,,,0,,,,,,,,
8484243,,Koehn Ziemmer,Ziemmer,W,LAK,500000,1,,,,,0,,K,,,,,0,,,0,43,0,0,,0,,,,,,0,,,,,,,,,,,,,,,,,
8484758,,Brodie Ziemer,Ziemer,W,BUF,500000,1,,,,,0,,B,,,,,0,,,0,33,0,0,,0,,,,,,0,,,,,,,,,,,,,,,,,
8469623,,Marek Zidlicky,Zidlicky,D,NYI,500000,0,,,,,0,,M,,,,,0,,,0,46,0,0,,0,,,,,,0,,,,,,,,,0,,,,,,,,
8476459,,Mika Zibanejad,Zibanejad,C,NYR,3330000,1,42,24.878049,46,,0,,M,0,20,0,0,0,44,18:46,0,47,0,0,,0,36,82,,0,0,0,,-22,22,2040.00,7,00:00,62,0,-2060000,0,182,0,,,,,
8482990,,Ivan Zhyhalau,Zhyhalau,G,COL,500000,0,,,,,0,,I,,,,,0,,,0,37,0,0,,0,,,,,,0,,,,,,,,,0,,,,,,,,
8481071,,Danila Zhuravlyov,Zhuravlyov,D,COL,500000,0,,,,,0,,D,,,,,0,,,0,37,0,0,,0,,,,,,0,,,,,,,,,0,,,,,,,,
8462272,,Sergei Zhukov,Zhukov,D,BOS,500000,0,,,,,0,,S,,,,,0,,,0,32,0,0,,0,,,,,,0,,,,,,,,,0,,,,,,,,
8480040,,Maksim Zhukov,Zhukov,G,VGK,500000,0,,,,,0,,M,,,,,0,,,0,62,0,0,,0,,,,,,0,,,,,,,,,0,,,,,,,,
8478850,,Dmitry Zhukenov,Zhukenov,C,VAN,500000,0,,,,,0,,D,,,,,0,,,0,58,0,0,,0,,,,,,0,,,,,,,,,0,,,,,,,,
8483526,,Danil Zhilkin,Zhilkin,C,WPG,500000,1,,,,,0,,D,,,,,0,,,0,60,0,0,,0,,,,,,0,,,,,,,,,,,,,,,,,
8481689,,Vadim Zherenko,Zherenko,G,STL,500000,1,,,,,0,,V,,,,,0,,,0,55,0,0,,0,,,,,,0,,,,,,,,,0,,,,,,,,
8485562,,Alexander Zharovsky,Zharovsky,W,MTL,500000,1,,,,,0,,A,,,,,0,,,0,45,0,0,,0,,,,,,0,,,,,,,,,,,,,,,,,
8476977,,Daniil Zharkov,Zharkov,W,EDM,500000,0,,,,,0,,D,,,,,0,,,0,41,0,0,,0,,,,,,0,,,,,,,,,0,,,,,,,,
8480188,,Fabian Zetterlund,Zetterlund,W,OTT,3500000,1,22,22.944444,79,,0,,F,0,19,0,0,0,170,16:09,0,50,0,0,,0,44,90,,0,0,0,,7,14,2065.00,5,00:00,41,0,3000000,0,190,0,,,,,
8468083,,Henrik Zetterberg,Zetterberg,C,DET,500000,0,,,,,0,,H,,,,,0,,,0,40,0,0,,0,,,,,,0,,,,,,,,,0,,,,,,,,
8484841,,Simon Zether,Zether,C,FLA,500000,1,,,,,0,,S,,,,,0,,,0,42,0,0,,0,,,,,,0,,,,,,,,,,,,,,,,,
8481488,,Lewis Zerter-Gossage,Zerter-Gossage,W,NYR,500000,0,,,,,0,,L,,,,,0,,,0,47,0,0,,0,,,,,,0,,,,,,,,,0,,,,,,,,
8467972,,Rob Zepp,Zepp,G,PHI,500000,0,,,,,0,,R,,,,,0,,,0,51,0,0,,0,,,,,,0,,,,,,,,,0,,,,,,,,
8481440,,Dustyn Zenner,Zenner,G,VGK,500000,0,,,,,0,,D,,,,,0,,,0,62,0,0,,0,,,,,,0,,,,,,,,,0,,,,,,,,
8485135,,Austin Zemlak,Zemlak,D,VGK,500000,0,,,,,0,,A,,,,,0,,,0,62,0,0,,0,,,,,,0,,,,,,,,,,,,,,,,,
8482803,,Olen Zellweger,Zellweger,D,ANA,2270000,1,13,16.870968,66,,0,,O,0,7,0,0,0,37,18:58,0,31,0,0,,0,27,62,,0,0,0,,1,20,1046.00,1,00:00,20,0,1770000,0,130,0,,,,,
8484842,,Will Zellers,Zellers,W,BOS,500000,1,,,,,0,,W,,,,,0,,,0,32,0,0,,0,,,,,,0,,,,,,,,,,,,,,,,,
8485109,,Vasily Zelenov,Zelenov,W,BUF,500000,1,,,,,0,,V,,,,,0,,,0,33,0,0,,0,,,,,,0,,,,,,,,,,,,,,,,,
8481533,,Trevor Zegras,Zegras,C,PHI,2730000,1,20,20.473684,27,,0,,T,0,12,1,0,0,50,17:02,0,51,0,0,,0,24,57,,0,0,0,,-8,23,1167.00,1,00:00,32,0,-40000,0,97,0,,,,,
8478835,,Sergey Zborovskiy,Zborovskiy,D,NYR,500000,0,,,,,0,,S,,,,,0,,,0,47,0,0,,0,,,,,,0,,,,,,,,,0,,,,,,,,
8478415,,Jakub Zboril,Zboril,D,BOS,500000,0,,,,,0,,J,,,,,0,,,0,32,0,0,,0,,,,,,0,,,,,,,,,-1080000,,,,,,,,
8484398,,Egor Zavragin,Zavragin,G,PHI,500000,1,,,,,0,,E,,,,,0,,,0,51,0,0,,0,,,,,,0,,,,,,,,,,,,,,,,,
8481005,,Dmitry Zavgorodniy,Zavgorodniy,W,CAL,500000,0,,,,,0,,D,,,,,0,,,0,34,0,0,,0,,,,,,0,,,,,,,,,0,,,,,,,,
8473553,,Jeff Zatkoff,Zatkoff,G,CBJ,500000,0,,,,,0,,J,,,,,0,,,0,38,0,0,,0,,,,,,0,,,,,,,,,0,,,,,,,,
8482074,,Connor Zary,Zary,C,CAL,2520000,1,14,19.037037,26,,0,,C,0,13,2,0,0,26,16:04,0,34,0,0,,0,17,54,,1,0,0,,-7,14,1028.00,1,00:00,27,0,2020000,0,111,0,,,,,
8485012,,Kirill Zarubin,Zarubin,G,CAL,500000,1,,,,,0,,K,,,,,0,,,0,34,0,0,,0,,,,,,0,,,,,,,,,,,,,,,,,
8482930,,Brian Zanetti,Zanetti,D,PHI,500000,0,,,,,0,,B,,,,,0,,,0,51,0,0,,0,,,,,,0,,,,,,,,,0,,,,,,,,
8481178,,Egor Zamula,Zamula,D,PHI,1230000,1,12,8.936508,84,,0,,E,0,3,1,0,0,24,16:31,0,51,0,0,,0,29,63,,0,0,0,,-14,6,563.00,0,00:00,15,0,510000,0,37,0,,,,,
8477928,,Petr Zamorsky,Zamorsky,D,NYR,500000,0,,,,,0,,P,,,,,0,,,0,47,0,0,,0,,,,,,0,,,,,,,,,0,,,,,,,,
8477816,,Michael Zalewski,Zalewski,W,VAN,500000,0,,,,,0,,M,,,,,0,,,0,58,0,0,,0,,,,,,0,,,,,,,,,0,,,,,,,,
8485538,,Simon Zajicek,Zajicek,G,BOS,500000,1,,,,,0,,S,,,,,0,,,0,32,0,0,,0,,,,,,0,,,,,,,,,,,,,,,,,
8471233,,Travis Zajac,Zajac,C,NYI,500000,0,,,,,0,,T,,,,,0,,,0,46,0,0,,0,,,,,,0,,,,,,,,,-2010000,,,,,,,,
8480271,,Yegor Zaitsev,Zaitsev,D,NJD,500000,1,,,,,0,,Y,,,,,0,,,0,49,0,0,,0,,,,,,0,,,,,,,,,0,,,,,,,,
8479458,,Nikita Zaitsev,Zaitsev,D,CHI,500000,0,,,,,0,,N,,,,,0,,,0,36,0,0,,0,,,,,,0,,,,,,,,,-1700000,,,,,,,,
8479604,,Dmitriy Zaitsev,Zaitsev,D,WSH,500000,0,,,,,0,,D,,,,,0,,,0,59,0,0,,0,,,,,,0,,,,,,,,,0,,,,,,,,
8468514,,Ruslan Zainullin,Zainullin,W,CAL,500000,0,,,,,0,,R,,,,,0,,,0,34,0,0,,0,,,,,,0,,,,,,,,,0,,,,,,,,
8481501,,Artyom Zagidulin,Zagidulin,G,CAL,500000,0,,,,,0,,A,,,,,0,,,0,34,0,0,,0,,,,,,0,,,,,,,,,0,,,,,,,,
8477507,,Nikita Zadorov,Zadorov,D,BOS,3600000,1,18,25.716049,100,,0,,N,0,4,0,0,0,219,20:37,0,32,0,0,,0,37,81,,0,0,0,,25,145,2083.00,0,00:00,22,0,1440000,0,105,0,,,,,
8480821,,Filip Zadina,Zadina,W,SJS,500000,0,,,,,0,,F,,,,,0,,,0,54,1,0,Expected to be out until at least Apr 11,0,,,,,,0,,,,,,,,,-1520000,,,,,,,2024-04-09,2024-04-09
8478401,,Pavel Zacha,Zacha,C,BOS,3020000,1,33,21.512195,23,,0,,P,0,14,5,0,0,63,19:04,0,32,0,0,,0,38,82,,2,0,0,,-8,21,1764.00,2,00:00,47,0,-220000,2,132,0,,,,,
8479988,,Lane Zablocki,Zablocki,W,DET,500000,0,,,,,0,,L,,,,,0,,,0,40,0,0,,0,,,,,,0,,,,,,,,,0,,,,,,,,
8477011,,Daniel Zaar,Zaar,W,CBJ,500000,0,,,,,0,,D,,,,,0,,,0,38,0,0,,0,,,,,,0,,,,,,,,,0,,,,,,,,
8481515,,Danil Yurtaykin,Yurtaykin,W,SJS,500000,0,,,,,0,,D,,,,,0,,,0,54,0,0,,0,,,,,,0,,,,,,,,,0,,,,,,,,
8483525,,Danila Yurov,Yurov,W,MIN,500000,1,,,,,0,,D,,,,,0,,,0,44,0,0,,0,,,,,,0,,,,,,,,,,,,,,,,,
8471275,,Michail Yunkov,Yunkov,C,WSH,500000,0,,,,,0,,M,,,,,0,,,0,59,0,0,,0,,,,,,0,,,,,,,,,0,,,,,,,,
8485033,,Ivan Yunin,Yunin,G,COL,500000,1,,,,,0,,I,,,,,0,,,0,37,0,0,,0,,,,,,0,,,,,,,,,,,,,,,,,
8482523,,Alex Young,Young,C,SJS,500000,1,,,,,0,,A,,,,,0,,,0,54,0,0,,0,,,,,,0,,,,,,,,,0,,,,,,,,
8483751,,Ty Young,Young,G,VAN,500000,1,,,,,0,,T,,,,,0,,,0,58,0,0,,0,,,,,,0,,,,,,,,,,,,,,,,,
8475289,,Gus Young,Young,D,SJS,500000,0,,,,,0,,G,,,,,0,,,0,54,0,0,,0,,,,,,0,,,,,,,,,0,,,,,,,,
8485194,,Mitchell Young,Young,D,COL,500000,0,,,,,0,,M,,,,,0,,,0,37,0,0,,0,,,,,,0,,,,,,,,,,,,,,,,,
8481546,,Cam York,York,D,PHI,1910000,1,13,13.863636,111,,0,,C,0,4,1,0,0,60,20:47,0,51,0,0,,0,31,66,,0,0,0,,-8,26,915.00,0,00:00,17,0,1410000,0,65,0,,,,,
8482195,,Chase Yoder,Yoder,C,PIT,500000,0,,,,,0,,C,,,,,0,,,0,53,0,0,,0,,,,,,0,,,,,,,,,0,,,,,,,,
8481058,,Jesse Ylonen,Ylonen,W,TBL,500000,0,,,,,0,,J,,,,,0,,,0,56,0,0,,0,,,,,,0,,,,,,,,,0,,,,,,,,
8480353,,Rudi Ying,Ying,C,FA,500000,0,,,,,0,,R,,,,,0,,,0,0,0,0,,0,,,,,,0,,,,,,,,,0,,,,,,,,
8483734,,Nikita Yevseyev,Yevseyev,D,EDM,500000,1,,,,,0,,N,,,,,0,,,0,41,0,0,,0,,,,,,0,,,,,,,,,,,,,,,,,
8480369,,Oleg Yevenko,Yevenko,D,FA,500000,0,,,,,0,,O,,,,,0,,,0,0,0,0,,0,,,,,,0,,,,,,,,,0,,,,,,,,
8480991,,Vladislav Yeryomenko,Yeryomenko,D,NSH,500000,0,,,,,0,,V,,,,,0,,,0,48,0,0,,0,,,,,,0,,,,,,,,,0,,,,,,,,
8485634,,Kirill Yemelyanov,Yemelyanov,C,BOS,500000,1,,,,,0,,K,,,,,0,,,0,32,0,0,,0,,,,,,0,,,,,,,,,,,,,,,,,
8481630,,Alexander Yelesin,Yelesin,D,CAL,500000,0,,,,,0,,A,,,,,0,,,0,34,0,0,,0,,,,,,0,,,,,,,,,0,,,,,,,,
8484459,,Yegor Yegorov,Yegorov,G,CAL,500000,1,,,,,0,,Y,,,,,0,,,0,34,0,0,,0,,,,,,0,,,,,,,,,,,,,,,,,
8484843,,Mikhail Yegorov,Yegorov,G,NJD,500000,1,,,,,0,,M,,,,,0,,,0,49,0,0,,0,,,,,,0,,,,,,,,,,,,,,,,,
8484418,,Stanislav Yarovoi,Yarovoi,W,CAR,500000,1,,,,,0,,S,,,,,0,,,0,35,0,0,,0,,,,,,0,,,,,,,,,,,,,,,,,
8471735,,Keith Yandle,Yandle,D,PHI,500000,0,,,,,0,,K,,,,,0,,,0,51,0,0,,0,,,,,,0,,,,,,,,,-2210000,,,,,,,,
8478459,,Dennis Yan,Yan,W,TBL,500000,0,,,,,0,,D,,,,,0,,,0,56,0,0,,0,,,,,,0,,,,,,,,,0,,,,,,,,
8479977,,Kailer Yamamoto,Yamamoto,W,UTA,1090000,1,1,11.083333,4,,0,,K,0,2,0,0,0,9,12:07,0,64,0,0,,0,4,12,,0,0,0,,-1,2,133.00,1,00:00,3,0,-1630000,0,13,0,,,,,
8476855,,Nail Yakupov,Yakupov,W,COL,500000,0,,,,,0,,N,,,,,0,,,0,37,0,0,,0,,,,,,0,,,,,,,,,0,,,,,,,,
8478100,,C.J. Yakimowicz,Yakimowicz,W,STL,500000,0,,,,,0,,C,,,,,0,,,0,55,0,0,,0,,,,,,0,,,,,,,,,0,,,,,,,,
8477410,,Bogdan Yakimov,Yakimov,C,EDM,500000,0,,,,,0,,B,,,,,0,,,0,41,0,0,,0,,,,,,0,,,,,,,,,0,,,,,,,,
8484759,,Carter Yakemchuk,Yakemchuk,D,OTT,2580000,1,,,,,0,,C,,,,,0,,,0,50,0,0,,0,,,,,,0,,,,,,,,,,,,,,,,,
8484242,,Brayden Yager,Yager,C,WPG,500000,1,,,,,0,,B,,,,,0,,,0,60,0,0,,0,,,,,,0,,,,,,,,,,,,,,,,,
8470221,,Denis Yachmenev,Yachmenev,W,FLA,500000,0,,,,,0,,D,,,,,0,,,0,42,0,0,,0,,,,,,0,,,,,,,,,0,,,,,,,,
8482964,,Arber Xhekaj,Xhekaj,D,MTL,2250000,1,5,14.164384,56,,0,,A,0,1,0,0,0,192,14:28,0,45,0,0,,0,29,73,,0,0,0,,-12,122,1034.00,0,00:00,6,0,1750000,0,71,0,,,,,
8484403,,Florian Xhekaj,Xhekaj,W,MTL,500000,1,,,,,0,,F,,,,,0,,,0,45,0,0,,0,,,,,,0,,,,,,,,,,,,,,,,,
8485614,,Ethan Wyttenbach,Wyttenbach,W,CAL,500000,1,,,,,0,,E,,,,,0,,,0,34,0,0,,0,,,,,,0,,,,,,,,,,,,,,,,,
8480984,,Wyatte Wylie,Wylie,D,PHI,500000,0,,,,,0,,W,,,,,0,,,0,51,0,0,,0,,,,,,0,,,,,,,,,0,,,,,,,,
8480110,,Cody Wydo,Wydo,W,FA,500000,0,,,,,0,,C,,,,,0,,,0,0,0,0,,0,,,,,,0,,,,,,,,,0,,,,,,,,
8485037,,Chase Wutzke,Wutzke,G,MIN,500000,1,,,,,0,,C,,,,,0,,,0,44,0,0,,0,,,,,,0,,,,,,,,,,,,,,,,,
8483524,,Shane Wright,Wright,C,SEA,3020000,1,25,21.645570,58,,0,,S,0,19,2,0,0,54,14:04,0,63,0,0,,0,38,79,,0,0,0,,4,18,1710.00,7,00:00,44,0,,0,91,0,,,,,
8483756,,Jared Wright,Wright,W,LAK,500000,1,,,,,0,,J,,,,,0,,,0,43,0,0,,0,,,,,,0,,,,,,,,,,,,,,,,,
8474674,,James Wright,Wright,C,NYI,500000,0,,,,,0,,J,,,,,0,,,0,46,0,0,,0,,,,,,0,,,,,,,,,0,,,,,,,,
8485416,,Jakob Ihs Wozniak,Wozniak,C,VGK,500000,1,,,,,0,,J,,,,,0,,,0,62,0,0,,0,,,,,,0,,,,,,,,,,,,,,,,,
8481163,,Chase Wouters,Wouters,C,TBL,500000,0,,,,,0,,C,,,,,0,,,0,56,0,0,,0,,,,,,0,,,,,,,,,0,,,,,,,,
8478450,,Parker Wotherspoon,Wotherspoon,D,BOS,1110000,1,6,8.381818,61,,0,,P,0,1,0,0,0,74,18:02,0,32,0,0,,0,28,55,,0,0,0,,-10,10,461.00,0,00:00,7,0,610000,0,43,0,,,,,
8476452,,Tyler Wotherspoon,Wotherspoon,D,NJD,500000,0,,,,,0,,T,,,,,0,,,0,49,0,0,,0,,,,,,0,,,,,,,,,0,,,,,,,,
8484844,,Jared Woolley,Woolley,D,LAK,500000,1,,,,,0,,J,,,,,0,,,0,43,0,0,,0,,,,,,0,,,,,,,,,,,,,,,,,
8483071,,Mark Woolley,Woolley,D,CBJ,500000,0,,,,,0,,M,,,,,0,,,0,38,0,0,,0,,,,,,0,,,,,,,,,0,,,,,,,,
8476944,,Brendan Woods,Woods,W,CAR,500000,0,,,,,0,,B,,,,,0,,,0,35,0,0,,0,,,,,,0,,,,,,,,,0,,,,,,,,
8477425,,Miles Wood,Wood,W,COL,1680000,1,4,14.315789,15,,0,,M,0,4,1,0,0,55,11:23,0,37,0,0,,0,12,38,,0,0,0,,-8,48,544.00,0,00:00,8,0,-910000,0,60,0,,,,,
8484241,,Matthew Wood,Wood,W,NSH,860000,1,1,9.166667,2,,0,,M,0,0,0,0,0,2,11:35,0,48,0,0,,0,3,6,,0,0,0,,0,2,55.00,0,00:00,1,0,,0,8,0,,,,,
8478015,,Kyle Wood,Wood,D,DET,500000,0,,,,,0,,K,,,,,0,,,0,40,0,0,,0,,,,,,0,,,,,,,,,0,,,,,,,,
8484548,,Briley Wood,Wood,C,COL,500000,0,,,,,0,,B,,,,,0,,,0,37,0,0,,0,,,,,,0,,,,,,,,,,,,,,,,,
8480808,,Jett Woo,Woo,D,VAN,500000,1,,,,,0,,J,,,,,0,,,0,58,0,0,,0,,,,,,0,,,,,,,,,0,,,,,,,,
8481084,,Austin Wong,Wong,C,WPG,500000,0,,,,,0,,A,,,,,0,,,0,60,0,0,,0,,,,,,0,,,,,,,,,0,,,,,,,,
8483019,,Trevor Wong,Wong,C,FLA,500000,0,,,,,0,,T,,,,,0,,,0,42,0,0,,0,,,,,,0,,,,,,,,,0,,,,,,,,
8479361,,Joseph Woll,Woll,G,TOR,6770000,1,0,44.979592,0,,0,,J,134,0,0,30,0,0,57:45,0,57,0,0,,0,17,49,,0,2,0,,0,0,2204.00,0,00:00,0,1282,6270000,0,0,2,,90.5,,,
8482059,,Nick Wolff,Wolff,D,BOS,500000,0,,,,,0,,N,,,,,0,,,0,32,0,0,,0,,,,,,0,,,,,,,,,0,,,,,,,,
8481692,,Dustin Wolf,Wolf,G,CAL,6480000,1,3,48.924528,0,,0,,D,140,0,0,29,0,0,01:03,0,34,0,0,,0,16,53,,0,8,0,,0,0,2593.00,0,00:00,3,1409,5980000,0,0,3,,91.0,,,
8477913,,David Wolf,Wolf,W,CAL,500000,0,,,,,0,,D,,,,,0,,,0,34,0,0,,0,,,,,,0,,,,,,,,,0,,,,,,,,
8478846,,Christian Wolanin,Wolanin,D,VAN,500000,0,,,,,0,,C,,,,,0,,,0,58,0,0,,0,,,,,,0,,,,,,,,,-80000,,,,,,,,
8474733,,David Wohlberg,Wohlberg,C,NJD,500000,0,,,,,0,,D,,,,,0,,,0,49,0,0,,0,,,,,,0,,,,,,,,,0,,,,,,,,
8476306,,Edward Wittchow,Wittchow,D,FLA,500000,0,,,,,0,,E,,,,,0,,,0,42,0,0,,0,,,,,,0,,,,,,,,,0,,,,,,,,
8474722,,Luke Witkowski,Witkowski,D,STL,500000,0,,,,,0,,L,,,,,0,,,0,55,0,0,,0,,,,,,0,,,,,,,,,0,,,,,,,,
8483634,,Kai Wissmann,Wissmann,D,BOS,500000,0,,,,,0,,K,,,,,0,,,0,32,0,0,,0,,,,,,0,,,,,,,,,,,,,,,,,
8470222,,James Wisniewski,Wisniewski,D,CAR,500000,0,,,,,0,,J,,,,,0,,,0,35,0,0,,0,,,,,,0,,,,,,,,,0,,,,,,,,
8480793,,Jake Wise,Wise,C,CHI,500000,0,,,,,0,,J,,,,,0,,,0,36,0,0,,0,,,,,,0,,,,,,,,,0,,,,,,,,
8484486,,Zaccharya Wisdom,Wisdom,W,SEA,500000,1,,,,,0,,Z,,,,,0,,,0,63,0,0,,0,,,,,,0,,,,,,,,,,,,,,,,,
8482161,,Zayde Wisdom,Wisdom,W,PHI,500000,0,,,,,0,,Z,,,,,0,,,0,51,0,0,,0,,,,,,0,,,,,,,,,0,,,,,,,,
8482751,,Ryan Winterton,Winterton,C,SEA,500000,1,1,0.250000,6,,0,,R,0,0,0,0,0,20,10:50,0,63,0,0,,0,8,12,,0,0,0,,-11,2,3.00,0,00:00,1,0,0,0,15,0,,,,,
8483093,,Avery Winslow,Winslow,D,TBL,500000,0,,,,,0,,A,,,,,0,,,0,56,0,0,,0,,,,,,0,,,,,,,,,0,,,,,,,,
8471476,,Daniel Winnik,Winnik,W,MIN,500000,0,,,,,0,,D,,,,,0,,,0,44,0,0,,0,,,,,,0,,,,,,,,,0,,,,,,,,
8482825,,Andreas Wingerli,Wingerli,W,COL,500000,0,,,,,0,,A,,,,,0,,,0,37,0,0,,0,,,,,,0,,,,,,,,,0,,,,,,,,
8474739,,Tommy Wingels,Wingels,C,BOS,500000,0,,,,,0,,T,,,,,0,,,0,32,0,0,,0,,,,,,0,,,,,,,,,0,,,,,,,,
8474498,,Jesse Winchester,Winchester,C,COL,500000,0,,,,,0,,J,,,,,0,,,0,37,0,0,,0,,,,,,0,,,,,,,,,0,,,,,,,,
8476880,,Tom Wilson,Wilson,W,WSH,6830000,1,36,41.252747,78,,0,,T,0,36,6,0,0,279,18:52,0,59,0,0,,0,24,91,,2,0,0,,23,114,3754.00,12,00:00,72,0,1760000,2,189,0,,,,,
8473700,,Ryan Wilson,Wilson,D,COL,500000,0,,,,,0,,R,,,,,0,,,0,37,0,0,,0,,,,,,0,,,,,,,,,0,,,,,,,,
8474569,,Colin Wilson,Wilson,C,COL,500000,0,,,,,0,,C,,,,,0,,,0,37,0,0,,0,,,,,,0,,,,,,,,,0,,,,,,,,
8475253,,Garrett Wilson,Wilson,W,TOR,500000,0,,,,,0,,G,,,,,0,,,0,57,0,0,,0,,,,,,0,,,,,,,,,0,,,,,,,,
8476293,,Scott Wilson,Wilson,C,FLA,500000,0,,,,,0,,S,,,,,0,,,0,42,0,0,,0,,,,,,0,,,,,,,,,0,,,,,,,,
8478155,,Cole Wilson,Wilson,W,WSH,500000,0,,,,,0,,C,,,,,0,,,0,59,0,0,,0,,,,,,0,,,,,,,,,0,,,,,,,,
8480409,,Stu Wilson,Wilson,W,MIN,500000,0,,,,,0,,S,,,,,0,,,0,44,0,0,,0,,,,,,0,,,,,,,,,0,,,,,,,,
8481135,,Hudson Wilson,Wilson,D,ARI,500000,0,,,,,0,,H,,,,,0,,,0,52,0,0,,0,,,,,,0,,,,,,,,,0,,,,,,,,
8483418,,Jacob Wilson,Wilson,D,BOS,500000,0,,,,,0,,J,,,,,0,,,0,32,0,0,,0,,,,,,0,,,,,,,,,,,,,,,,,
8482482,,Adam Wilsby,Wilsby,D,NSH,1660000,1,4,13.347826,15,,0,,A,0,1,0,0,0,18,18:06,0,48,0,0,,0,12,23,,0,0,0,,3,6,307.00,0,00:00,5,0,1160000,0,34,0,,,,,
8478521,,Matt Willows,Willows,W,CAR,500000,0,,,,,0,,M,,,,,0,,,0,35,0,0,,0,,,,,,0,,,,,,,,,0,,,,,,,,
8479645,,Brody Willms,Willms,G,LAK,500000,0,,,,,0,,B,,,,,0,,,0,43,0,0,,0,,,,,,0,,,,,,,,,0,,,,,,,,
8478051,,Maxwell Willman,Willman,C,NJD,500000,1,,,,,0,,M,,,,,0,,,0,49,0,0,,0,,,,,,0,,,,,,,,,0,,,,,,,,
8484412,,Joey Willis,Willis,C,NSH,500000,1,,,,,0,,J,,,,,0,,,0,48,0,0,,0,,,,,,0,,,,,,,,,,,,,,,,,
8477315,,Mike Williamson,Williamson,D,VAN,500000,0,,,,,0,,M,,,,,0,,,0,58,0,0,,0,,,,,,0,,,,,,,,,0,,,,,,,,
8485469,,Jack Williams,Williams,W,CBJ,500000,1,,,,,0,,J,,,,,0,,,0,38,0,0,,0,,,,,,0,,,,,,,,,,,,,,,,,
8468508,,Justin Williams,Williams,W,CAR,500000,0,,,,,0,,J,,,,,0,,,0,35,0,0,,0,,,,,,0,,,,,,,,,-420000,,,,,,,,
8477431,,Stephon Williams,Williams,G,NYI,500000,0,,,,,0,,S,,,,,0,,,0,46,0,0,,0,,,,,,0,,,,,,,,,0,,,,,,,,
8478894,,Colby Williams,Williams,D,WSH,500000,0,,,,,0,,C,,,,,0,,,0,59,0,0,,0,,,,,,0,,,,,,,,,0,,,,,,,,
8479488,,Jay Williams,Williams,G,WSH,500000,0,,,,,0,,J,,,,,0,,,0,59,0,0,,0,,,,,,0,,,,,,,,,0,,,,,,,,
8477023,,Reece Willcox,Willcox,D,PHI,500000,0,,,,,0,,R,,,,,0,,,0,51,0,0,,0,,,,,,0,,,,,,,,,0,,,,,,,,
8484240,,Tom Willander,Willander,D,VAN,500000,1,,,,,0,,T,,,,,0,,,0,58,0,0,,0,,,,,,0,,,,,,,,,,,,,,,,,
8477914,,Roman Will,Will,G,COL,500000,0,,,,,0,,R,,,,,0,,,0,37,0,0,,0,,,,,,0,,,,,,,,,0,,,,,,,,
8481512,,Josh Wilkins,Wilkins,C,NSH,500000,0,,,,,0,,J,,,,,0,,,0,48,0,0,,0,,,,,,0,,,,,,,,,0,,,,,,,,
8478885,,Christopher Wilkie,Wilkie,W,OTT,500000,0,,,,,0,,C,,,,,0,,,0,50,0,0,,0,,,,,,0,,,,,,,,,0,,,,,,,,
8480826,,Bode Wilde,Wilde,D,NYI,500000,0,,,,,0,,B,,,,,0,,,0,46,0,0,,0,,,,,,0,,,,,,,,,0,,,,,,,,
8476330,,Adam Wilcox,Wilcox,G,BUF,500000,0,,,,,0,,A,,,,,0,,,0,33,0,0,,0,,,,,,0,,,,,,,,,0,,,,,,,,
8477044,,Mikael Wikstrand,Wikstrand,D,OTT,500000,0,,,,,0,,M,,,,,0,,,0,50,0,0,,0,,,,,,0,,,,,,,,,0,,,,,,,,
8484411,,Albert Wikman,Wikman,D,FLA,500000,1,,,,,0,,A,,,,,0,,,0,42,0,0,,0,,,,,,0,,,,,,,,,,,,,,,,,
8482103,,Ozzy Wiesblatt,Wiesblatt,W,NSH,1270000,1,1,15.000000,3,,0,,O,0,0,0,0,0,13,11:06,0,48,0,0,,0,1,5,,0,0,0,,1,0,75.00,0,00:00,1,0,770000,0,4,0,,,,,
8484537,,Oasiz Wiesblatt,Wiesblatt,C,NSH,500000,1,,,,,0,,O,,,,,0,,,0,48,0,0,,0,,,,,,0,,,,,,,,,,,,,,,,,
8474605,,Patrick Wiercioch,Wiercioch,D,VAN,500000,0,,,,,0,,P,,,,,0,,,0,58,0,0,,0,,,,,,0,,,,,,,,,0,,,,,,,,
8479538,,Manuel Wiederer,Wiederer,W,SJS,500000,0,,,,,0,,M,,,,,0,,,0,54,0,0,,0,,,,,,0,,,,,,,,,0,,,,,,,,
8483709,,Abram Wiebe,Wiebe,D,VGK,500000,1,,,,,0,,A,,,,,0,,,0,62,0,0,,0,,,,,,0,,,,,,,,,,,,,,,,,
8484110,,Jaxsen Wiebe,Wiebe,W,ANA,500000,1,,,,,0,,J,,,,,0,,,0,31,0,0,,0,,,,,,0,,,,,,,,,,,,,,,,,
8469770,,Dennis Wideman,Wideman,D,CAL,500000,0,,,,,0,,D,,,,,0,,,0,34,0,0,,0,,,,,,0,,,,,,,,,0,,,,,,,,
8475227,,Chris Wideman,Wideman,D,MTL,500000,0,,,,,0,,C,,,,,0,,,0,45,0,0,,0,,,,,,0,,,,,,,,,0,,,,,,,,
8478533,,Alexander Wideman,Wideman,W,OTT,500000,0,,,,,0,,A,,,,,0,,,0,50,0,0,,0,,,,,,0,,,,,,,,,0,,,,,,,,
8482735,,Cameron Whynot,Whynot,D,CAL,500000,0,,,,,0,,C,,,,,0,,,0,34,0,0,,0,,,,,,0,,,,,,,,,0,,,,,,,,
8476227,,Joe Whitney,Whitney,W,COL,500000,0,,,,,0,,J,,,,,0,,,0,37,0,0,,0,,,,,,0,,,,,,,,,0,,,,,,,,
8484239,,William Whitelaw,Whitelaw,W,CBJ,500000,1,,,,,0,,W,,,,,0,,,0,38,0,0,,0,,,,,,0,,,,,,,,,,,,,,,,,
8483523,,Cameron Whitehead,Whitehead,G,VGK,500000,1,,,,,0,,C,,,,,0,,,0,62,0,0,,0,,,,,,0,,,,,,,,,,,,,,,,,
8480727,,Zach Whitecloud,Whitecloud,D,VGK,2380000,1,11,14.447059,116,,0,,Z,0,4,0,0,0,143,17:31,0,62,0,0,,0,25,85,,0,0,0,,4,45,1228.00,0,00:00,15,0,-340000,0,80,0,,,,,
8478400,,Colin White,White,C,SJS,500000,1,0,-0.666667,1,,0,,C,0,0,0,0,0,2,07:18,0,54,0,0,,0,2,3,,0,0,0,,-1,0,-2.00,0,00:00,0,0,-1610000,0,1,0,,,,,
8478841,,Colton White,White,D,NJD,500000,1,,,,,0,,C,,,,,0,,,0,49,0,0,,0,,,,,,0,,,,,,,,,0,,,,,,,,
8483059,,Gavin White,White,D,DAL,500000,1,,,,,0,,G,,,,,0,,,0,39,0,0,,0,,,,,,0,,,,,,,,,,,,,,,,,
8473466,,Ryan White,White,C,MIN,500000,0,,,,,0,,R,,,,,0,,,0,44,0,0,,0,,,,,,0,,,,,,,,,0,,,,,,,,
8478167,,Jackson Whistle,Whistle,G,VAN,500000,0,,,,,0,,J,,,,,0,,,0,58,0,0,,0,,,,,,0,,,,,,,,,0,,,,,,,,
8485040,,John Whipple,Whipple,D,DET,500000,1,,,,,0,,J,,,,,0,,,0,40,0,0,,0,,,,,,0,,,,,,,,,,,,,,,,,
8471218,,Blake Wheeler,Wheeler,W,NYR,500000,0,,,,,0,,B,,,,,0,,,0,47,0,0,,0,,,,,,0,,,,,,,,,-4220000,,,,,,,,
8484124,,Chase Wheatcroft,Wheatcroft,C,DAL,500000,1,,,,,0,,C,,,,,0,,,0,39,0,0,,0,,,,,,0,,,,,,,,,,,,,,,,,
8480718,,Ben Wexler,Wexler,G,STL,500000,0,,,,,0,,B,,,,,0,,,0,55,0,0,,0,,,,,,0,,,,,,,,,0,,,,,,,,
8484845,,Carson Wetsch,Wetsch,W,SJS,500000,1,,,,,0,,C,,,,,0,,,0,54,0,0,,0,,,,,,0,,,,,,,,,,,,,,,,,
8477323,,Wilhelm Westlund,Westlund,D,COL,500000,0,,,,,0,,W,,,,,0,,,0,37,0,0,,0,,,,,,0,,,,,,,,,0,,,,,,,,
8478091,,David Westlund,Westlund,D,ARI,500000,0,,,,,0,,D,,,,,0,,,0,52,0,0,,0,,,,,,0,,,,,,,,,0,,,,,,,,
8481053,,Marcus Westfalt,Westfalt,C,PHI,500000,0,,,,,0,,M,,,,,0,,,0,51,0,0,,0,,,,,,0,,,,,,,,,0,,,,,,,,
8480048,,Filip Westerlund,Westerlund,D,ARI,500000,0,,,,,0,,F,,,,,0,,,0,52,0,0,,0,,,,,,0,,,,,,,,,0,,,,,,,,
8480779,,Niclas Westerholm,Westerholm,G,NSH,500000,0,,,,,0,,N,,,,,0,,,0,48,0,0,,0,,,,,,0,,,,,,,,,0,,,,,,,,
8485611,,Max Westergard,Westergard,W,PHI,500000,1,,,,,0,,M,,,,,0,,,0,51,0,0,,0,,,,,,0,,,,,,,,,,,,,,,,,
8485353,,Mason West,West,C,CHI,820000,1,,,,,0,,M,,,,,0,,,0,36,0,0,,0,,,,,,0,,,,,,,,,,,,,,,,,
8473454,,Jase Weslosky,Weslosky,G,NYI,500000,0,,,,,0,,J,,,,,0,,,0,46,0,0,,0,,,,,,0,,,,,,,,,0,,,,,,,,
8478026,,Josh Wesley,Wesley,D,CAR,500000,0,,,,,0,,J,,,,,0,,,0,35,0,0,,0,,,,,,0,,,,,,,,,0,,,,,,,,
8479530,,Adam Werner,Werner,G,CAL,500000,0,,,,,0,,A,,,,,0,,,0,34,0,0,,0,,,,,,0,,,,,,,,,0,,,,,,,,
8478460,,Zach Werenski,Werenski,D,CBJ,5720000,1,59,41.382716,115,,0,,Z,0,23,5,0,0,19,26:45,0,38,0,0,,0,31,81,,2,0,0,,12,31,3352.00,5,00:00,82,0,3100000,1,298,0,,,,,
8477505,,Alexander Wennberg,Wennberg,C,SJS,2090000,1,25,15.051948,74,,0,,A,0,10,2,0,0,30,18:51,0,54,0,0,,0,45,77,,2,0,0,,-21,14,1159.00,3,00:00,35,0,-1050000,0,82,0,,,,,
8484916,,Dylan Wendt,Wendt,W,NJD,500000,1,,,,,0,,D,,,,,0,,,0,49,0,0,,0,,,,,,0,,,,,,,,,,,,,,,,,
8476819,,Jeremy Welsh,Welsh,C,STL,500000,0,,,,,0,,J,,,,,0,,,0,55,0,0,,0,,,,,,0,,,,,,,,,0,,,,,,,,
8481146,,Nicholas Welsh,Welsh,D,BUF,500000,0,,,,,0,,N,,,,,0,,,0,33,0,0,,0,,,,,,0,,,,,,,,,0,,,,,,,,
8474892,,Eric Wellwood,Wellwood,W,PHI,500000,0,,,,,0,,E,,,,,0,,,0,51,0,0,,0,,,,,,0,,,,,,,,,0,,,,,,,,
8479380,,Dylan Wells,Wells,G,DAL,500000,0,,,,,0,,D,,,,,0,,,0,39,0,0,,0,,,,,,0,,,,,,,,,0,,,,,,,,
8480315,,Justin Wells,Wells,D,FA,500000,0,,,,,0,,J,,,,,0,,,0,0,0,0,,0,,,,,,0,,,,,,,,,0,,,,,,,,
8476407,,Andy Welinski,Welinski,D,CHI,500000,0,,,,,0,,A,,,,,0,,,0,36,0,0,,0,,,,,,0,,,,,,,,,-360000,,,,,,,,
8480261,,Linus Weissbach,Weissbach,W,BUF,500000,0,,,,,0,,L,,,,,0,,,0,33,0,0,,0,,,,,,0,,,,,,,,,0,,,,,,,,
8469457,,Stephen Weiss,Weiss,C,DET,500000,0,,,,,0,,S,,,,,0,,,0,40,0,0,,0,,,,,,0,,,,,,,,,0,,,,,,,,
8480837,,Tyler Weiss,Weiss,W,COL,500000,0,,,,,0,,T,,,,,0,,,0,37,0,0,,0,,,,,,0,,,,,,,,,0,,,,,,,,
8474668,,Dale Weise,Weise,W,MTL,500000,0,,,,,0,,D,,,,,0,,,0,45,0,0,,0,,,,,,0,,,,,,,,,0,,,,,,,,
8483522,,Jace Weir,Weir,D,VGK,500000,0,,,,,0,,J,,,,,0,,,0,62,0,0,,0,,,,,,0,,,,,,,,,,,,,,,,,
8484556,,Saige Weinstein,Weinstein,D,COL,500000,1,,,,,0,,S,,,,,0,,,0,37,0,0,,0,,,,,,0,,,,,,,,,,,,,,,,,
8479057,,Evan Weinger,Weinger,W,LAK,500000,0,,,,,0,,E,,,,,0,,,0,43,0,0,,0,,,,,,0,,,,,,,,,0,,,,,,,,
8485661,,Alexander Weiermair,Weiermair,C,VGK,500000,1,,,,,0,,A,,,,,0,,,0,62,0,0,,0,,,,,,0,,,,,,,,,,,,,,,,,
8478022,,Joe Wegwerth,Wegwerth,W,COL,500000,0,,,,,0,,J,,,,,0,,,0,37,0,0,,0,,,,,,0,,,,,,,,,0,,,,,,,,
8483611,,Mitchell Weeks,Weeks,G,CHI,500000,0,,,,,0,,M,,,,,0,,,0,36,0,0,,0,,,,,,0,,,,,,,,,,,,,,,,,
8477346,,MacKenzie Weegar,Weegar,D,CAL,4620000,1,39,32.827160,170,,0,,M,0,8,0,0,0,221,24:10,0,34,0,0,,0,27,81,,0,0,0,,18,33,2659.00,4,00:00,47,0,-630000,0,184,0,,,,,
8481685,,Matthew Wedman,Wedman,C,FLA,500000,0,,,,,0,,M,,,,,0,,,0,42,0,0,,0,,,,,,0,,,,,,,,,0,,,,,,,,
8481637,,Anton Wedin,Wedin,W,CHI,500000,0,,,,,0,,A,,,,,0,,,0,36,0,0,,0,,,,,,0,,,,,,,,,0,,,,,,,,
8475809,,Scott Wedgewood,Wedgewood,G,COL,6010000,1,0,44.840000,0,,0,,S,53,0,0,14,0,0,55:40,0,37,0,0,,0,7,25,,0,2,0,,0,0,1121.00,0,00:00,0,533,3180000,0,0,2,,91.0,,,
8481691,,McKade Webster,Webster,W,TBL,500000,1,,,,,0,,M,,,,,0,,,0,56,0,0,,0,,,,,,0,,,,,,,,,0,,,,,,,,
8470642,,Shea Weber,Weber,D,UTA,500000,1,,,,,0,,S,,,,,0,,,0,64,1,0,202501,0,,,,,,0,,,,,,,,,-3090000,,,,,,,2025-10-01,2025-10-01
8473426,,Mike Weber,Weber,D,MIN,500000,0,,,,,0,,M,,,,,0,,,0,44,0,0,,0,,,,,,0,,,,,,,,,0,,,,,,,,
8474134,,Yannick Weber,Weber,D,NSH,500000,0,,,,,0,,Y,,,,,0,,,0,48,0,0,,0,,,,,,0,,,,,,,,,0,,,,,,,,
8481570,,Cade Webber,Webber,D,TOR,500000,1,,,,,0,,C,,,,,0,,,0,57,0,0,,0,,,,,,0,,,,,,,,,0,,,,,,,,
8480241,,Reilly Webb,Webb,D,DET,500000,0,,,,,0,,R,,,,,0,,,0,40,0,0,,0,,,,,,0,,,,,,,,,0,,,,,,,,
8468478,,Mike Weaver,Weaver,D,MTL,500000,0,,,,,0,,M,,,,,0,,,0,45,0,0,,0,,,,,,0,,,,,,,,,0,,,,,,,,
8481061,,Jasper Weatherby,Weatherby,C,DET,500000,0,,,,,0,,J,,,,,0,,,0,40,0,0,,0,,,,,,0,,,,,,,,,0,,,,,,,,
8475738,,Jordan Weal,Weal,C,MTL,500000,0,,,,,0,,J,,,,,0,,,0,45,0,0,,0,,,,,,0,,,,,,,,,0,,,,,,,,
8475766,,Austin Watson,Watson,W,DET,1600000,1,0,18.307692,2,,0,,A,0,3,0,0,0,36,07:51,0,40,0,0,,0,6,13,,0,0,0,,1,17,238.00,0,00:00,3,0,-810000,0,13,0,,,,,
8477004,,Clifford Watson,Watson,D,SJS,500000,0,,,,,0,,C,,,,,0,,,0,54,0,0,,0,,,,,,0,,,,,,,,,0,,,,,,,,
8478135,,Spencer Watson,Watson,W,CHI,500000,0,,,,,0,,S,,,,,0,,,0,36,0,0,,0,,,,,,0,,,,,,,,,0,,,,,,,,
8478931,,Jamal Watson,Watson,W,MTL,500000,0,,,,,0,,J,,,,,0,,,0,45,0,0,,0,,,,,,0,,,,,,,,,0,,,,,,,,
8481667,,Keean Washkurak,Washkurak,C,STL,500000,0,,,,,0,,K,,,,,0,,,0,55,0,0,,0,,,,,,0,,,,,,,,,0,,,,,,,,
8485512,,Tim Washe,Washe,C,ANA,550000,1,,,,,0,,T,,,,,0,,,0,31,0,0,,0,,,,,,0,,,,,,,,,,,,,,,,,
8474660,,David Warsofsky,Warsofsky,D,TOR,500000,0,,,,,0,,D,,,,,0,,,0,57,0,0,,0,,,,,,0,,,,,,,,,0,,,,,,,,
8481569,,Marshall Warren,Warren,D,NYI,500000,1,,,,,0,,M,,,,,0,,,0,46,0,0,,0,,,,,,0,,,,,,,,,0,,,,,,,,
8483521,,Noah Warren,Warren,D,ANA,500000,1,,,,,0,,N,,,,,0,,,0,31,0,0,,0,,,,,,0,,,,,,,,,,,,,,,,,
8478429,,Brendan Warren,Warren,W,PHI,500000,0,,,,,0,,B,,,,,0,,,0,51,0,0,,0,,,,,,0,,,,,,,,,0,,,,,,,,
8478551,,Sam Warning,Warning,W,MIN,500000,0,,,,,0,,S,,,,,0,,,0,44,0,0,,0,,,,,,0,,,,,,,,,0,,,,,,,,
8478208,,Hunter Warner,Warner,D,MIN,500000,0,,,,,0,,H,,,,,0,,,0,44,0,0,,0,,,,,,0,,,,,,,,,0,,,,,,,,
8480301,,Will Warm,Warm,D,FA,500000,0,,,,,0,,W,,,,,0,,,0,0,0,0,,0,,,,,,0,,,,,,,,,0,,,,,,,,
8483406,,Taylor Ward,Ward,W,LAK,500000,1,0,49.000000,0,,0,,T,0,1,0,0,0,3,14:52,0,43,0,0,,0,1,1,,0,0,0,,0,0,49.00,1,00:00,1,0,,0,4,0,,,,,
8468208,,Joel Ward,Ward,W,SJS,500000,0,,,,,0,,J,,,,,0,,,0,54,0,0,,0,,,,,,0,,,,,,,,,0,,,,,,,,
8470320,,Cam Ward,Ward,G,CHI,500000,0,,,,,0,,C,,,,,0,,,0,36,0,0,,0,,,,,,0,,,,,,,,,0,,,,,,,,
8482983,,Mason Ward,Ward,D,DET,500000,0,,,,,0,,M,,,,,0,,,0,40,0,0,,0,,,,,,0,,,,,,,,,0,,,,,,,,
8483777,,Matthew Ward,Ward,W,TOR,500000,0,,,,,0,,M,,,,,0,,,0,57,0,0,,0,,,,,,0,,,,,,,,,,,,,,,,,
8482902,,Maximus Wanner,Wanner,D,BOS,500000,1,,,,,0,,M,,,,,0,,,0,32,0,0,,0,,,,,,0,,,,,,,,,0,,,,,,,,
8485354,,Haoxi (Simon) Wang,Wang,D,SJS,500000,1,,,,,0,,H,,,,,0,,,0,54,0,0,,0,,,,,,0,,,,,,,,,,,,,,,,,
8485805,,Matthew Wang,Wang,W,MTL,500000,1,,,,,0,,M,,,,,0,,,0,45,0,0,,0,,,,,,0,,,,,,,,,,,,,,,,,
8471807,,Tom Wandell,Wandell,C,SJS,500000,0,,,,,0,,T,,,,,0,,,0,54,0,0,,0,,,,,,0,,,,,,,,,0,,,,,,,,
8485070,,Kieron Walton,Walton,C,WPG,500000,1,,,,,0,,K,,,,,0,,,0,60,0,0,,0,,,,,,0,,,,,,,,,,,,,,,,,
8485195,,Conor Walton,Walton,D,CBJ,500000,0,,,,,0,,C,,,,,0,,,0,38,0,0,,0,,,,,,0,,,,,,,,,,,,,,,,,
8481730,,Isak Walther,Walther,W,NSH,500000,1,,,,,0,,I,,,,,0,,,0,48,0,0,,0,,,,,,0,,,,,,,,,0,,,,,,,,
8480286,,Erik Walli Walterholm,Walterholm,W,ARI,500000,0,,,,,0,,E,,,,,0,,,0,52,0,0,,0,,,,,,0,,,,,,,,,0,,,,,,,,
8484467,,Ryan Walsh,Walsh,C,BOS,500000,1,,,,,0,,R,,,,,0,,,0,32,0,0,,0,,,,,,0,,,,,,,,,,,,,,,,,
8478219,,Jared Walsh,Walsh,D,LAK,500000,0,,,,,0,,J,,,,,0,,,0,43,0,0,,0,,,,,,0,,,,,,,,,0,,,,,,,,
8480054,,Reilly Walsh,Walsh,D,LAK,500000,0,,,,,0,,R,,,,,0,,,0,43,0,0,,0,,,,,,0,,,,,,,,,0,,,,,,,,
8478013,,Jake Walman,Walman,D,EDM,4980000,1,41,29.068966,181,,0,,J,0,9,1,0,0,94,22:07,0,41,1,0,20250928,0,41,87,,0,0,0,,13,54,2529.00,0,00:00,50,0,4000000,0,201,0,,,,2025-09-27,2025-09-27
8482661,,Jesper Wallstedt,Wallstedt,G,MIN,500000,1,0,-17.000000,0,,0,,J,8,0,0,0,0,0,58:43,0,44,0,0,,0,2,2,,0,0,0,,0,0,-34.00,0,00:00,0,43,0,0,0,0,,84.3,,,
8478027,,Lucas Wallmark,Wallmark,C,FLA,500000,0,,,,,0,,L,,,,,0,,,0,42,0,0,,0,,,,,,0,,,,,,,,,-320000,,,,,,,,
8482171,,William Wallinder,Wallinder,D,DET,500000,1,,,,,0,,W,,,,,0,,,0,40,0,0,,0,,,,,,0,,,,,,,,,0,,,,,,,,
8484763,,Leo Sahlin Wallenius,Wallenius,D,SJS,500000,1,,,,,0,,L,,,,,0,,,0,54,0,0,,0,,,,,,0,,,,,,,,,,,,,,,,,
8485032,,Eerik Wallenius,Wallenius,D,OTT,500000,1,,,,,0,,E,,,,,0,,,0,50,0,0,,0,,,,,,0,,,,,,,,,,,,,,,,,
8483757,,Theo Wallberg,Wallberg,D,OTT,500000,1,,,,,0,,T,,,,,0,,,0,50,0,0,,0,,,,,,0,,,,,,,,,,,,,,,,,
8479596,,Tyler Wall,Wall,G,NYR,500000,0,,,,,0,,T,,,,,0,,,0,47,0,0,,0,,,,,,0,,,,,,,,,0,,,,,,,,
8481756,,Kevin Wall,Wall,W,CAR,500000,0,,,,,0,,K,,,,,0,,,0,35,0,0,,0,,,,,,0,,,,,,,,,0,,,,,,,,
8477573,,Nathan Walker,Walker,W,STL,3700000,1,9,21.312500,70,,0,,N,0,11,0,0,0,322,12:20,0,55,0,0,,0,28,80,,0,0,0,,0,85,1705.00,0,00:00,20,0,3070000,0,83,0,,,,,
8480267,,Samuel Walker,Walker,C,MIN,500000,1,,,,,0,,S,,,,,0,,,0,44,0,0,,0,,,,,,0,,,,,,,,,0,,,,,,,,
8480336,,Sean Walker,Walker,D,CAR,2330000,1,13,13.776596,98,,0,,S,0,6,0,0,0,106,17:02,0,35,0,0,,0,32,94,,0,0,0,,-7,48,1295.00,0,00:00,19,0,250000,0,169,0,,,,,
8473487,,Julian Walker,Walker,W,MIN,500000,0,,,,,0,,J,,,,,0,,,0,44,0,0,,0,,,,,,0,,,,,,,,,0,,,,,,,,
8475415,,Luke Walker,Walker,W,COL,500000,0,,,,,0,,L,,,,,0,,,0,37,0,0,,0,,,,,,0,,,,,,,,,0,,,,,,,,
8478978,,Jonathan Walker,Walker,W,MIN,500000,0,,,,,0,,J,,,,,0,,,0,44,0,0,,0,,,,,,0,,,,,,,,,0,,,,,,,,
8482969,,Cooper Walker,Walker,C,DET,500000,0,,,,,0,,C,,,,,0,,,0,40,0,0,,0,,,,,,0,,,,,,,,,0,,,,,,,,
8480232,,Sebastian Walfridsson,Walfridsson,D,WSH,500000,0,,,,,0,,S,,,,,0,,,0,59,0,0,,0,,,,,,0,,,,,,,,,0,,,,,,,,
8480189,,Scott Walford,Walford,D,TBL,500000,0,,,,,0,,S,,,,,0,,,0,56,0,0,,0,,,,,,0,,,,,,,,,0,,,,,,,,
8478069,,Daniel Walcott,Walcott,W,TBL,500000,0,,,,,0,,D,,,,,0,,,0,56,0,0,,0,,,,,,0,,,,,,,,,-470000,,,,,,,,
8483924,,Dalyn Wakely,Wakely,C,EDM,500000,1,,,,,0,,D,,,,,0,,,0,41,0,0,,0,,,,,,0,,,,,,,,,,,,,,,,,
8480789,,Oliver Wahlstrom,Wahlstrom,W,BOS,1370000,1,3,10.534884,28,,0,,O,0,3,1,0,0,34,10:14,0,32,0,0,,0,15,43,,0,0,0,,-6,37,453.00,0,00:00,6,0,-2180000,0,54,0,,,,,
8484238,,Anton Wahlberg,Wahlberg,C,BUF,500000,1,,,,,0,,A,,,,,0,,,0,33,0,0,,0,,,,,,0,,,,,,,,,,,,,,,,,
8475780,,Chris Wagner,Wagner,W,COL,820000,1,0,6.535714,13,,0,,C,0,1,0,0,0,57,07:06,0,37,0,0,,0,13,28,,0,0,0,,-8,14,183.00,0,00:00,1,0,-730000,0,28,0,,,,,
8483520,,Fabian Wagner,Wagner,C,WPG,500000,1,,,,,0,,F,,,,,0,,,0,60,0,0,,0,,,,,,0,,,,,,,,,,,,,,,,,
8478455,,Austin Wagner,Wagner,W,CHI,500000,0,,,,,0,,A,,,,,0,,,0,36,0,0,,0,,,,,,0,,,,,,,,,-870000,,,,,,,,
8484372,,Ludovic Waeber,Waeber,G,FLA,500000,0,,,,,0,,L,,,,,0,,,0,42,0,0,,0,,,,,,0,,,,,,,,,,,,,,,,,
8481143,,Justin Wade,Wade,D,CBJ,500000,0,,,,,0,,J,,,,,0,,,0,38,0,0,,0,,,,,,0,,,,,,,,,0,,,,,,,,
8482884,,Semyon Vyazovoi,Vyazovoi,G,SEA,500000,1,,,,,0,,S,,,,,0,,,0,63,0,0,,0,,,,,,0,,,,,,,,,0,,,,,,,,
8485031,,Oskar Vuollet,Vuollet,W,CAR,500000,1,,,,,0,,O,,,,,0,,,0,35,0,0,,0,,,,,,0,,,,,,,,,,,,,,,,,
8481583,,Michael Vukojevic,Vukojevic,D,NJD,500000,0,,,,,0,,M,,,,,0,,,0,49,0,0,,0,,,,,,0,,,,,,,,,0,,,,,,,,
8482669,,Joe Vrbetic,Vrbetic,G,MTL,500000,0,,,,,0,,J,,,,,0,,,0,45,0,0,,0,,,,,,0,,,,,,,,,0,,,,,,,,
8468085,,Radim Vrbata,Vrbata,W,FLA,500000,0,,,,,0,,R,,,,,0,,,0,42,0,0,,0,,,,,,0,,,,,,,,,0,,,,,,,,
8477944,,Jakub Vrana,Vrana,W,NSH,2000000,1,5,15.589744,8,,0,,J,0,9,4,0,0,19,10:21,0,48,0,0,,0,15,39,,0,0,0,,-4,10,608.00,4,00:00,14,0,-1820000,0,47,0,,,,,
8474594,,Slava Voynov,Voynov,D,LAK,500000,0,,,,,0,,S,,,,,0,,,0,43,0,0,,0,,,,,,0,,,,,,,,,0,,,,,,,,
8470764,,Pavel Voroshnin,Voroshnin,D,BUF,500000,0,,,,,0,,P,,,,,0,,,0,33,0,0,,0,,,,,,0,,,,,,,,,0,,,,,,,,
8481716,,Dmitri Voronkov,Voronkov,W,CBJ,3980000,1,24,29.109589,45,,0,,D,0,22,1,0,0,71,16:47,0,38,0,0,,0,30,73,,0,0,0,,17,55,2125.00,8,00:00,46,0,3480000,0,154,0,,,,,
8482945,,Ivan Vorobyov,Vorobyov,W,STL,500000,1,,,,,0,,I,,,,,0,,,0,55,0,0,,0,,,,,,0,,,,,,,,,0,,,,,,,,
8478844,,Mikhail Vorobyov,Vorobyov,C,PHI,500000,0,,,,,0,,M,,,,,0,,,0,51,0,0,,0,,,,,,0,,,,,,,,,0,,,,,,,,
8471369,,Dmitri Vorobiev,Vorobiev,D,TOR,500000,0,,,,,0,,D,,,,,0,,,0,57,0,0,,0,,,,,,0,,,,,,,,,0,,,,,,,,
8474161,,Jakub Voracek,Voracek,W,ARI,500000,0,,,,,0,,J,,,,,0,,,0,52,0,0,,0,,,,,,0,,,,,,,,,-2850000,,,,,,,,
8483754,,Jakub Vondras,Vondras,G,CAR,500000,1,,,,,0,,J,,,,,0,,,0,35,0,0,,0,,,,,,0,,,,,,,,,,,,,,,,,
8480233,,Tomas Vomacka,Vomacka,G,NSH,500000,0,,,,,0,,T,,,,,0,,,0,48,0,0,,0,,,,,,0,,,,,,,,,0,,,,,,,,
8485186,,Jack Van Volsen,Volsen,C,CBJ,500000,0,,,,,0,,J,,,,,0,,,0,38,0,0,,0,,,,,,0,,,,,,,,,,,,,,,,,
8475619,,Aaron Volpatti,Volpatti,W,WSH,500000,0,,,,,0,,A,,,,,0,,,0,59,0,0,,0,,,,,,0,,,,,,,,,0,,,,,,,,
8484424,,Yevgeni Volokhin,Volokhin,G,MTL,500000,1,,,,,0,,Y,,,,,0,,,0,45,0,0,,0,,,,,,0,,,,,,,,,,,,,,,,,
8479549,,Konstantin Volkov,Volkov,G,NSH,500000,1,,,,,0,,K,,,,,0,,,0,48,0,0,,0,,,,,,0,,,,,,,,,0,,,,,,,,
8470717,,Konstantin Volkov,Volkov,W,TOR,500000,0,,,,,0,,K,,,,,0,,,0,57,0,0,,0,,,,,,0,,,,,,,,,0,,,,,,,,
8470835,,Igor Volkov,Volkov,W,NYI,500000,0,,,,,0,,I,,,,,0,,,0,46,0,0,,0,,,,,,0,,,,,,,,,0,,,,,,,,
8480186,,Alexander Volkov,Volkov,W,ANA,500000,0,,,,,0,,A,,,,,0,,,0,31,0,0,,0,,,,,,0,,,,,,,,,-1330000,,,,,,,,
8468501,,Anton Volchenkov,Volchenkov,D,NSH,500000,0,,,,,0,,A,,,,,0,,,0,48,0,0,,0,,,,,,0,,,,,,,,,0,,,,,,,,
8482880,,Ty Voit,Voit,W,TOR,500000,0,,,,,0,,T,,,,,0,,,0,57,0,0,,0,,,,,,0,,,,,,,,,0,,,,,,,,
8485626,,Luke Vlooswyk,Vlooswyk,D,PHI,500000,1,,,,,0,,L,,,,,0,,,0,51,0,0,,0,,,,,,0,,,,,,,,,,,,,,,,,
8484849,,Lucas Van Vliet,Vliet,C,VGK,500000,1,,,,,0,,L,,,,,0,,,0,62,0,0,,0,,,,,,0,,,,,,,,,,,,,,,,,
8483786,,Noah Van Vliet,Vliet,D,TOR,500000,0,,,,,0,,N,,,,,0,,,0,57,0,0,,0,,,,,,0,,,,,,,,,,,,,,,,,
8471709,,Marc-Edouard Vlasic,Vlasic,D,SJS,500000,1,2,3.888889,38,,0,,M,0,1,0,0,0,4,14:38,0,54,0,0,,0,16,27,,0,0,0,,-10,2,105.00,0,00:00,3,0,-410000,0,20,0,,,,,
8481568,,Alex Vlasic,Vlasic,D,CHI,2010000,1,26,14.317073,142,,0,,A,0,4,0,0,0,59,23:16,0,36,1,0,20250930,0,45,82,,0,0,0,,-23,12,1174.00,1,00:00,30,0,1510000,0,103,0,,,,2025-09-29,2025-09-29
8478435,,Dan Vladar,Vladar,G,CAL,4290000,1,1,36.133333,0,,0,,D,83,0,0,12,0,0,59:22,0,34,0,0,,0,12,30,,0,6,0,,0,0,1084.00,0,00:00,1,727,2230000,0,0,2,,89.8,,,
8483124,,Reece Vitelli,Vitelli,C,ARI,500000,0,,,,,0,,R,,,,,0,,,0,52,0,0,,0,,,,,,0,,,,,,,,,0,,,,,,,,
8471856,,Joe Vitale,Vitale,C,DET,500000,0,,,,,0,,J,,,,,0,,,0,40,0,0,,0,,,,,,0,,,,,,,,,0,,,,,,,,
8468598,,Lubomir Visnovsky,Visnovsky,D,NYI,500000,0,,,,,0,,L,,,,,0,,,0,46,0,0,,0,,,,,,0,,,,,,,,,0,,,,,,,,
8470862,,Albert Vishnyakov,Vishnyakov,W,TBL,500000,0,,,,,0,,A,,,,,0,,,0,56,0,0,,0,,,,,,0,,,,,,,,,0,,,,,,,,
8477937,,Jake Virtanen,Virtanen,W,VAN,500000,0,,,,,0,,J,,,,,0,,,0,58,0,0,,0,,,,,,0,,,,,,,,,-1240000,,,,,,,,
8480200,,Santeri Virtanen,Virtanen,C,WPG,500000,0,,,,,0,,S,,,,,0,,,0,60,0,0,,0,,,,,,0,,,,,,,,,0,,,,,,,,
8480273,,Patrik Virta,Virta,C,NYR,500000,0,,,,,0,,P,,,,,0,,,0,47,0,0,,0,,,,,,0,,,,,,,,,0,,,,,,,,
8482163,,Eemil Viro,Viro,D,DET,500000,1,,,,,0,,E,,,,,0,,,0,40,0,0,,0,,,,,,0,,,,,,,,,0,,,,,,,,
8484881,,Eemil Vinni,Vinni,G,EDM,500000,1,,,,,0,,E,,,,,0,,,0,41,0,0,,0,,,,,,0,,,,,,,,,,,,,,,,,
8475266,,Tomas Vincour,Vincour,C,COL,500000,0,,,,,0,,T,,,,,0,,,0,37,0,0,,0,,,,,,0,,,,,,,,,0,,,,,,,,
8484123,,Anthony Vincent,Vincent,W,SJS,500000,0,,,,,0,,A,,,,,0,,,0,54,0,0,,0,,,,,,0,,,,,,,,,,,,,,,,,
8483771,,Sandis Vilmanis,Vilmanis,W,FLA,500000,1,,,,,0,,S,,,,,0,,,0,42,0,0,,0,,,,,,0,,,,,,,,,,,,,,,,,
8482174,,William Villeneuve,Villeneuve,D,TOR,500000,1,,,,,0,,W,,,,,0,,,0,57,0,0,,0,,,,,,0,,,,,,,,,0,,,,,,,,
8484760,,Nathan Villeneuve,Villeneuve,C,SEA,500000,1,,,,,0,,N,,,,,0,,,0,63,0,0,,0,,,,,,0,,,,,,,,,,,,,,,,,
8480191,,Matt Villalta,Villalta,G,UTA,2130000,1,0,59.000000,0,,0,,M,3,0,0,1,0,0,01:00,0,64,0,0,,0,0,1,,0,0,0,,0,0,59.00,0,00:00,0,27,1630000,0,0,0,,90.0,,,
8482873,,Topias Vilen,Vilen,D,NJD,500000,1,,,,,0,,T,,,,,0,,,0,49,0,0,,0,,,,,,0,,,,,,,,,0,,,,,,,,
8480014,,Gabriel Vilardi,Vilardi,C,WPG,5210000,1,37,32.387500,58,,0,,G,0,28,7,0,0,32,18:19,0,60,0,0,,0,23,80,,0,0,0,,10,18,2591.00,13,00:00,65,0,3260000,0,151,0,,,,,
8482484,,Jesper Vikman,Vikman,G,VGK,500000,1,,,,,0,,J,,,,,0,,,0,62,0,0,,0,,,,,,0,,,,,,,,,0,,,,,,,,
8479946,,Sam Vigneault,Vigneault,C,CBJ,500000,0,,,,,0,,S,,,,,0,,,0,38,0,0,,0,,,,,,0,,,,,,,,,0,,,,,,,,
8485675,,Maxon Vig,Vig,D,MTL,500000,1,,,,,0,,M,,,,,0,,,0,45,0,0,,0,,,,,,0,,,,,,,,,,,,,,,,,
8482152,,Evan Vierling,Vierling,C,CBJ,500000,0,,,,,0,,E,,,,,0,,,0,38,0,0,,0,,,,,,0,,,,,,,,,0,,,,,,,,
8479705,,Jeffrey Viel,Viel,W,BOS,1150000,1,0,13.200000,2,,0,,J,0,0,0,0,0,12,07:41,0,32,0,0,,0,4,5,,0,0,0,,-1,14,66.00,0,00:00,0,0,530000,0,3,0,,,,,
8480318,,Sebastian Vidmar,Vidmar,W,FA,500000,0,,,,,0,,S,,,,,0,,,0,0,0,0,,0,,,,,,0,,,,,,,,,0,,,,,,,,
8475223,,Linden Vey,Vey,W,CAL,500000,0,,,,,0,,L,,,,,0,,,0,34,0,0,,0,,,,,,0,,,,,,,,,0,,,,,,,,
8476918,,Jimmy Vesey,Vesey,W,COL,960000,1,3,7.441860,12,,0,,J,0,5,0,0,0,32,10:39,0,37,0,0,,0,20,43,,0,0,0,,-4,0,320.00,0,00:00,8,0,0,0,36,0,,,,,
8478087,,Nolan Vesey,Vesey,W,EDM,500000,0,,,,,0,,N,,,,,0,,,0,41,0,0,,0,,,,,,0,,,,,,,,,0,,,,,,,,
8478082,,Tyler Vesel,Vesel,C,EDM,500000,0,,,,,0,,T,,,,,0,,,0,41,0,0,,0,,,,,,0,,,,,,,,,0,,,,,,,,
8480005,,Kristian Vesalainen,Vesalainen,W,WPG,500000,1,,,,,0,,K,,,,,0,,,0,60,0,0,,0,,,,,,0,,,,,,,,,-160000,,,,,,,,
8471346,,Kris Versteeg,Versteeg,W,CAL,500000,0,,,,,0,,K,,,,,0,,,0,34,0,0,,0,,,,,,0,,,,,,,,,0,,,,,,,,
8477614,,Jerome Verrier,Verrier,W,DET,500000,0,,,,,0,,J,,,,,0,,,0,40,0,0,,0,,,,,,0,,,,,,,,,0,,,,,,,,
8480314,,Max Veronneau,Veronneau,W,SJS,500000,0,,,,,0,,M,,,,,0,,,0,54,0,0,,0,,,,,,0,,,,,,,,,0,,,,,,,,
8477326,,Joel Vermin,Vermin,W,TBL,500000,0,,,,,0,,J,,,,,0,,,0,56,0,0,,0,,,,,,0,,,,,,,,,0,,,,,,,,
8468535,,Antoine Vermette,Vermette,C,ANA,500000,0,,,,,0,,A,,,,,0,,,0,31,0,0,,0,,,,,,0,,,,,,,,,0,,,,,,,,
8477409,,Carter Verhaeghe,Verhaeghe,C,FLA,5440000,1,49,31.788462,34,,0,,C,0,27,8,0,0,154,18:06,0,42,0,0,,0,34,104,,0,0,0,,-2,52,3306.00,9,00:00,76,0,150000,0,292,0,,,,,
8485462,,Gleb Veremyev,Veremyev,C,NYI,500000,1,,,,,0,,G,,,,,0,,,0,46,0,0,,0,,,,,,0,,,,,,,,,,,,,,,,,
8484493,,Egor Velmakin,Velmakin,G,CAR,500000,1,,,,,0,,E,,,,,0,,,0,35,0,0,,0,,,,,,0,,,,,,,,,,,,,,,,,
8480813,,Joseph Veleno,Veleno,C,CHI,1470000,1,10,10.635135,44,,0,,J,0,8,0,0,0,139,12:07,0,36,0,0,,0,31,74,,0,0,0,,-23,17,787.00,0,00:00,18,0,120000,0,75,0,,,,,
8478907,,Marcus Vela,Vela,C,SJS,500000,0,,,,,0,,M,,,,,0,,,0,54,0,0,,0,,,,,,0,,,,,,,,,0,,,,,,,,
8478872,,Karel Vejmelka,Vejmelka,G,UTA,4880000,1,1,36.482759,0,,0,,K,145,0,0,26,0,0,58:04,0,64,0,0,,0,24,58,,0,8,0,,0,0,2116.00,0,00:00,1,1358,4380000,0,0,1,,90.4,,,
8478838,,Lukas Vejdemo,Vejdemo,C,MTL,500000,0,,,,,0,,L,,,,,0,,,0,45,0,0,,0,,,,,,0,,,,,,,,,0,,,,,,,,
8483691,,Klavs Veinbergs,Veinbergs,W,TBL,500000,1,,,,,0,,K,,,,,0,,,0,56,0,0,,0,,,,,,0,,,,,,,,,,,,,,,,,
8485078,,Xavier Veilleux,Veilleux,D,NYI,500000,1,,,,,0,,X,,,,,0,,,0,46,0,0,,0,,,,,,0,,,,,,,,,,,,,,,,,
8469542,,Stephane Veilleux,Veilleux,W,MIN,500000,0,,,,,0,,S,,,,,0,,,0,44,0,0,,0,,,,,,0,,,,,,,,,0,,,,,,,,
8476380,,Yannick Veilleux,Veilleux,W,STL,500000,0,,,,,0,,Y,,,,,0,,,0,55,0,0,,0,,,,,,0,,,,,,,,,0,,,,,,,,
8483868,,William Veillette,Veillette,C,NSH,500000,0,,,,,0,,W,,,,,0,,,0,48,0,0,,0,,,,,,0,,,,,,,,,,,,,,,,,
8481001,,Veini Vehvilainen,Vehvilainen,G,CBJ,500000,0,,,,,0,,V,,,,,0,,,0,38,0,0,,0,,,,,,0,,,,,,,,,0,,,,,,,,
8484451,,Visa Vedenpaa,Vedenpaa,G,SEA,500000,1,,,,,0,,V,,,,,0,,,0,63,0,0,,0,,,,,,0,,,,,,,,,,,,,,,,,
8485038,,Mikus Vecvanags,Vecvanags,G,MTL,500000,1,,,,,0,,M,,,,,0,,,0,45,0,0,,0,,,,,,0,,,,,,,,,,,,,,,,,
8480087,,Mike Vecchione,Vecchione,W,WSH,500000,0,,,,,0,,M,,,,,0,,,0,59,0,0,,0,,,,,,0,,,,,,,,,0,,,,,,,,
8479476,,Adam Vay,Vay,G,MIN,500000,0,,,,,0,,A,,,,,0,,,0,44,0,0,,0,,,,,,0,,,,,,,,,0,,,,,,,,
8485169,,Jaxsin Vaughan,Vaughan,W,ANA,500000,0,,,,,0,,J,,,,,0,,,0,31,0,0,,0,,,,,,0,,,,,,,,,,,,,,,,,
8478366,,Frank Vatrano,Vatrano,W,ANA,3950000,1,24,28.209877,68,,0,,F,0,21,1,0,0,169,17:33,0,31,0,0,,0,37,81,,0,0,0,,-9,80,2285.00,3,00:00,45,0,60000,1,233,0,,,,,
8475222,,Sami Vatanen,Vatanen,D,DAL,500000,0,,,,,0,,S,,,,,0,,,0,39,0,0,,0,,,,,,0,,,,,,,,,-1020000,,,,,,,,
8485355,,Malte Vass,Vass,D,CBJ,500000,1,,,,,0,,M,,,,,0,,,0,38,0,0,,0,,,,,,0,,,,,,,,,,,,,,,,,
8477037,,Valeri Vasiliev,Vasiliev,D,PHI,500000,0,,,,,0,,V,,,,,0,,,0,51,0,0,,0,,,,,,0,,,,,,,,,0,,,,,,,,
8476883,,Andrei Vasilevskiy,Vasilevskiy,G,TBL,7600000,1,2,51.779412,0,,0,,A,152,0,0,39,0,0,59:22,0,56,0,0,,0,24,68,,0,5,0,,0,0,3521.00,0,00:00,2,1688,-3300000,0,0,6,,91.7,,,
8475321,,Phil Varone,Varone,C,PIT,500000,0,,,,,0,,P,,,,,0,,,0,53,0,0,,0,,,,,,0,,,,,,,,,0,,,,,,,,
8473575,,Semyon Varlamov,Varlamov,G,NYI,3170000,1,0,25.400000,0,,0,,S,29,0,0,3,0,0,01:14,0,46,0,0,,0,3,10,,0,3,0,,0,0,254.00,0,00:00,0,232,-5810000,0,0,0,,88.9,,,
8484485,,Nicholas Vantassell,Vantassell,W,OTT,500000,1,,,,,0,,N,,,,,0,,,0,50,0,0,,0,,,,,,0,,,,,,,,,,,,,,,,,
8485356,,Shane Vansaghi,Vansaghi,W,PHI,500000,1,,,,,0,,S,,,,,0,,,0,51,0,0,,0,,,,,,0,,,,,,,,,,,,,,,,,
8484908,,Lucas Vanroboys,Vanroboys,C,SJS,500000,0,,,,,0,,L,,,,,0,,,0,54,0,0,,0,,,,,,0,,,,,,,,,,,,,,,,,
8477468,,Thomas Vannelli,Vannelli,D,STL,500000,0,,,,,0,,T,,,,,0,,,0,55,0,0,,0,,,,,,0,,,,,,,,,0,,,,,,,,
8478032,,Alexis Vanier,Vanier,D,SJS,500000,0,,,,,0,,A,,,,,0,,,0,54,0,0,,0,,,,,,0,,,,,,,,,0,,,,,,,,
8485579,,Blake Vanek,Vanek,W,OTT,500000,1,,,,,0,,B,,,,,0,,,0,50,0,0,,0,,,,,,0,,,,,,,,,,,,,,,,,
8470598,,Thomas Vanek,Vanek,W,DET,500000,0,,,,,0,,T,,,,,0,,,0,40,0,0,,0,,,,,,0,,,,,,,,,0,,,,,,,,
8477970,,Vitek Vanecek,Vanecek,G,FLA,2200000,1,1,17.640000,0,,0,,V,84,0,0,5,0,0,55:45,0,42,0,0,,0,14,25,,0,4,0,,0,0,441.00,0,00:00,1,638,-3400000,0,0,1,,88.4,,,
8471762,,Chris VandeVelde,VandeVelde,C,PHI,500000,0,,,,,0,,C,,,,,0,,,0,51,0,0,,0,,,,,,0,,,,,,,,,0,,,,,,,,
8476376,,Troy Vance,Vance,D,DAL,500000,0,,,,,0,,T,,,,,0,,,0,39,0,0,,0,,,,,,0,,,,,,,,,0,,,,,,,,
8484761,,Marek Vanacker,Vanacker,W,CHI,980000,1,,,,,0,,M,,,,,0,,,0,36,0,0,,0,,,,,,0,,,,,,,,,,,,,,,,,
8479035,,Nolan Valleau,Valleau,D,CHI,500000,0,,,,,0,,N,,,,,0,,,0,36,0,0,,0,,,,,,0,,,,,,,,,0,,,,,,,,
8480852,,Giovanni Vallati,Vallati,D,WPG,500000,0,,,,,0,,G,,,,,0,,,0,60,0,0,,0,,,,,,0,,,,,,,,,0,,,,,,,,
8477583,,Curtis Valk,Valk,C,FLA,500000,0,,,,,0,,C,,,,,0,,,0,42,0,0,,0,,,,,,0,,,,,,,,,0,,,,,,,,
8485115,,Borya Valis,Valis,W,TOR,500000,1,,,,,0,,B,,,,,0,,,0,57,0,0,,0,,,,,,0,,,,,,,,,,,,,,,,,
8477642,,Rinat Valiev,Valiev,D,MTL,500000,0,,,,,0,,R,,,,,0,,,0,45,0,0,,0,,,,,,0,,,,,,,,,0,,,,,,,,
8475305,,Scott Valentine,Valentine,D,NSH,500000,0,,,,,0,,S,,,,,0,,,0,48,0,0,,0,,,,,,0,,,,,,,,,0,,,,,,,,
8479696,,Ondrej Vala,Vala,D,DAL,500000,0,,,,,0,,O,,,,,0,,,0,39,0,0,,0,,,,,,0,,,,,,,,,0,,,,,,,,
8482868,,Kalle Vaisanen,Vaisanen,W,NYR,500000,1,,,,,0,,K,,,,,0,,,0,47,0,0,,0,,,,,,0,,,,,,,,,0,,,,,,,,
8476956,,Mikko Vainonen,Vainonen,D,NSH,500000,0,,,,,0,,M,,,,,0,,,0,48,0,0,,0,,,,,,0,,,,,,,,,0,,,,,,,,
8478869,,Veeti Vainio,Vainio,D,CBJ,500000,0,,,,,0,,V,,,,,0,,,0,38,0,0,,0,,,,,,0,,,,,,,,,0,,,,,,,,
8478094,,Julius Vahatalo,Vahatalo,W,DET,500000,0,,,,,0,,J,,,,,0,,,0,40,0,0,,0,,,,,,0,,,,,,,,,0,,,,,,,,
8485768,,Mason Vaccari,Vaccari,G,CBJ,500000,1,,,,,0,,M,,,,,0,,,0,38,0,0,,0,,,,,,0,,,,,,,,,,,,,,,,,
8480001,,Urho Vaakanainen,Vaakanainen,D,NYR,1930000,1,14,14.588235,44,,0,,U,0,2,0,0,0,19,16:25,0,47,0,0,,0,23,51,,0,0,0,,8,18,744.00,0,00:00,16,0,1000000,0,42,0,,,,,
8479976,,Juuso VÃ¤limÃ¤ki,VÃ¤limÃ¤ki,D,UTA,1020000,1,3,7.837209,47,,0,,J,0,2,0,0,0,23,16:33,0,64,0,0,,0,18,43,,0,0,0,,-5,14,337.00,0,00:00,5,0,-400000,0,40,0,,,,,
8484851,,Veeti VÃ¤isÃ¤nen,VÃ¤isÃ¤nen,D,UTA,500000,1,,,,,0,,V,,,,,0,,,0,64,0,0,,0,,,,,,0,,,,,,,,,,,,,,,,,
8485076,,Joona VÃ¤isÃ¤nen,VÃ¤isÃ¤nen,D,PIT,500000,1,,,,,0,,J,,,,,0,,,0,53,0,0,,0,,,,,,0,,,,,,,,,,,,,,,,,
8481066,,Toni Utunen,Utunen,D,VAN,500000,0,,,,,0,,T,,,,,0,,,0,58,0,0,,0,,,,,,0,,,,,,,,,0,,,,,,,,
8470139,,Dmitri Utkin,Utkin,W,BOS,500000,0,,,,,0,,D,,,,,0,,,0,32,0,0,,0,,,,,,0,,,,,,,,,0,,,,,,,,
8480279,,Kirill Ustimenko,Ustimenko,G,PHI,500000,0,,,,,0,,K,,,,,0,,,0,51,0,0,,0,,,,,,0,,,,,,,,,0,,,,,,,,
8478119,,Matt Ustaski,Ustaski,C,WPG,500000,0,,,,,0,,M,,,,,0,,,0,60,0,0,,0,,,,,,0,,,,,,,,,0,,,,,,,,
8485196,,Loic Usereau,Usereau,D,ANA,500000,0,,,,,0,,L,,,,,0,,,0,31,0,0,,0,,,,,,0,,,,,,,,,,,,,,,,,
8483408,,Ilya Usau,Usau,C,TBL,500000,0,,,,,0,,I,,,,,0,,,0,56,0,0,,0,,,,,,0,,,,,,,,,,,,,,,,,
8484466,,Tuomas Uronen,Uronen,W,VGK,500000,1,,,,,0,,T,,,,,0,,,0,62,0,0,,0,,,,,,0,,,,,,,,,,,,,,,,,
8485558,,Zach Urdahl,Urdahl,W,PIT,500000,1,,,,,0,,Z,,,,,0,,,0,53,0,0,,0,,,,,,0,,,,,,,,,,,,,,,,,
8475248,,Alexander Urbom,Urbom,D,NJD,500000,0,,,,,0,,A,,,,,0,,,0,49,0,0,,0,,,,,,0,,,,,,,,,0,,,,,,,,
8470105,,Scottie Upshall,Upshall,W,STL,500000,0,,,,,0,,S,,,,,0,,,0,55,0,0,,0,,,,,,0,,,,,,,,,0,,,,,,,,
8483083,,Connor Ungar,Ungar,G,EDM,500000,1,,,,,0,,C,,,,,0,,,0,41,0,0,,0,,,,,,0,,,,,,,,,0,,,,,,,,
8469469,,R.J. Umberger,Umberger,C,PHI,500000,0,,,,,0,,R,,,,,0,,,0,51,0,0,,0,,,,,,0,,,,,,,,,0,,,,,,,,
8477363,,Cole Ully,Ully,W,DAL,500000,0,,,,,0,,C,,,,,0,,,0,39,0,0,,0,,,,,,0,,,,,,,,,0,,,,,,,,
8474666,,David Ullstrom,Ullstrom,W,NYI,500000,0,,,,,0,,D,,,,,0,,,0,46,0,0,,0,,,,,,0,,,,,,,,,0,,,,,,,,
8476999,,Linus Ullmark,Ullmark,G,OTT,7070000,1,2,46.620000,0,,0,,L,130,0,0,27,0,0,56:57,0,50,0,0,,0,17,50,,0,5,0,,0,0,2331.00,0,00:00,2,1253,1820000,0,0,5,,90.6,,,
8485090,,Darels Uljanskis,Uljanskis,D,ANA,500000,1,,,,,0,,D,,,,,0,,,0,31,0,0,,0,,,,,,0,,,,,,,,,,,,,,,,,
8476339,,Dominik Uher,Uher,C,PIT,500000,0,,,,,0,,D,,,,,0,,,0,53,0,0,,0,,,,,,0,,,,,,,,,0,,,,,,,,
8482715,,Ryan Ufko,Ufko,D,NSH,500000,1,0,2.000000,0,,0,,R,0,0,0,0,0,1,15:37,0,48,0,0,,0,1,1,,0,0,0,,0,0,2.00,0,00:00,0,0,0,0,0,0,,,,,
8482098,,Zachary Uens,Uens,D,FLA,500000,0,,,,,0,,Z,,,,,0,,,0,42,0,0,,0,,,,,,0,,,,,,,,,0,,,,,,,,
8485251,,Kai Uchacz,Uchacz,C,VGK,500000,1,,,,,0,,K,,,,,0,,,0,62,0,0,,0,,,,,,0,,,,,,,,,,,,,,,,,
8483098,,Jake Uberti,Uberti,C,DET,500000,0,,,,,0,,J,,,,,0,,,0,40,0,0,,0,,,,,,0,,,,,,,,,0,,,,,,,,
8481680,,Kirill Tyutyayev,Tyutyayev,W,DET,500000,0,,,,,0,,K,,,,,0,,,0,40,0,0,,0,,,,,,0,,,,,,,,,0,,,,,,,,
8469492,,Fedor Tyutin,Tyutin,D,COL,500000,0,,,,,0,,F,,,,,0,,,0,37,0,0,,0,,,,,,0,,,,,,,,,0,,,,,,,,
8485613,,Nikita Tyurin,Tyurin,D,DET,500000,1,,,,,0,,N,,,,,0,,,0,40,0,0,,0,,,,,,0,,,,,,,,,,,,,,,,,
8470078,,Mikhail Tyulyapkin,Tyulyapkin,D,MIN,500000,0,,,,,0,,M,,,,,0,,,0,44,0,0,,0,,,,,,0,,,,,,,,,0,,,,,,,,
8479995,,Jarret Tyszka,Tyszka,D,MTL,500000,0,,,,,0,,J,,,,,0,,,0,45,0,0,,0,,,,,,0,,,,,,,,,0,,,,,,,,
8476275,,Antti Tyrvainen,Tyrvainen,W,EDM,500000,0,,,,,0,,A,,,,,0,,,0,41,0,0,,0,,,,,,0,,,,,,,,,0,,,,,,,,
8474095,,Dana Tyrell,Tyrell,C,CBJ,500000,0,,,,,0,,D,,,,,0,,,0,38,0,0,,0,,,,,,0,,,,,,,,,0,,,,,,,,
8476391,,TJ Tynan,Tynan,C,COL,630000,1,1,5.888889,4,,0,,T,0,0,0,0,0,5,07:51,0,37,0,0,,0,4,9,,0,0,0,,-1,4,53.00,0,00:00,1,0,130000,0,4,0,,,,,
8480351,,Cole Tymkin,Tymkin,W,FA,500000,0,,,,,0,,C,,,,,0,,,0,0,0,0,,0,,,,,,0,,,,,,,,,0,,,,,,,,
8480811,,Jonathan Tychonick,Tychonick,D,OTT,500000,0,,,,,0,,J,,,,,0,,,0,50,0,0,,0,,,,,,0,,,,,,,,,0,,,,,,,,
8479358,,Carsen Twarynski,Twarynski,W,SEA,500000,0,,,,,0,,C,,,,,0,,,0,63,0,0,,0,,,,,,0,,,,,,,,,0,,,,,,,,
8476357,,Marek Tvrdon,Tvrdon,W,DET,500000,0,,,,,0,,M,,,,,0,,,0,40,0,0,,0,,,,,,0,,,,,,,,,0,,,,,,,,
8482525,,Ryan Tverberg,Tverberg,C,TOR,500000,1,,,,,0,,R,,,,,0,,,0,57,0,0,,0,,,,,,0,,,,,,,,,0,,,,,,,,
8478900,,Joni Tuulola,Tuulola,D,CHI,500000,0,,,,,0,,J,,,,,0,,,0,36,0,0,,0,,,,,,0,,,,,,,,,0,,,,,,,,
8479408,,Eetu Tuulola,Tuulola,W,CAL,500000,0,,,,,0,,E,,,,,0,,,0,34,0,0,,0,,,,,,0,,,,,,,,,0,,,,,,,,
8474068,,Kyle Turris,Turris,C,EDM,500000,0,,,,,0,,K,,,,,0,,,0,41,0,0,,0,,,,,,0,,,,,,,,,-160000,,,,,,,,
8485671,,Brady Turko,Turko,W,ANA,500000,1,,,,,0,,B,,,,,0,,,0,31,0,0,,0,,,,,,0,,,,,,,,,,,,,,,,,
8477994,,Dominic Turgeon,Turgeon,C,MIN,500000,0,,,,,0,,D,,,,,0,,,0,44,0,0,,0,,,,,,0,,,,,,,,,0,,,,,,,,
8473427,,Ryan Turek,Turek,C,STL,500000,0,,,,,0,,R,,,,,0,,,0,55,0,0,,0,,,,,,0,,,,,,,,,0,,,,,,,,
8481532,,Alex Turcotte,Turcotte,C,LAK,2180000,1,16,15.394366,31,,0,,A,0,9,2,0,0,49,11:29,0,43,0,0,,0,21,71,,0,0,0,,4,20,1093.00,1,00:00,25,0,1680000,0,79,0,,,,,
8481587,,Antti Tuomisto,Tuomisto,D,DET,500000,1,,,,,0,,A,,,,,0,,,0,40,0,0,,0,,,,,,0,,,,,,,,,0,,,,,,,,
8482727,,Samu Tuomaala,Tuomaala,W,PHI,500000,1,,,,,0,,S,,,,,0,,,0,51,0,0,,0,,,,,,0,,,,,,,,,0,,,,,,,,
8470646,,Evgeni Tunik,Tunik,C,NYI,500000,0,,,,,0,,E,,,,,0,,,0,46,0,0,,0,,,,,,0,,,,,,,,,0,,,,,,,,
8485489,,Callum Tung,Tung,G,NYR,500000,1,,,,,0,,C,,,,,0,,,0,47,0,0,,0,,,,,,0,,,,,,,,,,,,,,,,,
8482151,,Tyler Tullio,Tullio,W,BUF,500000,0,,,,,0,,T,,,,,0,,,0,33,0,0,,0,,,,,,0,,,,,,,,,0,,,,,,,,
8479362,,Riley Tufte,Tufte,W,BOS,500000,1,0,0.333333,1,,0,,R,0,0,0,0,0,8,09:12,0,32,0,0,,0,2,6,,0,0,0,,-3,4,2.00,0,00:00,0,0,0,0,1,0,,,,,
8481006,,Tyler Tucker,Tucker,D,STL,2910000,1,4,18.951220,39,,0,,T,0,4,1,0,0,93,14:34,0,55,0,0,,0,14,41,,0,0,0,,4,59,777.00,0,00:00,8,0,2410000,0,38,0,,,,,
8477949,,Alex Tuch,Tuch,W,BUF,4990000,1,31,36.378049,102,,0,,A,0,36,4,0,0,73,19:15,0,33,0,0,,0,36,82,,1,0,0,,16,47,2983.00,3,00:00,67,0,440000,6,196,0,,,,,
8482134,,Luke Tuch,Tuch,W,MTL,500000,1,,,,,0,,L,,,,,0,,,0,45,0,0,,0,,,,,,0,,,,,,,,,0,,,,,,,,
8484958,,Maxim Tsyplakov,Tsyplakov,W,NYI,3030000,1,25,21.428571,39,,0,,M,0,10,1,0,0,139,14:58,0,46,0,0,,0,34,77,,0,0,0,,4,39,1650.00,1,00:00,35,0,,0,116,0,,,,,
8482701,,Sean Tschigerl,Tschigerl,W,ANA,500000,0,,,,,0,,S,,,,,0,,,0,31,0,0,,0,,,,,,0,,,,,,,,,0,,,,,,,,
8478128,,Dwyer Tschantz,Tschantz,W,STL,500000,0,,,,,0,,D,,,,,0,,,0,55,0,0,,0,,,,,,0,,,,,,,,,0,,,,,,,,
8477997,,Nikita Tryamkin,Tryamkin,D,VAN,500000,0,,,,,0,,N,,,,,0,,,0,58,0,0,,0,,,,,,0,,,,,,,,,0,,,,,,,,
8482119,,Jacob Truscott,Truscott,D,VAN,500000,0,,,,,0,,J,,,,,0,,,0,58,0,0,,0,,,,,,0,,,,,,,,,0,,,,,,,,
8474700,,Maxim Trunev,Trunev,W,MTL,500000,0,,,,,0,,M,,,,,0,,,0,45,0,0,,0,,,,,,0,,,,,,,,,0,,,,,,,,
8480384,,Alexander True,True,C,SEA,500000,0,,,,,0,,A,,,,,0,,,0,63,0,0,,0,,,,,,0,,,,,,,,,-530000,,,,,,,,
8482806,,William Trudeau,Trudeau,D,MTL,500000,1,,,,,0,,W,,,,,0,,,0,45,1,0,20250923,0,,,,,,0,,,,,,,,,0,,,,,,,2025-09-23,2025-09-23
8469611,,Yuri Trubachev,Trubachev,C,CAL,500000,0,,,,,0,,Y,,,,,0,,,0,34,0,0,,0,,,,,,0,,,,,,,,,0,,,,,,,,
8476885,,Jacob Trouba,Trouba,D,ANA,2500000,1,13,18.000000,186,,0,,J,0,1,0,0,0,162,20:31,0,31,0,0,,0,33,77,,0,0,0,,-8,66,1386.00,0,00:00,14,0,-440000,0,111,0,,,,,
8475902,,Zach Trotman,Trotman,D,PIT,500000,0,,,,,0,,Z,,,,,0,,,0,53,0,0,,0,,,,,,0,,,,,,,,,0,,,,,,,,
8474130,,Corey Tropp,Tropp,W,ANA,500000,0,,,,,0,,C,,,,,0,,,0,31,0,0,,0,,,,,,0,,,,,,,,,0,,,,,,,,
8476938,,Branden Troock,Troock,W,DAL,500000,0,,,,,0,,B,,,,,0,,,0,39,0,0,,0,,,,,,0,,,,,,,,,0,,,,,,,,
8485679,,Andrei Trofimov,Trofimov,G,OTT,500000,1,,,,,0,,A,,,,,0,,,0,50,0,0,,0,,,,,,0,,,,,,,,,,,,,,,,,
8476389,,Vincent Trocheck,Trocheck,C,NYR,4910000,1,33,35.597561,76,,0,,V,0,26,7,0,0,213,21:06,0,47,0,0,,0,36,82,,1,0,0,,0,44,2919.00,5,00:00,59,0,-240000,6,202,0,,,,,
8483550,,Bobby Trivigno,Trivigno,W,NYR,500000,0,,,,,0,,B,,,,,0,,,0,47,0,0,,0,,,,,,0,,,,,,,,,,,,,,,,,
8482167,,Bogdan Trineyev,Trineyev,W,WSH,500000,1,,,,,0,,B,,,,,0,,,0,59,0,0,,0,,,,,,0,,,,,,,,,0,,,,,,,,
8483519,,Gleb Trikozov,Trikozov,W,CAR,500000,1,,,,,0,,G,,,,,0,,,0,35,0,0,,0,,,,,,0,,,,,,,,,,,,,,,,,
8478999,,Niklas Treutle,Treutle,G,ARI,500000,0,,,,,0,,N,,,,,0,,,0,52,0,0,,0,,,,,,0,,,,,,,,,0,,,,,,,,
8485357,,Charlton Trethewey,Trethewey,D,PIT,500000,1,,,,,0,,C,,,,,0,,,0,53,0,0,,0,,,,,,0,,,,,,,,,,,,,,,,,
8478508,,Yakov Trenin,Trenin,C,MIN,2900000,1,10,17.695122,37,,0,,Y,0,7,2,0,0,272,12:18,0,44,0,0,,0,28,82,,0,0,0,,-1,54,1451.00,0,00:00,17,0,520000,2,88,0,,,,,
8483048,,Connor Trenholm,Trenholm,C,FLA,500000,0,,,,,0,,C,,,,,0,,,0,42,0,0,,0,,,,,,0,,,,,,,,,0,,,,,,,,
8482631,,Eduards Tralmaks,Tralmaks,W,DET,500000,1,,,,,0,,E,,,,,0,,,0,40,0,0,,0,,,,,,0,,,,,,,,,,,,,,,,,
8484853,,Herman Traff,Traff,W,ANA,500000,1,,,,,0,,H,,,,,0,,,0,31,0,0,,0,,,,,,0,,,,,,,,,,,,,,,,,
8481530,,Brayden Tracey,Tracey,W,ANA,500000,0,,,,,0,,B,,,,,0,,,0,31,0,0,,0,,,,,,0,,,,,,,,,0,,,,,,,,
8483092,,Miguel Tourigny,Tourigny,D,MTL,500000,0,,,,,0,,M,,,,,0,,,0,45,0,0,,0,,,,,,0,,,,,,,,,0,,,,,,,,
8484534,,Djibril Toure,Toure,D,OTT,500000,1,,,,,0,,D,,,,,0,,,0,50,0,0,,0,,,,,,0,,,,,,,,,,,,,,,,,
8468485,,Raffi Torres,Torres,W,SJS,500000,0,,,,,0,,R,,,,,0,,,0,54,0,0,,0,,,,,,0,,,,,,,,,0,,,,,,,,
8480281,,Alexey Toropchenko,Toropchenko,W,STL,3140000,1,16,17.781609,57,,0,,A,0,6,1,0,0,251,12:37,0,55,0,0,,0,31,87,,0,0,0,,6,35,1547.00,0,00:00,22,0,2640000,0,98,0,,,,,
8482139,,Daniel Torgersson,Torgersson,W,WPG,500000,0,,,,,0,,D,,,,,0,,,0,60,0,0,,0,,,,,,0,,,,,,,,,0,,,,,,,,
8480441,,Jordan Topping,Topping,W,CBJ,500000,1,,,,,0,,J,,,,,0,,,0,38,0,0,,0,,,,,,0,,,,,,,,,0,,,,,,,,
8481130,,Kyle Topping,Topping,C,SJS,500000,0,,,,,0,,K,,,,,0,,,0,54,0,0,,0,,,,,,0,,,,,,,,,0,,,,,,,,
8470841,,Sergei Topol,Topol,W,VAN,500000,0,,,,,0,,S,,,,,0,,,0,58,0,0,,0,,,,,,0,,,,,,,,,0,,,,,,,,
8469547,,Jordin Tootoo,Tootoo,W,CHI,500000,0,,,,,0,,J,,,,,0,,,0,36,0,0,,0,,,,,,0,,,,,,,,,0,,,,,,,,
8476952,,Dominic Toninato,Toninato,C,WPG,590000,1,0,5.142857,3,,0,,D,0,0,0,0,0,15,08:24,0,60,0,0,,0,3,7,,0,0,0,,-1,2,36.00,0,00:00,0,0,-120000,0,2,0,,,,,
8477035,,Matt Tomkins,Tomkins,G,TBL,500000,1,,,,,0,,M,,,,,0,,,0,56,0,0,,0,,,,,,0,,,,,,,,,0,,,,,,,,
8478489,,Matej Tomek,Tomek,G,PHI,500000,1,,,,,0,,M,,,,,0,,,0,51,0,0,,0,,,,,,0,,,,,,,,,0,,,,,,,,
8481577,,Philip Tomasino,Tomasino,W,PIT,2190000,1,13,17.311475,23,,0,,P,0,11,6,0,0,63,13:04,0,53,0,0,,0,28,61,,0,0,0,,-10,8,1056.00,3,00:00,24,0,1690000,0,105,0,,,,,
8485493,,David Tomasek,Tomasek,W,EDM,500000,1,,,,,0,,D,,,,,0,,,0,41,0,0,,0,,,,,,0,,,,,,,,,,,,,,,,,
8480009,,Eeli Tolvanen,Tolvanen,W,SEA,3330000,1,12,23.777778,62,,0,,E,0,23,3,0,0,237,14:19,0,63,0,0,,0,40,81,,0,0,0,,3,23,1926.00,2,00:00,35,0,220000,0,137,0,,,,,
8484268,,Nikita Tolopilo,Tolopilo,G,VAN,1080000,1,0,23.500000,0,,0,,N,3,0,0,1,0,0,41:50,0,58,0,0,,0,1,2,,0,0,0,,0,0,47.00,0,00:00,0,21,,0,0,0,,87.5,,,
8477566,,Sergey Tolchinsky,Tolchinsky,W,CAR,500000,0,,,,,0,,S,,,,,0,,,0,35,0,0,,0,,,,,,0,,,,,,,,,0,,,,,,,,
8474682,,Dustin Tokarski,Tokarski,G,CAR,3700000,1,0,48.833333,0,,0,,D,13,0,0,4,0,0,59:43,0,35,0,0,,0,2,6,,0,0,0,,0,0,293.00,0,00:00,0,119,1400000,0,0,1,,90.2,,,
8483719,,Riku Tohila,Tohila,C,CHI,500000,1,,,,,0,,R,,,,,0,,,0,36,0,0,,0,,,,,,0,,,,,,,,,,,,,,,,,
8475726,,Tyler Toffoli,Toffoli,C,SJS,3390000,1,24,24.358974,32,,0,,T,0,30,1,0,0,54,16:56,0,54,0,0,,0,45,78,,0,0,0,,-21,14,1900.00,6,00:00,54,0,-2140000,0,233,0,,,,,
8478038,,Devon Toews,Toews,D,COL,4500000,1,37,27.879518,112,,0,,D,0,11,4,0,0,45,24:35,0,37,0,0,,0,26,83,,2,0,0,,33,28,2314.00,1,00:00,48,0,-280000,0,143,0,,,,,
8473604,,Jonathan Toews,Toews,C,CHI,500000,0,,,,,0,,J,,,,,0,,,0,36,0,0,,0,,,,,,0,,,,,,,,,-3480000,,,,,,,,
8474632,,David Toews,Toews,C,CHI,500000,0,,,,,0,,D,,,,,0,,,0,36,0,0,,0,,,,,,0,,,,,,,,,0,,,,,,,,
8473482,,Jiri Tlusty,Tlusty,W,NJD,500000,0,,,,,0,,J,,,,,0,,,0,49,0,0,,0,,,,,,0,,,,,,,,,0,,,,,,,,
8479314,,Matthew Tkachuk,Tkachuk,W,FLA,7270000,1,50,43.226667,25,,0,,M,0,30,3,0,0,132,17:58,0,42,0,0,,0,23,75,,0,0,0,,4,87,3242.00,16,00:00,80,0,2820000,0,196,0,,,,,
8480801,,Brady Tkachuk,Tkachuk,W,OTT,7300000,1,29,44.358974,33,,0,,B,0,33,5,0,0,258,18:14,0,50,0,0,,0,27,78,,4,0,0,,2,129,3460.00,15,00:00,62,0,2540000,0,318,0,,,,,
8478250,,Vladimir Tkachev,Tkachev,W,LAK,500000,0,,,,,0,,V,,,,,0,,,0,43,0,0,,0,,,,,,0,,,,,,,,,0,,,,,,,,
8485612,,Ivan Tkach-Tkachenko,Tkach-Tkachenko,G,UTA,500000,1,,,,,0,,I,,,,,0,,,0,64,0,0,,0,,,,,,0,,,,,,,,,,,,,,,,,
8480015,,Owen Tippett,Tippett,W,PHI,3280000,1,23,23.207792,59,,0,,O,0,20,2,0,0,115,16:00,0,51,0,0,,0,35,77,,1,0,0,,-12,16,1787.00,0,00:00,43,0,610000,0,188,0,,,,,
8475797,,Jarred Tinordi,Tinordi,D,CAL,500000,1,,,,,0,,J,,,,,0,,,0,34,0,0,,0,,,,,,0,,,,,,,,,-980000,,,,,,,,
8459670,,Kimmo Timonen,Timonen,D,CHI,500000,0,,,,,0,,K,,,,,0,,,0,36,0,0,,0,,,,,,0,,,,,,,,,0,,,,,,,,
8479982,,Conor Timmins,Timmins,D,BUF,1950000,1,12,14.338235,76,,0,,C,0,3,0,0,0,55,16:55,0,33,0,0,,0,22,68,,0,0,0,,11,30,975.00,0,00:00,15,0,310000,0,69,0,,,,,
8466289,,Alexei Timkin,Timkin,W,DAL,500000,0,,,,,0,,A,,,,,0,,,0,39,0,0,,0,,,,,,0,,,,,,,,,0,,,,,,,,
8478857,,Dmytro Timashov,Timashov,W,NYI,500000,0,,,,,0,,D,,,,,0,,,0,46,0,0,,0,,,,,,0,,,,,,,,,0,,,,,,,,
8482472,,Henrik Tikkanen,Tikkanen,G,NYI,500000,1,,,,,0,,H,,,,,0,,,0,46,0,0,,0,,,,,,0,,,,,,,,,0,,,,,,,,
8474588,,Viktor Tikhonov,Tikhonov,W,ARI,500000,0,,,,,0,,V,,,,,0,,,0,52,0,0,,0,,,,,,0,,,,,,,,,0,,,,,,,,
8478890,,Frederik Tiffels,Tiffels,W,PIT,500000,0,,,,,0,,F,,,,,0,,,0,53,0,0,,0,,,,,,0,,,,,,,,,0,,,,,,,,
8476919,,Chris Tierney,Tierney,C,NJD,500000,0,,,,,0,,C,,,,,0,,,0,49,0,0,,0,,,,,,0,,,,,,,,,-1040000,,,,,,,,
8481697,,Tuukka Tieksola,Tieksola,W,CAR,500000,0,,,,,0,,T,,,,,0,,,0,35,0,0,,0,,,,,,0,,,,,,,,,0,,,,,,,,
8484442,,Arno Tiefensee,Tiefensee,G,DAL,500000,1,,,,,0,,A,,,,,0,,,0,39,0,0,,0,,,,,,0,,,,,,,,,,,,,,,,,
8479557,,Calvin Thurkauf,Thurkauf,C,CBJ,500000,0,,,,,0,,C,,,,,0,,,0,38,0,0,,0,,,,,,0,,,,,,,,,0,,,,,,,,
8481567,,Henry Thrun,Thrun,D,TOR,1060000,1,10,7.866667,61,,0,,H,0,2,0,0,0,43,17:31,0,57,0,0,,0,37,60,,0,0,0,,-23,30,472.00,0,00:00,12,0,560000,0,52,0,,,,,
8476926,,Dalton Thrower,Thrower,D,MTL,500000,0,,,,,0,,D,,,,,0,,,0,45,0,0,,0,,,,,,0,,,,,,,,,0,,,,,,,,
8484533,,Tyler Thorpe,Thorpe,W,MTL,500000,1,,,,,0,,T,,,,,0,,,0,45,0,0,,0,,,,,,0,,,,,,,,,,,,,,,,,
8483099,,Anson Thornton,Thornton,G,UTA,500000,1,,,,,0,,A,,,,,0,,,0,64,0,0,,0,,,,,,0,,,,,,,,,0,,,,,,,,
8465978,,Shawn Thornton,Thornton,W,FLA,500000,0,,,,,0,,S,,,,,0,,,0,42,0,0,,0,,,,,,0,,,,,,,,,0,,,,,,,,
8466138,,Joe Thornton,Thornton,C,FLA,500000,0,,,,,0,,J,,,,,0,,,0,42,0,0,,0,,,,,,0,,,,,,,,,-1870000,,,,,,,,
8485129,,Hudson Thornton,Thornton,D,WSH,500000,0,,,,,0,,H,,,,,0,,,0,59,0,0,,0,,,,,,0,,,,,,,,,,,,,,,,,
8469501,,Chris Thorburn,Thorburn,W,STL,500000,0,,,,,0,,C,,,,,0,,,0,55,0,0,,0,,,,,,0,,,,,,,,,0,,,,,,,,
8481575,,Lassi Thomson,Thomson,D,OTT,500000,1,,,,,0,,L,,,,,0,,,0,50,0,0,,0,,,,,,0,,,,,,,,,0,,,,,,,,
8476526,,Ben Thomson,Thomson,W,NJD,500000,0,,,,,0,,B,,,,,0,,,0,49,0,0,,0,,,,,,0,,,,,,,,,0,,,,,,,,
8479420,,Tage Thompson,Thompson,C,BUF,5250000,1,28,37.315789,31,,0,,T,0,44,6,0,0,70,18:45,0,33,0,0,,0,35,76,,0,0,0,,-2,35,2836.00,7,00:00,72,0,3210000,0,242,0,,,,,
8480313,,Logan Thompson,Thompson,G,WSH,8340000,1,1,53.339623,0,,0,,L,129,0,0,36,0,0,59:05,0,59,0,0,,0,10,53,,0,7,0,,0,0,2827.00,0,00:00,1,1331,7840000,0,0,2,,91.2,,,
8482144,,Jack Thompson,Thompson,D,SJS,1580000,1,6,12.516129,46,,0,,J,0,4,0,0,0,12,15:47,0,54,0,0,,0,18,31,,0,0,0,,-9,10,388.00,0,00:00,10,0,1080000,0,41,0,,,,,
8483685,,Aidan Thompson,Thompson,C,CHI,500000,1,,,,,0,,A,,,,,0,,,0,36,0,0,,0,,,,,,0,,,,,,,,,,,,,,,,,
8470775,,Nate Thompson,Thompson,C,PHI,500000,0,,,,,0,,N,,,,,0,,,0,51,0,0,,0,,,,,,0,,,,,,,,,-940000,,,,,,,,
8476200,,Paul Thompson,Thompson,W,VGK,500000,0,,,,,0,,P,,,,,0,,,0,62,0,0,,0,,,,,,0,,,,,,,,,0,,,,,,,,
8477414,,Keaton Thompson,Thompson,D,MIN,500000,0,,,,,0,,K,,,,,0,,,0,44,0,0,,0,,,,,,0,,,,,,,,,0,,,,,,,,
8481740,,Tyce Thompson,Thompson,W,NYI,500000,0,,,,,0,,T,,,,,0,,,0,46,0,0,,0,,,,,,0,,,,,,,,,0,,,,,,,,
8479592,,Peter Thome,Thome,G,CBJ,500000,0,,,,,0,,P,,,,,0,,,0,38,0,0,,0,,,,,,0,,,,,,,,,0,,,,,,,,
8480023,,Robert Thomas,Thomas,C,STL,6590000,1,66,41.194805,48,,0,,R,0,23,5,0,0,24,20:03,0,55,0,0,,0,25,77,,1,0,0,,20,24,3172.00,4,00:00,89,0,4590000,1,153,0,,,,,
8480851,,Akil Thomas,Thomas,C,LAK,1070000,1,2,8.160000,12,,0,,A,0,1,0,0,0,42,09:55,0,43,0,0,,0,10,25,,0,0,0,,-4,7,204.00,0,00:00,3,0,570000,0,20,0,,,,,
8482938,,Cal Thomas,Thomas,D,UTA,500000,1,,,,,0,,C,,,,,0,,,0,64,0,0,,0,,,,,,0,,,,,,,,,0,,,,,,,,
8484404,,Patrick Thomas,Thomas,C,WSH,500000,1,,,,,0,,P,,,,,0,,,0,59,0,0,,0,,,,,,0,,,,,,,,,,,,,,,,,
8475749,,Christian Thomas,Thomas,W,WSH,500000,0,,,,,0,,C,,,,,0,,,0,59,0,0,,0,,,,,,0,,,,,,,,,0,,,,,,,,
8478049,,Ben Thomas,Thomas,D,TBL,500000,0,,,,,0,,B,,,,,0,,,0,56,0,0,,0,,,,,,0,,,,,,,,,-120000,,,,,,,,
8480388,,Adam Thilander,Thilander,D,FA,500000,0,,,,,0,,A,,,,,0,,,0,0,0,0,,0,,,,,,0,,,,,,,,,0,,,,,,,,
8475097,,Brad Thiessen,Thiessen,G,CBJ,500000,0,,,,,0,,B,,,,,0,,,0,38,0,0,,0,,,,,,0,,,,,,,,,0,,,,,,,,
8481080,,Matthew Thiessen,Thiessen,G,VAN,500000,0,,,,,0,,M,,,,,0,,,0,58,0,0,,0,,,,,,0,,,,,,,,,0,,,,,,,,
8484830,,Camden Thiesing,Thiesing,C,NYI,500000,1,,,,,0,,C,,,,,0,,,0,46,0,0,,0,,,,,,0,,,,,,,,,,,,,,,,,
8477447,,Shea Theodore,Theodore,D,VGK,4880000,1,53,30.397436,100,,0,,S,0,9,2,0,0,7,22:08,0,62,0,0,,0,23,78,,0,0,0,,10,26,2371.00,4,00:00,62,0,-330000,0,152,0,,,,,
8484423,,Melker Thelin,Thelin,G,UTA,500000,1,,,,,0,,M,,,,,0,,,0,64,0,0,,0,,,,,,0,,,,,,,,,,,,,,,,,
8480074,,Alexandre Texier,Texier,W,STL,2160000,1,6,14.882353,11,,0,,A,0,6,1,0,0,30,12:27,0,55,0,0,,0,14,34,,0,0,0,,-4,10,506.00,1,00:00,12,0,600000,0,52,0,,,,,
8478945,,Keoni Texeira,Texeira,D,WSH,500000,0,,,,,0,,K,,,,,0,,,0,59,0,0,,0,,,,,,0,,,,,,,,,0,,,,,,,,
8481425,,Josh Teves,Teves,D,VAN,500000,0,,,,,0,,J,,,,,0,,,0,58,0,0,,0,,,,,,0,,,,,,,,,0,,,,,,,,
8485237,,Luca Testa,Testa,W,CAR,500000,0,,,,,0,,L,,,,,0,,,0,35,0,0,,0,,,,,,0,,,,,,,,,,,,,,,,,
8476314,,Ryan Tesink,Tesink,C,STL,500000,0,,,,,0,,R,,,,,0,,,0,55,0,0,,0,,,,,,0,,,,,,,,,0,,,,,,,,
8478873,,Troy Terry,Terry,W,ANA,3640000,1,34,26.220779,27,,0,,T,0,21,4,0,0,7,18:51,0,31,0,0,,0,35,77,,1,0,0,,0,20,2019.00,4,00:00,55,0,1720000,0,188,0,,,,,
8474052,,Chris Terry,Terry,W,DET,500000,0,,,,,0,,C,,,,,0,,,0,40,0,0,,0,,,,,,0,,,,,,,,,0,,,,,,,,
8484236,,Carey Terrance,Terrance,C,NYR,500000,1,,,,,0,,C,,,,,0,,,0,47,0,0,,0,,,,,,0,,,,,,,,,,,,,,,,,
8468571,,Alexei Tereschenko,Tereschenko,C,DAL,500000,0,,,,,0,,A,,,,,0,,,0,39,0,0,,0,,,,,,0,,,,,,,,,0,,,,,,,,
8476882,,Teuvo Teravainen,Teravainen,C,CHI,2860000,1,43,20.426829,29,,0,,T,0,15,0,0,0,27,17:04,0,36,0,0,,0,45,82,,0,0,0,,-23,12,1675.00,7,00:00,58,0,-1340000,0,111,0,,,,,
8481616,,Michal Teply,Teply,W,CHI,500000,0,,,,,0,,M,,,,,0,,,0,36,0,0,,0,,,,,,0,,,,,,,,,0,,,,,,,,
8476807,,Matt Tennyson,Tennyson,D,NSH,500000,0,,,,,0,,M,,,,,0,,,0,48,0,0,,0,,,,,,0,,,,,,,,,-740000,,,,,,,,
8480996,,David Tendeck,Tendeck,G,ARI,500000,0,,,,,0,,D,,,,,0,,,0,52,0,0,,0,,,,,,0,,,,,,,,,0,,,,,,,,
8475828,,Ivan Telegin,Telegin,W,WPG,500000,0,,,,,0,,I,,,,,0,,,0,60,0,0,,0,,,,,,0,,,,,,,,,0,,,,,,,,
8474582,,Mattias Tedenby,Tedenby,W,NJD,500000,0,,,,,0,,M,,,,,0,,,0,49,0,0,,0,,,,,,0,,,,,,,,,0,,,,,,,,
8480034,,Joel Teasdale,Teasdale,W,MTL,500000,0,,,,,0,,J,,,,,0,,,0,45,0,0,,0,,,,,,0,,,,,,,,,0,,,,,,,,
8481083,,Ty Taylor,Taylor,G,EDM,500000,1,,,,,0,,T,,,,,0,,,0,41,0,0,,0,,,,,,0,,,,,,,,,0,,,,,,,,
8485468,,Trey Taylor,Taylor,D,DAL,500000,1,,,,,0,,T,,,,,0,,,0,39,0,0,,0,,,,,,0,,,,,,,,,,,,,,,,,
8485709,,Caden Taylor,Taylor,W,PIT,500000,1,,,,,0,,C,,,,,0,,,0,53,0,0,,0,,,,,,0,,,,,,,,,,,,,,,,,
8471433,,Daniel Taylor,Taylor,G,OTT,500000,0,,,,,0,,D,,,,,0,,,0,50,0,0,,0,,,,,,0,,,,,,,,,0,,,,,,,,
8478129,,Jeff Taylor,Taylor,D,PIT,500000,0,,,,,0,,J,,,,,0,,,0,53,0,0,,0,,,,,,0,,,,,,,,,0,,,,,,,,
8475166,,John Tavares,Tavares,C,TOR,6510000,1,38,39.136364,56,,0,,J,0,43,9,0,0,113,18:16,0,57,0,0,,0,26,88,,1,0,0,,4,56,3444.00,15,00:00,81,0,1800000,0,239,0,,,,,
8468533,,Alexander Tatarinov,Tatarinov,W,ARI,500000,0,,,,,0,,A,,,,,0,,,0,52,0,0,,0,,,,,,0,,,,,,,,,0,,,,,,,,
8475193,,Tomas Tatar,Tatar,W,NJD,1510000,1,10,9.551282,20,,0,,T,0,7,0,0,0,63,11:08,0,49,0,0,,0,30,78,,0,0,0,,-6,22,745.00,1,00:00,17,0,-1650000,0,69,0,,,,,
8482481,,Oliver Tarnstrom,Tarnstrom,C,NYR,500000,0,,,,,0,,O,,,,,0,,,0,47,0,0,,0,,,,,,0,,,,,,,,,0,,,,,,,,
8470876,,Nick Tarnasky,Tarnasky,W,NYR,500000,0,,,,,0,,N,,,,,0,,,0,47,0,0,,0,,,,,,0,,,,,,,,,0,,,,,,,,
8469493,,Andrei Taratukhin,Taratukhin,C,CAL,500000,0,,,,,0,,A,,,,,0,,,0,34,0,0,,0,,,,,,0,,,,,,,,,0,,,,,,,,
8480193,,Daniil Tarasov,Tarasov,G,FLA,2830000,1,1,22.900000,0,,0,,D,65,0,0,7,0,0,55:01,0,42,0,0,,0,11,20,,0,2,0,,0,0,458.00,0,00:00,1,479,2330000,0,0,1,,88.1,,,
8476549,,Daniil Tarasov,Tarasov,W,SJS,500000,0,,,,,0,,D,,,,,0,,,0,54,0,0,,0,,,,,,0,,,,,,,,,0,,,,,,,,
8475765,,Vladimir Tarasenko,Tarasenko,W,DET,2060000,1,22,15.112500,34,,0,,V,0,11,1,0,0,63,14:47,0,40,0,0,,0,33,80,,0,0,0,,-13,8,1209.00,1,00:00,33,0,-590000,0,133,0,,,,,
8475060,,Matt Taormina,Taormina,D,MTL,500000,0,,,,,0,,M,,,,,0,,,0,45,0,0,,0,,,,,,0,,,,,,,,,0,,,,,,,,
8482904,,Kirill Tankov,Tankov,C,PIT,500000,1,,,,,0,,K,,,,,0,,,0,53,0,0,,0,,,,,,0,,,,,,,,,0,,,,,,,,
8467338,,Alex Tanguay,Tanguay,W,ARI,500000,0,,,,,0,,A,,,,,0,,,0,52,0,0,,0,,,,,,0,,,,,,,,,0,,,,,,,,
8474025,,Eric Tangradi,Tangradi,W,NJD,500000,0,,,,,0,,E,,,,,0,,,0,49,0,0,,0,,,,,,0,,,,,,,,,0,,,,,,,,
8475690,,Christopher Tanev,Tanev,D,TOR,2780000,1,17,16.943182,206,,0,,C,0,4,0,0,0,27,19:43,0,57,0,0,,0,26,88,,0,0,0,,33,26,1491.00,0,00:00,21,0,940000,0,46,0,,,,,
8479293,,Brandon Tanev,Tanev,W,UTA,2520000,1,12,15.043478,117,,0,,B,0,10,0,0,0,211,12:54,0,64,0,0,,0,41,92,,0,0,0,,-14,34,1384.00,0,00:00,22,0,-1850000,0,108,0,,,,,
8478852,,Jonne Tammela,Tammela,W,TBL,500000,0,,,,,0,,J,,,,,0,,,0,56,0,0,,0,,,,,,0,,,,,,,,,0,,,,,,,,
8477487,,Adam Tambellini,Tambellini,W,OTT,500000,0,,,,,0,,A,,,,,0,,,0,50,0,0,,0,,,,,,0,,,,,,,,,0,,,,,,,,
8480237,,Aarne Talvitie,Talvitie,C,NJD,500000,0,,,,,0,,A,,,,,0,,,0,49,0,0,,0,,,,,,0,,,,,,,,,0,,,,,,,,
8475660,,Cam Talbot,Talbot,G,DET,4760000,1,0,35.617021,0,,0,,C,129,0,0,21,0,0,56:13,0,40,0,0,,0,19,47,,0,5,0,,0,0,1674.00,0,00:00,0,1167,-2890000,0,0,2,,90.0,,,
8470171,,Max Talbot,Talbot,C,BOS,500000,0,,,,,0,,M,,,,,0,,,0,32,0,0,,0,,,,,,0,,,,,,,,,0,,,,,,,,
8475224,,Jordan Szwarz,Szwarz,C,OTT,500000,0,,,,,0,,J,,,,,0,,,0,50,0,0,,0,,,,,,0,,,,,,,,,0,,,,,,,,
8483763,,Maksymilian Szuber,Szuber,D,UTA,500000,1,,,,,0,,M,,,,,0,,,0,64,0,0,,0,,,,,,0,,,,,,,,,,,,,,,,,
8484507,,Gabriel Szturc,Szturc,C,TBL,500000,1,,,,,0,,G,,,,,0,,,0,56,0,0,,0,,,,,,0,,,,,,,,,,,,,,,,,
8484951,,Marcus Sylvegard,Sylvegard,W,STL,500000,0,,,,,0,,M,,,,,0,,,0,55,0,0,,0,,,,,,0,,,,,,,,,,,,,,,,,
8483669,,Adam Sykora,Sykora,W,NYR,500000,1,,,,,0,,A,,,,,0,,,0,47,0,0,,0,,,,,,0,,,,,,,,,,,,,,,,,
8483533,,Colin Swoyer,Swoyer,D,PIT,500000,0,,,,,0,,C,,,,,0,,,0,53,0,0,,0,,,,,,0,,,,,,,,,,,,,,,,,
8485057,,Trent Swick,Swick,W,VGK,500000,1,,,,,0,,T,,,,,0,,,0,62,0,0,,0,,,,,,0,,,,,,,,,,,,,,,,,
8483820,,Alex Swetlikoff,Swetlikoff,W,VGK,500000,0,,,,,0,,A,,,,,0,,,0,62,0,0,,0,,,,,,0,,,,,,,,,,,,,,,,,
8482399,,Billy Sweezey,Sweezey,D,BOS,500000,1,,,,,0,,B,,,,,0,,,0,32,0,0,,0,,,,,,0,,,,,,,,,,,,,,,,,
8478984,,Jacob Sweeney,Sweeney,D,NJD,500000,0,,,,,0,,J,,,,,0,,,0,49,0,0,,0,,,,,,0,,,,,,,,,0,,,,,,,,
8480280,,Jeremy Swayman,Swayman,G,BOS,4040000,1,0,30.189655,0,,0,,J,176,0,0,22,0,0,58:28,0,32,0,0,,0,29,58,,0,7,0,,0,0,1751.00,0,00:00,0,1458,-2300000,0,0,4,,89.2,,,
8482962,,Graham Sward,Sward,D,NSH,500000,0,,,,,0,,G,,,,,0,,,0,48,0,0,,0,,,,,,0,,,,,,,,,0,,,,,,,,
8485102,,Mac Swanson,Swanson,C,PIT,500000,1,,,,,0,,M,,,,,0,,,0,53,0,0,,0,,,,,,0,,,,,,,,,,,,,,,,,
8480275,,Nick Swaney,Swaney,W,MIN,500000,0,,,,,0,,N,,,,,0,,,0,44,0,0,,0,,,,,,0,,,,,,,,,0,,,,,,,,
8485592,,Michal Svrcek,Svrcek,W,DET,500000,1,,,,,0,,M,,,,,0,,,0,40,0,0,,0,,,,,,0,,,,,,,,,,,,,,,,,
8482711,,Stanislav Svozil,Svozil,D,CBJ,500000,1,,,,,0,,S,,,,,0,,,0,38,0,0,,0,,,,,,0,,,,,,,,,0,,,,,,,,
8484235,,Brandon Svoboda,Svoboda,C,SJS,500000,1,,,,,0,,B,,,,,0,,,0,54,0,0,,0,,,,,,0,,,,,,,,,,,,,,,,,
8478922,,Miroslav Svoboda,Svoboda,G,NSH,500000,0,,,,,0,,M,,,,,0,,,0,48,0,0,,0,,,,,,0,,,,,,,,,0,,,,,,,,
8480251,,Andrei Svetlakov,Svetlakov,C,MIN,500000,0,,,,,0,,A,,,,,0,,,0,44,0,0,,0,,,,,,0,,,,,,,,,0,,,,,,,,
8485034,,Joel Svensson,Svensson,C,CHI,500000,1,,,,,0,,J,,,,,0,,,0,36,0,0,,0,,,,,,0,,,,,,,,,,,,,,,,,
8480269,,Filip Sveningsson,Sveningsson,W,CAL,500000,0,,,,,0,,F,,,,,0,,,0,34,0,0,,0,,,,,,0,,,,,,,,,0,,,,,,,,
8482449,,Lukas Svejkovsky,Svejkovsky,C,TBL,500000,0,,,,,0,,L,,,,,0,,,0,56,0,0,,0,,,,,,0,,,,,,,,,0,,,,,,,,
8482870,,Philip Svedeback,Svedeback,G,BOS,500000,1,,,,,0,,P,,,,,0,,,0,32,0,0,,0,,,,,,0,,,,,,,,,0,,,,,,,,
8476844,,Niklas Svedberg,Svedberg,G,MIN,500000,0,,,,,0,,N,,,,,0,,,0,44,0,0,,0,,,,,,0,,,,,,,,,0,,,,,,,,
8477300,,Viktor Svedberg,Svedberg,D,CHI,500000,0,,,,,0,,V,,,,,0,,,0,36,0,0,,0,,,,,,0,,,,,,,,,0,,,,,,,,
8480830,,Andrei Svechnikov,Svechnikov,W,CAR,5470000,1,32,32.850575,23,,0,,A,0,28,5,0,0,209,17:17,0,35,0,0,,0,29,87,,0,0,0,,-4,81,2858.00,11,00:00,60,0,260000,0,218,0,,,,,
8478431,,Evgeny Svechnikov,Svechnikov,W,SJS,500000,0,,,,,0,,E,,,,,0,,,0,54,0,0,,0,,,,,,0,,,,,,,,,-1360000,,,,,,,,
8482768,,Fedor Svechkov,Svechkov,C,NSH,1520000,1,9,11.538462,23,,0,,F,0,8,2,0,0,32,12:53,0,48,0,0,,0,28,52,,1,0,0,,-17,14,600.00,2,00:00,17,0,1020000,0,64,0,,,,,
8480018,,Nick Suzuki,Suzuki,C,MTL,6030000,1,59,39.252874,70,,0,,N,0,32,9,0,0,74,20:11,0,45,0,0,,0,33,87,,5,0,0,,14,10,3415.00,5,00:00,91,0,1440000,2,186,0,,,,,
8481576,,Ryan Suzuki,Suzuki,C,CAR,580000,1,0,7.000000,0,,0,,R,0,0,0,0,0,2,06:36,0,35,0,0,,0,1,2,,0,0,0,,1,0,14.00,0,00:00,0,0,80000,0,0,0,,,,,
8483518,,Alexander Suzdalev,Suzdalev,W,WSH,500000,1,,,,,0,,A,,,,,0,,,0,59,0,0,,0,,,,,,0,,,,,,,,,,,,,,,,,
8480791,,Riley Sutter,Sutter,W,WSH,500000,1,,,,,0,,R,,,,,0,,,0,59,0,0,,0,,,,,,0,,,,,,,,,0,,,,,,,,
8471840,,Brett Sutter,Sutter,W,MIN,500000,0,,,,,0,,B,,,,,0,,,0,44,0,0,,0,,,,,,0,,,,,,,,,0,,,,,,,,
8474091,,Brandon Sutter,Sutter,C,VAN,500000,0,,,,,0,,B,,,,,0,,,0,58,0,0,,0,,,,,,0,,,,,,,,,-970000,,,,,,,,
8475980,,Brody Sutter,Sutter,C,FLA,500000,0,,,,,0,,B,,,,,0,,,0,42,0,0,,0,,,,,,0,,,,,,,,,0,,,,,,,,
8470600,,Ryan Suter,Suter,D,STL,1760000,1,14,11.310345,115,,0,,R,0,2,0,0,0,42,19:19,0,55,0,0,,0,32,87,,0,0,0,,5,24,984.00,0,00:00,16,0,-620000,1,64,0,,,,,
8480459,,Pius Suter,Suter,C,VAN,3140000,1,21,22.456790,43,,0,,P,0,25,3,0,0,59,17:21,0,58,0,0,,0,30,81,,0,0,0,,2,18,1819.00,2,00:00,46,0,490000,1,138,0,,,,,
8484476,,Nikita Susuev,Susuev,W,STL,500000,1,,,,,0,,N,,,,,0,,,0,55,0,0,,0,,,,,,0,,,,,,,,,,,,,,,,,
8477205,,Andrej Sustr,Sustr,D,ANA,500000,0,,,,,0,,A,,,,,0,,,0,31,0,0,,0,,,,,,0,,,,,,,,,0,,,,,,,,
8480201,,Maksim Sushko,Sushko,W,PHI,500000,0,,,,,0,,M,,,,,0,,,0,51,0,0,,0,,,,,,0,,,,,,,,,0,,,,,,,,
8484993,,Egor Surin,Surin,C,NSH,500000,1,,,,,0,,E,,,,,0,,,0,48,0,0,,0,,,,,,0,,,,,,,,,,,,,,,,,
8483046,,Cameron Supryka,Supryka,D,LAK,500000,0,,,,,0,,C,,,,,0,,,0,43,0,0,,0,,,,,,0,,,,,,,,,0,,,,,,,,
8480965,,Antti Suomela,Suomela,C,TOR,500000,0,,,,,0,,A,,,,,0,,,0,57,0,0,,0,,,,,,0,,,,,,,,,-50000,,,,,,,,
8484234,,Aydar Suniev,Suniev,W,CAL,500000,1,0,22.000000,0,,0,,A,0,0,0,0,0,0,14:48,0,34,0,0,,0,0,1,,0,0,0,,2,0,22.00,0,00:00,0,0,,0,1,0,,,,,
8482494,,Albin Sundsvik,Sundsvik,C,ANA,500000,0,,,,,0,,A,,,,,0,,,0,31,0,0,,0,,,,,,0,,,,,,,,,0,,,,,,,,
8476445,,Johan Sundstrom,Sundstrom,C,NYI,500000,0,,,,,0,,J,,,,,0,,,0,46,0,0,,0,,,,,,0,,,,,,,,,0,,,,,,,,
8476897,,Oskar Sundqvist,Sundqvist,C,STL,2400000,1,15,14.702703,52,,0,,O,0,7,0,0,0,104,13:24,0,55,0,0,,0,26,74,,0,0,0,,-6,38,1088.00,4,00:00,22,0,540000,0,66,0,,,,,
8485077,,Albin Sundin,Sundin,D,EDM,500000,1,,,,,0,,A,,,,,0,,,0,41,0,0,,0,,,,,,0,,,,,,,,,,,,,,,,,
8480312,,Martin Sundberg,Sundberg,W,FA,500000,0,,,,,0,,M,,,,,0,,,0,0,0,0,,0,,,,,,0,,,,,,,,,0,,,,,,,,
8481628,,Tony Sund,Sund,D,MTL,500000,0,,,,,0,,T,,,,,0,,,0,45,0,0,,0,,,,,,0,,,,,,,,,0,,,,,,,,
8484549,,Julius Sumpf,Sumpf,C,CHI,500000,1,,,,,0,,J,,,,,0,,,0,36,0,0,,0,,,,,,0,,,,,,,,,,,,,,,,,
8473589,,Chris Summers,Summers,D,PIT,500000,0,,,,,0,,C,,,,,0,,,0,53,0,0,,0,,,,,,0,,,,,,,,,0,,,,,,,,
8478116,,Kelly Summers,Summers,D,OTT,500000,0,,,,,0,,K,,,,,0,,,0,50,0,0,,0,,,,,,0,,,,,,,,,0,,,,,,,,
8476282,,Colin Sullivan,Sullivan,D,MTL,500000,0,,,,,0,,C,,,,,0,,,0,45,0,0,,0,,,,,,0,,,,,,,,,0,,,,,,,,
8483720,,Santeri Sulku,Sulku,W,PHI,500000,1,,,,,0,,S,,,,,0,,,0,51,0,0,,0,,,,,,0,,,,,,,,,,,,,,,,,
8480161,,Libor Sulak,Sulak,D,DET,500000,0,,,,,0,,L,,,,,0,,,0,40,0,0,,0,,,,,,0,,,,,,,,,0,,,,,,,,
8478058,,CJ Suess,Suess,W,SJS,500000,0,,,,,0,,C,,,,,0,,,0,54,0,0,,0,,,,,,0,,,,,,,,,0,,,,,,,,
8483898,,Tomas Suchanek,Suchanek,G,ANA,500000,1,,,,,0,,T,,,,,0,,,0,31,0,0,,0,,,,,,0,,,,,,,,,,,,,,,,,
8482064,,Nathan Sucese,Sucese,W,ARI,500000,0,,,,,0,,N,,,,,0,,,0,52,0,0,,0,,,,,,0,,,,,,,,,0,,,,,,,,
8465033,,Dmitri Subbotin,Subbotin,W,CBJ,500000,0,,,,,0,,D,,,,,0,,,0,38,0,0,,0,,,,,,0,,,,,,,,,0,,,,,,,,
8474056,,P.K. Subban,Subban,D,NJD,500000,0,,,,,0,,P,,,,,0,,,0,49,0,0,,0,,,,,,0,,,,,,,,,-1730000,,,,,,,,
8476876,,Malcolm Subban,Subban,G,CBJ,500000,0,,,,,0,,M,,,,,0,,,0,38,0,0,,0,,,,,,0,,,,,,,,,-3470000,,,,,,,,
8477441,,Jordan Subban,Subban,D,TOR,500000,0,,,,,0,,J,,,,,0,,,0,57,0,0,,0,,,,,,0,,,,,,,,,0,,,,,,,,
8480091,,Reid Sturos,Sturos,W,FA,500000,0,,,,,0,,R,,,,,0,,,0,0,0,0,,0,,,,,,0,,,,,,,,,0,,,,,,,,
8481477,,Nico Sturm,Sturm,C,MIN,1730000,1,7,11.314286,33,,0,,N,0,7,1,0,0,121,10:15,0,44,0,0,,0,37,70,,0,0,0,,-9,20,792.00,0,00:00,14,0,-870000,1,62,0,,,,,
8479541,,Jakob Stukel,Stukel,W,NYR,500000,0,,,,,0,,J,,,,,0,,,0,47,0,0,,0,,,,,,0,,,,,,,,,0,,,,,,,,
8480021,,Jack Studnicka,Studnicka,C,FLA,500000,1,,,,,0,,J,,,,,0,,,0,42,0,0,,0,,,,,,0,,,,,,,,,-310000,,,,,,,,
8480226,,Marian Studenic,Studenic,W,SEA,500000,0,,,,,0,,M,,,,,0,,,0,63,0,0,,0,,,,,,0,,,,,,,,,-470000,,,,,,,,
8480294,,Robbie Stucker,Stucker,D,CBJ,500000,0,,,,,0,,R,,,,,0,,,0,38,0,0,,0,,,,,,0,,,,,,,,,0,,,,,,,,
8467331,,Brad Stuart,Stuart,D,COL,500000,0,,,,,0,,B,,,,,0,,,0,37,0,0,,0,,,,,,0,,,,,,,,,0,,,,,,,,
8470614,,Mark Stuart,Stuart,D,WPG,500000,0,,,,,0,,M,,,,,0,,,0,60,0,0,,0,,,,,,0,,,,,,,,,0,,,,,,,,
8481593,,Jayden Struble,Struble,D,MTL,2130000,1,11,16.120690,53,,0,,J,0,2,0,0,0,126,14:52,0,45,0,0,,0,21,58,,0,0,0,,0,52,935.00,0,00:00,13,0,1630000,0,48,0,,,,,
8479440,,Malte Stromwall,Stromwall,W,NYR,500000,0,,,,,0,,M,,,,,0,,,0,47,0,0,,0,,,,,,0,,,,,,,,,0,,,,,,,,
8482766,,William Stromgren,Stromgren,W,CAL,500000,1,,,,,0,,W,,,,,0,,,0,34,0,0,,0,,,,,,0,,,,,,,,,0,,,,,,,,
8476458,,Ryan Strome,Strome,C,ANA,2930000,1,31,20.890244,35,,0,,R,0,10,3,0,0,52,16:41,0,31,0,0,,0,37,82,,0,0,0,,-3,70,1713.00,0,00:00,41,0,-1280000,0,137,0,,,,,
8478440,,Dylan Strome,Strome,C,WSH,5780000,1,62,34.619565,59,,0,,D,0,31,4,0,0,29,17:23,0,59,0,0,,0,25,92,,0,0,0,,2,36,3185.00,9,00:00,93,0,4020000,0,163,0,,,,,
8480017,,Matthew Strome,Strome,W,PHI,500000,0,,,,,0,,M,,,,,0,,,0,51,0,0,,0,,,,,,0,,,,,,,,,0,,,,,,,,
8458146,,Mika Stromberg,Stromberg,D,OTT,500000,0,,,,,0,,M,,,,,0,,,0,50,0,0,,0,,,,,,0,,,,,,,,,0,,,,,,,,
8482782,,Zack Stringer,Stringer,W,MIN,500000,0,,,,,0,,Z,,,,,0,,,0,44,0,0,,0,,,,,,0,,,,,,,,,0,,,,,,,,
8483707,,Ben Strinden,Strinden,C,NSH,500000,1,,,,,0,,B,,,,,0,,,0,48,0,0,,0,,,,,,0,,,,,,,,,,,,,,,,,
8468309,,Mark Streit,Streit,D,MTL,500000,0,,,,,0,,M,,,,,0,,,0,45,0,0,,0,,,,,,0,,,,,,,,,0,,,,,,,,
8476043,,Ben Street,Street,C,NJD,500000,0,,,,,0,,B,,,,,0,,,0,49,0,0,,0,,,,,,0,,,,,,,,,0,,,,,,,,
8484233,,Maxim Strbak,Strbak,D,BUF,500000,1,,,,,0,,M,,,,,0,,,0,33,0,0,,0,,,,,,0,,,,,,,,,,,,,,,,,
8484232,,Andrew Strathmann,Strathmann,D,CBJ,500000,1,,,,,0,,A,,,,,0,,,0,38,0,0,,0,,,,,,0,,,,,,,,,,,,,,,,,
8476317,,Matej Stransky,Stransky,W,DAL,500000,0,,,,,0,,M,,,,,0,,,0,39,0,0,,0,,,,,,0,,,,,,,,,0,,,,,,,,
8479334,,Simon Stransky,Stransky,W,BOS,500000,0,,,,,0,,S,,,,,0,,,0,32,0,0,,0,,,,,,0,,,,,,,,,0,,,,,,,,
8482120,,Antonio Stranges,Stranges,W,DAL,500000,1,,,,,0,,A,,,,,0,,,0,39,0,0,,0,,,,,,0,,,,,,,,,0,,,,,,,,
8481134,,Sean Strange,Strange,D,COL,500000,0,,,,,0,,S,,,,,0,,,0,37,0,0,,0,,,,,,0,,,,,,,,,0,,,,,,,,
8484231,,Charlie Stramel,Stramel,C,MIN,500000,1,,,,,0,,C,,,,,0,,,0,44,0,0,,0,,,,,,0,,,,,,,,,,,,,,,,,
8471873,,Anton Stralman,Stralman,D,BOS,500000,0,,,,,0,,A,,,,,0,,,0,32,0,0,,0,,,,,,0,,,,,,,,,-1050000,,,,,,,,
8485813,,Andreas Straka,Straka,W,VGK,500000,1,,,,,0,,A,,,,,0,,,0,62,0,0,,0,,,,,,0,,,,,,,,,,,,,,,,,
8475723,,Petr Straka,Straka,W,PHI,500000,0,,,,,0,,P,,,,,0,,,0,51,0,0,,0,,,,,,0,,,,,,,,,0,,,,,,,,
8473565,,Brian Strait,Strait,D,NJD,500000,0,,,,,0,,B,,,,,0,,,0,49,0,0,,0,,,,,,0,,,,,,,,,0,,,,,,,,
8484441,,Melvin Strahl,Strahl,G,CBJ,500000,1,,,,,0,,M,,,,,0,,,0,38,0,0,,0,,,,,,0,,,,,,,,,,,,,,,,,
8470729,,Tyson Strachan,Strachan,D,MIN,500000,0,,,,,0,,T,,,,,0,,,0,44,0,0,,0,,,,,,0,,,,,,,,,0,,,,,,,,
8475895,,Peter Stoykewych,Stoykewych,D,WPG,500000,0,,,,,0,,P,,,,,0,,,0,60,0,0,,0,,,,,,0,,,,,,,,,0,,,,,,,,
8480810,,Riley Stotts,Stotts,C,TOR,500000,0,,,,,0,,R,,,,,0,,,0,57,0,0,,0,,,,,,0,,,,,,,,,0,,,,,,,,
8470687,,Zack Stortini,Stortini,W,OTT,500000,0,,,,,0,,Z,,,,,0,,,0,50,0,0,,0,,,,,,0,,,,,,,,,0,,,,,,,,
8477385,,Ben Storm,Storm,W,COL,500000,0,,,,,0,,B,,,,,0,,,0,37,0,0,,0,,,,,,0,,,,,,,,,0,,,,,,,,
8470279,,Alexei Stonkus,Stonkus,D,NYI,500000,0,,,,,0,,A,,,,,0,,,0,46,0,0,,0,,,,,,0,,,,,,,,,0,,,,,,,,
8470886,,Clayton Stoner,Stoner,D,VGK,500000,0,,,,,0,,C,,,,,0,,,0,62,0,0,,0,,,,,,0,,,,,,,,,0,,,,,,,,
8483847,,Brady Stonehouse,Stonehouse,W,EDM,500000,1,,,,,0,,B,,,,,0,,,0,41,0,0,,0,,,,,,0,,,,,,,,,,,,,,,,,
8475913,,Mark Stone,Stone,W,VGK,5840000,1,52,36.342105,52,,0,,M,0,23,5,0,0,41,19:24,0,62,0,0,,0,22,76,,0,0,0,,18,14,2762.00,6,00:00,75,0,-590000,0,152,0,,,,,
8474628,,Michael Stone,Stone,D,CAL,500000,0,,,,,0,,M,,,,,0,,,0,34,0,0,,0,,,,,,0,,,,,,,,,-720000,,,,,,,,
8471468,,Gennady Stolyarov,Stolyarov,W,DET,500000,0,,,,,0,,G,,,,,0,,,0,40,0,0,,0,,,,,,0,,,,,,,,,0,,,,,,,,
8476798,,Karl Stollery,Stollery,D,NJD,500000,0,,,,,0,,K,,,,,0,,,0,49,0,0,,0,,,,,,0,,,,,,,,,0,,,,,,,,
8468526,,Jarret Stoll,Stoll,C,MIN,500000,0,,,,,0,,J,,,,,0,,,0,44,0,0,,0,,,,,,0,,,,,,,,,0,,,,,,,,
8476932,,Anthony Stolarz,Stolarz,G,TOR,8580000,1,1,56.658537,0,,0,,A,86,0,0,25,0,0,58:28,0,57,0,0,,0,9,41,,0,4,0,,0,0,2323.00,0,00:00,1,1019,4490000,0,0,4,,92.2,,,
8485358,,Theo Stockselius,Stockselius,C,CAL,500000,1,,,,,0,,T,,,,,0,,,0,34,0,0,,0,,,,,,0,,,,,,,,,,,,,,,,,
8482905,,Victor Stjernborg,Stjernborg,C,CHI,500000,0,,,,,0,,V,,,,,0,,,0,36,0,0,,0,,,,,,0,,,,,,,,,0,,,,,,,,
8479388,,Riley Stillman,Stillman,D,EDM,500000,1,0,6.200000,1,,0,,R,0,0,0,0,0,8,07:11,0,41,0,0,,0,3,5,,0,0,0,,-1,7,31.00,0,00:00,0,0,-1360000,0,1,0,,,,,
8482714,,Chase Stillman,Stillman,W,VAN,500000,1,,,,,0,,C,,,,,0,,,0,58,0,0,,0,,,,,,0,,,,,,,,,0,,,,,,,,
8484856,,Teddy Stiga,Stiga,C,NSH,500000,1,,,,,0,,T,,,,,0,,,0,48,0,0,,0,,,,,,0,,,,,,,,,,,,,,,,,
8481737,,Matt Stienburg,Stienburg,C,COL,1170000,1,0,13.500000,1,,0,,M,0,0,0,0,0,16,06:05,0,37,0,0,,0,3,8,,0,0,0,,0,22,108.00,0,00:00,0,0,670000,0,4,0,,,,,
8478848,,Ales Stezka,Stezka,G,SEA,500000,0,0,-7.000000,0,,0,,A,3,0,0,0,0,0,58:20,0,63,0,0,,0,1,1,,0,0,0,,0,0,-7.00,0,00:00,0,19,0,0,0,0,,86.4,,,
8473485,,Chris Stewart,Stewart,W,PHI,500000,0,,,,,0,,C,,,,,0,,,0,51,0,0,,0,,,,,,0,,,,,,,,,0,,,,,,,,
8478113,,MacKenze Stewart,Stewart,D,VAN,500000,0,,,,,0,,M,,,,,0,,,0,58,0,0,,0,,,,,,0,,,,,,,,,0,,,,,,,,
8479600,,Dean Stewart,Stewart,D,ARI,500000,0,,,,,0,,D,,,,,0,,,0,52,0,0,,0,,,,,,0,,,,,,,,,0,,,,,,,,
8480524,,Tyler Stewart,Stewart,G,STL,500000,0,,,,,0,,T,,,,,0,,,0,55,0,0,,0,,,,,,0,,,,,,,,,0,,,,,,,,
8483532,,Clay Stevenson,Stevenson,G,WSH,500000,1,0,-9.000000,0,,0,,C,5,0,0,0,0,0,01:00,0,59,0,0,,0,1,1,,0,0,0,,0,0,-9.00,0,00:00,0,33,,0,0,0,,86.8,,,
8478858,,Luke Stevens,Stevens,W,CAR,500000,0,,,,,0,,L,,,,,0,,,0,35,0,0,,0,,,,,,0,,,,,,,,,0,,,,,,,,
8479588,,Nolan Stevens,Stevens,C,DET,500000,0,,,,,0,,N,,,,,0,,,0,40,0,0,,0,,,,,,0,,,,,,,,,0,,,,,,,,
8479962,,John Stevens,Stevens,C,NYI,500000,0,,,,,0,,J,,,,,0,,,0,46,0,0,,0,,,,,,0,,,,,,,,,0,,,,,,,,
8484942,,Sam Stevens,Stevens,C,TOR,500000,0,,,,,0,,S,,,,,0,,,0,57,0,0,,0,,,,,,0,,,,,,,,,,,,,,,,,
8476905,,Chandler Stephenson,Stephenson,C,SEA,2970000,1,38,21.371795,50,,0,,C,0,13,1,0,0,33,19:31,0,63,1,0,20250926,0,38,78,,0,0,0,,-9,24,1667.00,1,00:00,51,0,-1700000,2,72,0,,,,2025-09-24,2025-09-24
8478477,,Mitchell Stephens,Stephens,C,SEA,500000,1,2,3.892857,4,,0,,M,0,1,0,0,0,25,09:14,0,63,0,0,,0,14,28,,0,0,0,,-8,6,109.00,0,00:00,3,0,0,0,19,0,,,,,
8478855,,Devante Stephens,Stephens,D,TBL,500000,0,,,,,0,,D,,,,,0,,,0,56,0,0,,0,,,,,,0,,,,,,,,,0,,,,,,,,
8474613,,Derek Stepan,Stepan,C,CAR,500000,0,,,,,0,,D,,,,,0,,,0,35,0,0,,0,,,,,,0,,,,,,,,,-1140000,,,,,,,,
8476962,,Zach Stepan,Stepan,C,NSH,500000,0,,,,,0,,Z,,,,,0,,,0,48,0,0,,0,,,,,,0,,,,,,,,,0,,,,,,,,
8479554,,Jakob Stenqvist,Stenqvist,D,DAL,500000,0,,,,,0,,J,,,,,0,,,0,39,0,0,,0,,,,,,0,,,,,,,,,0,,,,,,,,
8478831,,Kevin Stenlund,Stenlund,C,UTA,2100000,1,14,14.951220,62,,0,,K,0,14,1,0,0,49,14:21,0,64,0,0,,0,31,82,,0,0,0,,-6,40,1226.00,0,00:00,28,0,560000,1,102,0,,,,,
8484230,,Otto Stenberg,Stenberg,C,STL,500000,1,,,,,0,,O,,,,,0,,,0,55,0,0,,0,,,,,,0,,,,,,,,,,,,,,,,,
8470740,,Lee Stempniak,Stempniak,W,BOS,500000,0,,,,,0,,L,,,,,0,,,0,32,0,0,,0,,,,,,0,,,,,,,,,0,,,,,,,,
8483100,,James Stefan,Stefan,W,EDM,500000,1,,,,,0,,J,,,,,0,,,0,41,0,0,,0,,,,,,0,,,,,,,,,0,,,,,,,,
8482634,,Alex Steeves,Steeves,C,BOS,1580000,1,1,19.142857,1,,0,,A,0,1,0,0,0,19,09:53,0,32,0,0,,0,1,7,,0,0,0,,3,0,134.00,0,00:00,2,0,,0,7,0,,,,,
8484834,,Ben Steeves,Steeves,W,FLA,500000,1,,,,,0,,B,,,,,0,,,0,42,0,0,,0,,,,,,0,,,,,,,,,,,,,,,,,
8485134,,Owen Van Steensel,Steensel,W,PIT,500000,0,,,,,0,,O,,,,,0,,,0,53,0,0,,0,,,,,,0,,,,,,,,,,,,,,,,,
8480212,,Tyler Steenbergen,Steenbergen,C,ARI,500000,0,,,,,0,,T,,,,,0,,,0,52,0,0,,0,,,,,,0,,,,,,,,,0,,,,,,,,
8485091,,Noah Steen,Steen,W,TBL,500000,1,,,,,0,,N,,,,,0,,,0,56,0,0,,0,,,,,,0,,,,,,,,,,,,,,,,,
8470257,,Alexander Steen,Steen,W,STL,500000,0,,,,,0,,A,,,,,0,,,0,55,0,0,,0,,,,,,0,,,,,,,,,0,,,,,,,,
8479546,,Oskar Steen,Steen,C,BOS,500000,0,,,,,0,,O,,,,,0,,,0,32,0,0,,0,,,,,,0,,,,,,,,,-180000,,,,,,,,
8479351,,Sam Steel,Steel,C,DAL,2420000,1,24,13.958763,38,,0,,S,0,7,1,0,0,91,14:06,0,39,0,0,,0,35,97,,0,0,0,,-7,49,1354.00,0,00:00,31,0,1070000,1,102,0,,,,,
8479442,,Troy Stecher,Stecher,D,EDM,1320000,1,4,8.243243,71,,0,,T,0,3,0,0,0,41,13:55,0,41,0,0,,0,23,74,,0,0,0,,0,29,610.00,0,00:00,7,0,80000,0,62,0,,,,,
8479585,,Casey Staum,Staum,D,MTL,500000,0,,,,,0,,C,,,,,0,,,0,45,0,0,,0,,,,,,0,,,,,,,,,0,,,,,,,,
8483530,,Jaxson Stauber,Stauber,G,UTA,2620000,1,0,33.666667,0,,0,,J,17,0,0,2,0,0,52:12,0,64,0,0,,0,3,6,,0,1,0,,0,0,202.00,0,00:00,0,141,,0,0,1,,89.2,,,
8470763,,Denis Stasyuk,Stasyuk,C,FLA,500000,0,,,,,0,,D,,,,,0,,,0,42,0,0,,0,,,,,,0,,,,,,,,,0,,,,,,,,
8471669,,Paul Stastny,Stastny,C,CAR,500000,0,,,,,0,,P,,,,,0,,,0,35,0,0,,0,,,,,,0,,,,,,,,,-2840000,,,,,,,,
8481056,,Spencer Stastney,Stastney,D,NSH,580000,1,3,4.652174,22,,0,,S,0,0,0,0,0,8,16:11,0,48,0,0,,0,13,23,,0,0,0,,-7,4,107.00,0,00:00,3,0,80000,0,15,0,,,,,
8478019,,Beau Starrett,Starrett,C,EDM,500000,0,,,,,0,,B,,,,,0,,,0,41,0,0,,0,,,,,,0,,,,,,,,,0,,,,,,,,
8480101,,Shane Starrett,Starrett,G,EDM,500000,0,,,,,0,,S,,,,,0,,,0,41,0,0,,0,,,,,,0,,,,,,,,,0,,,,,,,,
8481079,,Brett Stapley,Stapley,C,MTL,500000,0,,,,,0,,B,,,,,0,,,0,45,0,0,,0,,,,,,0,,,,,,,,,0,,,,,,,,
8475598,,Ryan Stanton,Stanton,D,EDM,500000,0,,,,,0,,R,,,,,0,,,0,41,0,0,,0,,,,,,0,,,,,,,,,0,,,,,,,,
8477613,,Ty Stanton,Stanton,D,DET,500000,0,,,,,0,,T,,,,,0,,,0,40,0,0,,0,,,,,,0,,,,,,,,,0,,,,,,,,
8479378,,Logan Stanley,Stanley,D,WPG,2950000,1,13,18.205882,81,,0,,L,0,1,0,0,0,98,15:18,0,60,0,0,,0,19,68,,0,0,0,,7,120,1238.00,0,00:00,14,0,260000,0,50,0,,,,,
8484409,,Hoyt Stanley,Stanley,D,OTT,500000,1,,,,,0,,H,,,,,0,,,0,50,0,0,,0,,,,,,0,,,,,,,,,,,,,,,,,
8482702,,Logan Stankoven,Stankoven,C,CAR,3710000,1,27,21.795699,37,,0,,L,0,19,7,0,0,66,15:10,0,35,0,0,,0,32,93,,0,0,0,,-2,20,2027.00,4,00:00,46,0,3210000,0,218,0,,,,,
8485137,,Sloan Stanick,Stanick,W,VGK,500000,0,,,,,0,,S,,,,,0,,,0,62,0,0,,0,,,,,,0,,,,,,,,,,,,,,,,,
8482129,,Sam Stange,Stange,W,STL,500000,1,,,,,0,,S,,,,,0,,,0,55,0,0,,0,,,,,,0,,,,,,,,,0,,,,,,,,
8484229,,Jakub Stancl,Stancl,C,STL,500000,1,,,,,0,,J,,,,,0,,,0,55,0,0,,0,,,,,,0,,,,,,,,,,,,,,,,,
8474564,,Steven Stamkos,Stamkos,C,NSH,3330000,1,25,23.743902,44,,0,,S,0,27,6,0,0,66,18:00,0,48,0,0,,0,42,82,,1,0,0,,-36,48,1947.00,14,00:00,52,0,-2120000,0,174,0,,,,,
8471774,,Alex Stalock,Stalock,G,ANA,500000,0,,,,,0,,A,,,,,0,,,0,31,0,0,,0,,,,,,0,,,,,,,,,-4500000,,,,,,,,
8479319,,Jordy Stallard,Stallard,C,OTT,500000,0,,,,,0,,J,,,,,0,,,0,50,0,0,,0,,,,,,0,,,,,,,,,0,,,,,,,,
8473537,,Viktor Stalberg,Stalberg,W,OTT,500000,0,,,,,0,,V,,,,,0,,,0,50,0,0,,0,,,,,,0,,,,,,,,,0,,,,,,,,
8470162,,Matt Stajan,Stajan,C,CAL,500000,0,,,,,0,,M,,,,,0,,,0,34,0,0,,0,,,,,,0,,,,,,,,,0,,,,,,,,
8471226,,Drew Stafford,Stafford,W,NJD,500000,0,,,,,0,,D,,,,,0,,,0,49,0,0,,0,,,,,,0,,,,,,,,,0,,,,,,,,
8485539,,Wojciech Stachowiak,Stachowiak,W,TBL,500000,1,,,,,0,,W,,,,,0,,,0,56,0,0,,0,,,,,,0,,,,,,,,,,,,,,,,,
8473533,,Jordan Staal,Staal,C,CAR,3900000,1,24,23.122222,52,,0,,J,0,15,3,0,0,205,15:41,0,35,0,0,,0,29,90,,0,0,0,,14,24,2081.00,0,00:00,39,0,-1310000,2,125,0,,,,,
8470595,,Eric Staal,Staal,C,FLA,500000,0,,,,,0,,E,,,,,0,,,0,42,0,0,,0,,,,,,0,,,,,,,,,-760000,,,,,,,,
8471686,,Marc Staal,Staal,D,PHI,500000,0,,,,,0,,M,,,,,0,,,0,51,0,0,,0,,,,,,0,,,,,,,,,-810000,,,,,,,,
8482116,,Tim StÃ¼tzle,StÃ¼tzle,C,OTT,5820000,1,58,35.954545,47,,0,,T,0,26,2,0,0,162,19:50,0,50,0,0,,0,31,88,,2,0,0,,1,48,3164.00,6,00:00,84,0,3250000,0,176,0,,,,,
8473647,,Frédéric St-Denis,St-Denis,D,CBJ,500000,0,,,,,0,,F,,,,,0,,,0,38,0,0,,0,,,,,,0,,,,,,,,,0,,,,,,,,
8484520,,Mael St-Denis,St-Denis,C,VGK,500000,0,,,,,0,,M,,,,,0,,,0,62,0,0,,0,,,,,,0,,,,,,,,,,,,,,,,,
8484405,,Cam Squires,Squires,W,NJD,500000,1,,,,,0,,C,,,,,0,,,0,49,0,0,,0,,,,,,0,,,,,,,,,,,,,,,,,
8474716,,Jared Spurgeon,Spurgeon,D,MIN,3700000,1,25,23.416667,131,,0,,J,0,8,3,0,0,57,20:39,0,44,0,0,,0,27,72,,1,0,0,,13,14,1686.00,1,00:00,33,0,750000,0,119,0,,,,,
8483880,,Emmett Sproule,Sproule,W,BUF,500000,0,,,,,0,,E,,,,,0,,,0,33,0,0,,0,,,,,,0,,,,,,,,,,,,,,,,,
8476450,,Ryan Sproul,Sproul,D,DET,500000,0,,,,,0,,R,,,,,0,,,0,40,0,0,,0,,,,,,0,,,,,,,,,0,,,,,,,,
8478466,,Daniel Sprong,Sprong,W,NJD,1570000,1,5,12.290323,6,,0,,D,0,2,1,0,0,34,12:10,0,49,0,0,,0,14,31,,0,0,0,,-2,2,381.00,1,00:00,7,0,-1430000,0,55,0,,,,,
8475727,,Ryan Spooner,Spooner,C,VAN,500000,0,,,,,0,,R,,,,,0,,,0,58,0,0,,0,,,,,,0,,,,,,,,,0,,,,,,,,
8482524,,Timofey Spitserov,Spitserov,W,SJS,500000,0,,,,,0,,T,,,,,0,,,0,54,0,0,,0,,,,,,0,,,,,,,,,0,,,,,,,,
8481603,,Yegor Spiridonov,Spiridonov,C,SJS,500000,1,,,,,0,,Y,,,,,0,,,0,54,0,0,,0,,,,,,0,,,,,,,,,0,,,,,,,,
8478088,,Steven Spinner,Spinner,W,WSH,500000,0,,,,,0,,S,,,,,0,,,0,59,0,0,,0,,,,,,0,,,,,,,,,0,,,,,,,,
8483701,,Cole Spicer,Spicer,C,BOS,500000,1,,,,,0,,C,,,,,0,,,0,32,0,0,,0,,,,,,0,,,,,,,,,,,,,,,,,
8469455,,Jason Spezza,Spezza,C,TOR,500000,0,,,,,0,,J,,,,,0,,,0,57,0,0,,0,,,,,,0,,,,,,,,,-2870000,,,,,,,,
8478441,,Matthew Spencer,Spencer,D,BUF,500000,0,,,,,0,,M,,,,,0,,,0,33,0,0,,0,,,,,,0,,,,,,,,,0,,,,,,,,
8481606,,Jordan Spence,Spence,D,OTT,2700000,1,24,17.726190,77,,0,,J,0,5,0,0,0,83,16:14,0,50,0,0,,0,27,84,,0,0,0,,22,16,1489.00,0,00:00,29,0,2200000,0,88,0,,,,,
8485359,,Malcolm Spence,Spence,W,NYR,500000,1,,,,,0,,M,,,,,0,,,0,47,0,0,,0,,,,,,0,,,,,,,,,,,,,,,,,
8484858,,Anthony (AJ) Spellacy,Spellacy,W,CHI,500000,1,,,,,0,,A,,,,,0,,,0,36,0,0,,0,,,,,,0,,,,,,,,,,,,,,,,,
8478480,,Blake Speers,Speers,C,ARI,500000,0,,,,,0,,B,,,,,0,,,0,52,0,0,,0,,,,,,0,,,,,,,,,0,,,,,,,,
8476343,,Garret Sparks,Sparks,G,VGK,500000,0,,,,,0,,G,,,,,0,,,0,62,0,0,,0,,,,,,0,,,,,,,,,0,,,,,,,,
8483517,,Jack Sparkes,Sparkes,D,LAK,500000,1,,,,,0,,J,,,,,0,,,0,43,0,0,,0,,,,,,0,,,,,,,,,,,,,,,,,
8474096,,Nick Spaling,Spaling,C,SJS,500000,0,,,,,0,,N,,,,,0,,,0,54,0,0,,0,,,,,,0,,,,,,,,,0,,,,,,,,
8485678,,Grant Spada,Spada,D,TBL,500000,1,,,,,0,,G,,,,,0,,,0,56,0,0,,0,,,,,,0,,,,,,,,,,,,,,,,,
8483766,,David Spacek,Spacek,D,MIN,500000,1,,,,,0,,D,,,,,0,,,0,44,0,0,,0,,,,,,0,,,,,,,,,,,,,,,,,
8478487,,Michael Spacek,Spacek,W,WPG,500000,0,,,,,0,,M,,,,,0,,,0,60,0,0,,0,,,,,,0,,,,,,,,,0,,,,,,,,
8478516,,Tyler Soy,Soy,C,ANA,500000,0,,,,,0,,T,,,,,0,,,0,31,0,0,,0,,,,,,0,,,,,,,,,0,,,,,,,,
8483811,,Spencer Sova,Sova,D,BUF,500000,0,,,,,0,,S,,,,,0,,,0,33,0,0,,0,,,,,,0,,,,,,,,,,,,,,,,,
8482088,,Justin Sourdif,Sourdif,W,WSH,2120000,1,0,59.000000,0,,0,,J,0,1,1,0,0,0,09:27,0,59,0,0,,0,0,1,,0,0,0,,1,0,59.00,0,00:00,1,0,1620000,0,2,0,,,,,
8477369,,Carson Soucy,Soucy,D,NYR,1800000,1,9,13.000000,97,,0,,C,0,4,2,0,0,113,17:55,0,47,0,0,,0,29,75,,0,0,0,,-11,46,975.00,0,00:00,13,0,-1140000,0,81,0,,,,,
8483819,,Carter Souch,Souch,W,VGK,500000,0,,,,,0,,C,,,,,0,,,0,62,0,0,,0,,,,,,0,,,,,,,,,,,,,,,,,
8484572,,Matthew Soto,Soto,W,PIT,500000,0,,,,,0,,M,,,,,0,,,0,53,0,0,,0,,,,,,0,,,,,,,,,,,,,,,,,
8484228,,Carter Sotheran,Sotheran,D,VGK,500000,1,,,,,0,,C,,,,,0,,,0,62,0,0,,0,,,,,,0,,,,,,,,,,,,,,,,,
8479598,,Oleg Sosunov,Sosunov,D,TBL,500000,0,,,,,0,,O,,,,,0,,,0,56,0,0,,0,,,,,,0,,,,,,,,,0,,,,,,,,
8478373,,Nikita Soshnikov,Soshnikov,W,STL,500000,0,,,,,0,,N,,,,,0,,,0,55,0,0,,0,,,,,,0,,,,,,,,,0,,,,,,,,
8484392,,Felix Unger Sorum,Sorum,W,CAR,500000,1,,,,,0,,F,,,,,0,,,0,35,0,0,,0,,,,,,0,,,,,,,,,,,,,,,,,
8478009,,Ilya Sorokin,Sorokin,G,NYI,5790000,1,2,43.032787,0,,0,,I,158,1,0,30,0,0,57:21,0,46,0,0,,0,24,61,,0,6,0,,0,0,2625.00,0,00:00,3,1535,-1920000,0,0,4,,90.7,,,
8475834,,Marcus Sorensen,Sorensen,W,SJS,500000,0,,,,,0,,M,,,,,0,,,0,54,0,0,,0,,,,,,0,,,,,,,,,-520000,,,,,,,,
8477466,,Nick Sorensen,Sorensen,W,ANA,500000,0,,,,,0,,N,,,,,0,,,0,31,0,0,,0,,,,,,0,,,,,,,,,0,,,,,,,,
8484511,,Matthew Sop,Sop,W,TOR,500000,0,,,,,0,,M,,,,,0,,,0,57,0,0,,0,,,,,,0,,,,,,,,,,,,,,,,,
8478893,,Andong Song,Song,D,NYI,500000,0,,,,,0,,A,,,,,0,,,0,46,0,0,,0,,,,,,0,,,,,,,,,0,,,,,,,,
8479405,,Otto Somppi,Somppi,C,TBL,500000,0,,,,,0,,O,,,,,0,,,0,56,0,0,,0,,,,,,0,,,,,,,,,0,,,,,,,,
8478481,,Mitchell Vande Sompel,Sompel,D,NYI,500000,0,,,,,0,,M,,,,,0,,,0,46,0,0,,0,,,,,,0,,,,,,,,,0,,,,,,,,
8476951,,Doyle Somerby,Somerby,D,CBJ,500000,0,,,,,0,,D,,,,,0,,,0,38,0,0,,0,,,,,,0,,,,,,,,,0,,,,,,,,
8482470,,Ilya Solovyov,Solovyov,D,CAL,870000,1,1,9.400000,5,,0,,I,0,0,0,0,0,12,15:40,0,34,0,0,,0,2,5,,0,0,0,,-3,2,47.00,0,00:00,1,0,370000,0,6,0,,,,,
8480319,,Alexey Solovyev,Solovyev,D,FA,500000,0,,,,,0,,A,,,,,0,,,0,0,0,0,,0,,,,,,0,,,,,,,,,0,,,,,,,,
8485604,,Brent Solomon,Solomon,W,DET,500000,1,,,,,0,,B,,,,,0,,,0,40,0,0,,0,,,,,,0,,,,,,,,,,,,,,,,,
8477332,,Jedd Soleway,Soleway,C,ARI,500000,0,,,,,0,,J,,,,,0,,,0,52,0,0,,0,,,,,,0,,,,,,,,,0,,,,,,,,
8484859,,Stian Solberg,Solberg,D,ANA,500000,1,,,,,0,,S,,,,,0,,,0,31,0,0,,0,,,,,,0,,,,,,,,,,,,,,,,,
8469723,,Ilya Solarev,Solarev,W,TBL,500000,0,,,,,0,,I,,,,,0,,,0,56,0,0,,0,,,,,,0,,,,,,,,,0,,,,,,,,
8479563,,Dmitry Sokolov,Sokolov,W,MIN,500000,0,,,,,0,,D,,,,,0,,,0,44,0,0,,0,,,,,,0,,,,,,,,,0,,,,,,,,
8481102,,Egor Sokolov,Sokolov,W,UTA,500000,0,,,,,0,,E,,,,,0,,,0,64,0,0,,0,,,,,,0,,,,,,,,,0,,,,,,,,
8484861,,Sebastian Soini,Soini,D,MIN,500000,1,,,,,0,,S,,,,,0,,,0,44,0,0,,0,,,,,,0,,,,,,,,,,,,,,,,,
8468530,,Sergei Soin,Soin,C,NSH,500000,0,,,,,0,,S,,,,,0,,,0,48,0,0,,0,,,,,,0,,,,,,,,,0,,,,,,,,
8481544,,Mads Sogaard,Sogaard,G,OTT,500000,1,0,-3.000000,0,,0,,M,8,0,0,1,0,0,45:47,0,50,0,0,,0,1,2,,0,0,0,,0,0,-6.00,0,00:00,0,32,0,0,0,0,,80.0,,,
8481599,,Victor Soderstrom,Soderstrom,D,BOS,500000,1,,,,,0,,V,,,,,0,,,0,32,0,0,,0,,,,,,0,,,,,,,,,-670000,,,,,,,,
8478025,,Linus Soderstrom,Soderstrom,G,NYI,500000,0,,,,,0,,L,,,,,0,,,0,46,0,0,,0,,,,,,0,,,,,,,,,0,,,,,,,,
8480203,,Tim Soderlund,Soderlund,C,EDM,500000,0,,,,,0,,T,,,,,0,,,0,41,0,0,,0,,,,,,0,,,,,,,,,0,,,,,,,,
8481039,,Johan Sodergran,Sodergran,W,LAK,500000,0,,,,,0,,J,,,,,0,,,0,43,0,0,,0,,,,,,0,,,,,,,,,0,,,,,,,,
8481725,,Elmer Soderblom,Soderblom,W,DET,2500000,1,7,19.961538,12,,0,,E,0,4,1,0,0,43,13:22,0,40,0,0,,0,10,26,,0,0,0,,2,6,519.00,0,00:00,11,0,2000000,0,38,0,,,,,
8482821,,Arvid Soderblom,Soderblom,G,CHI,3410000,1,0,26.666667,0,,0,,A,111,0,0,10,0,0,58:14,0,36,0,0,,0,19,36,,0,7,0,,0,0,960.00,0,00:00,0,975,2910000,0,0,0,,89.8,,,
8471262,,Carl Soderberg,Soderberg,C,COL,500000,0,,,,,0,,C,,,,,0,,,0,37,0,0,,0,,,,,,0,,,,,,,,,-2050000,,,,,,,,
8478077,,Andreas Soderberg,Soderberg,D,CHI,500000,0,,,,,0,,A,,,,,0,,,0,36,0,0,,0,,,,,,0,,,,,,,,,0,,,,,,,,
8471743,,Vladimir Sobotka,Sobotka,C,BUF,500000,0,,,,,0,,V,,,,,0,,,0,33,0,0,,0,,,,,,0,,,,,,,,,0,,,,,,,,
8482717,,Daniil Sobolev,Sobolev,D,MTL,500000,1,,,,,0,,D,,,,,0,,,0,45,0,0,,0,,,,,,0,,,,,,,,,0,,,,,,,,
8477345,,Markus Soberg,Soberg,W,CBJ,500000,0,,,,,0,,M,,,,,0,,,0,38,0,0,,0,,,,,,0,,,,,,,,,0,,,,,,,,
8483516,,Jimmy Snuggerud,Snuggerud,W,STL,2030000,1,5,22.857143,6,,0,,J,0,3,0,0,0,12,16:17,0,55,0,0,,0,5,14,,0,0,0,,2,0,320.00,2,00:00,8,0,,0,22,0,,,,,
8478070,,Luc Snuggerud,Snuggerud,D,CHI,500000,0,,,,,0,,L,,,,,0,,,0,36,0,0,,0,,,,,,0,,,,,,,,,0,,,,,,,,
8481441,,Joe Snively,Snively,C,DET,500000,0,,,,,0,,J,,,,,0,,,0,40,0,0,,0,,,,,,0,,,,,,,,,,,,,,,,,
8469704,,Vitali Smolyninov,Smolyninov,C,TBL,500000,0,,,,,0,,V,,,,,0,,,0,56,0,0,,0,,,,,,0,,,,,,,,,0,,,,,,,,
8475758,,Devante Smith-Pelly,Smith-Pelly,W,WSH,500000,0,,,,,0,,D,,,,,0,,,0,59,0,0,,0,,,,,,0,,,,,,,,,0,,,,,,,,
8474090,,Brendan Smith,Smith,D,DAL,1430000,1,5,11.281250,23,,0,,B,0,1,0,0,0,41,13:13,0,39,0,0,,0,12,32,,0,0,0,,-9,33,361.00,0,00:00,6,0,-840000,1,27,0,,,,,
8475191,,Reilly Smith,Smith,W,VGK,3690000,1,28,22.166667,44,,0,,R,0,16,5,0,0,68,15:28,0,62,0,0,,0,34,90,,1,0,0,,11,28,1995.00,2,00:00,44,0,-200000,3,146,0,,,,,
8475225,,Craig Smith,Smith,C,DET,1950000,1,9,14.406780,28,,0,,C,0,9,1,0,0,56,11:20,0,40,0,0,,0,31,59,,0,0,0,,-9,34,850.00,2,00:00,18,0,-2550000,0,90,0,,,,,
8480883,,Ty Smith,Smith,D,CAR,1300000,1,1,15.250000,4,,0,,T,0,1,0,0,0,2,13:40,0,35,0,0,,0,2,8,,0,0,0,,1,4,122.00,1,00:00,2,0,-940000,0,14,0,,,,,
8480979,,Nathan Smith,Smith,C,VAN,500000,1,,,,,0,,N,,,,,0,,,0,58,0,0,,0,,,,,,0,,,,,,,,,0,,,,,,,,
8482062,,Cole Smith,Smith,W,NSH,1670000,1,8,12.183099,29,,0,,C,0,4,0,0,0,161,13:36,0,48,0,0,,0,37,71,,0,0,0,,-16,69,865.00,0,00:00,12,0,1170000,0,69,0,,,,,
8482514,,Jack Smith,Smith,C,MTL,500000,1,,,,,0,,J,,,,,0,,,0,45,0,0,,0,,,,,,0,,,,,,,,,0,,,,,,,,
8484227,,Will Smith,Smith,C,SJS,2660000,1,27,19.243243,15,,0,,W,0,18,1,0,0,13,15:51,0,54,0,0,,0,45,74,,0,0,0,,-15,18,1424.00,5,00:00,45,0,,0,127,0,,,,,
8484395,,Konnor Smith,Smith,D,ANA,500000,1,,,,,0,,K,,,,,0,,,0,31,0,0,,0,,,,,,0,,,,,,,,,,,,,,,,,
8484540,,Blake Smith,Smith,D,TOR,500000,1,,,,,0,,B,,,,,0,,,0,57,0,0,,0,,,,,,0,,,,,,,,,,,,,,,,,
8484862,,Tarin Smith,Smith,D,ANA,500000,1,,,,,0,,T,,,,,0,,,0,31,0,0,,0,,,,,,0,,,,,,,,,,,,,,,,,
8485007,,Gabe Smith,Smith,C,UTA,500000,1,,,,,0,,G,,,,,0,,,0,64,0,0,,0,,,,,,0,,,,,,,,,,,,,,,,,
8485361,,Jackson Smith,Smith,D,CBJ,2020000,1,,,,,0,,J,,,,,0,,,0,38,0,0,,0,,,,,,0,,,,,,,,,,,,,,,,,
8485708,,Brady Smith,Smith,C,PIT,500000,1,,,,,0,,B,,,,,0,,,0,53,0,0,,0,,,,,,0,,,,,,,,,,,,,,,,,
8469608,,Mike Smith,Smith,G,EDM,500000,0,,,,,0,,M,,,,,0,,,0,41,0,0,,0,,,,,,0,,,,,,,,,-7690000,,,,,,,,
8473942,,Trevor Smith,Smith,C,NSH,500000,0,,,,,0,,T,,,,,0,,,0,48,0,0,,0,,,,,,0,,,,,,,,,0,,,,,,,,
8473953,,Derek Smith,Smith,D,ARI,500000,0,,,,,0,,D,,,,,0,,,0,52,0,0,,0,,,,,,0,,,,,,,,,0,,,,,,,,
8474092,,Jeremy Smith,Smith,G,NYI,500000,0,,,,,0,,J,,,,,0,,,0,46,0,0,,0,,,,,,0,,,,,,,,,0,,,,,,,,
8474250,,Zack Smith,Smith,C,CHI,500000,0,,,,,0,,Z,,,,,0,,,0,36,0,0,,0,,,,,,0,,,,,,,,,0,,,,,,,,
8474727,,Ben Smith,Smith,W,TOR,500000,0,,,,,0,,B,,,,,0,,,0,57,0,0,,0,,,,,,0,,,,,,,,,0,,,,,,,,
8475748,,Dalton Smith,Smith,W,BUF,500000,0,,,,,0,,D,,,,,0,,,0,33,0,0,,0,,,,,,0,,,,,,,,,0,,,,,,,,
8476536,,Colin Smith,Smith,C,COL,500000,0,,,,,0,,C,,,,,0,,,0,37,0,0,,0,,,,,,0,,,,,,,,,0,,,,,,,,
8476966,,Gemel Smith,Smith,C,TBL,500000,0,,,,,0,,G,,,,,0,,,0,56,0,0,,0,,,,,,0,,,,,,,,,-1810000,,,,,,,,
8477985,,Hunter Smith,Smith,W,CAL,500000,0,,,,,0,,H,,,,,0,,,0,34,0,0,,0,,,,,,0,,,,,,,,,0,,,,,,,,
8478919,,Evan Smith,Smith,G,NSH,500000,0,,,,,0,,E,,,,,0,,,0,48,0,0,,0,,,,,,0,,,,,,,,,0,,,,,,,,
8479056,,Jacob Smith,Smith,G,NYR,500000,0,,,,,0,,J,,,,,0,,,0,47,0,0,,0,,,,,,0,,,,,,,,,0,,,,,,,,
8479379,,Givani Smith,Smith,W,COL,710000,0,0,6.615385,5,,0,,G,0,0,0,0,0,20,06:20,0,37,0,0,,0,2,13,,0,0,0,,-3,18,86.00,0,00:00,0,0,-800000,0,6,0,,,,,
8479603,,Adam Smith,Smith,D,NSH,500000,0,,,,,0,,A,,,,,0,,,0,48,0,0,,0,,,,,,0,,,,,,,,,0,,,,,,,,
8480083,,C.J. Smith,Smith,W,NYR,500000,0,,,,,0,,C,,,,,0,,,0,47,0,0,,0,,,,,,0,,,,,,,,,-50000,,,,,,,,
8480380,,Luc Smith,Smith,C,FA,500000,0,,,,,0,,L,,,,,0,,,0,0,0,0,,0,,,,,,0,,,,,,,,,0,,,,,,,,
8482961,,Mitchell Smith,Smith,D,COL,500000,0,,,,,0,,M,,,,,0,,,0,37,0,0,,0,,,,,,0,,,,,,,,,0,,,,,,,,
8485136,,Shane Smith,Smith,C,VGK,500000,0,,,,,0,,S,,,,,0,,,0,62,0,0,,0,,,,,,0,,,,,,,,,,,,,,,,,
8480287,,Denis Smirnov,Smirnov,W,COL,500000,0,,,,,0,,D,,,,,0,,,0,37,0,0,,0,,,,,,0,,,,,,,,,0,,,,,,,,
8482104,,Ty Smilanic,Smilanic,C,MTL,500000,1,,,,,0,,T,,,,,0,,,0,45,0,0,,0,,,,,,0,,,,,,,,,0,,,,,,,,
8471222,,Ladislav Smid,Smid,D,CAL,500000,0,,,,,0,,L,,,,,0,,,0,34,0,0,,0,,,,,,0,,,,,,,,,0,,,,,,,,
8479722,,Jalen Smereck,Smereck,D,ARI,500000,0,,,,,0,,J,,,,,0,,,0,52,0,0,,0,,,,,,0,,,,,,,,,0,,,,,,,,
8484314,,Jiri Smejkal,Smejkal,W,OTT,500000,0,,,,,0,,J,,,,,0,,,0,50,0,0,,0,,,,,,0,,,,,,,,,,,,,,,,,
8483872,,Jakin Smallwood,Smallwood,W,STL,500000,0,,,,,0,,J,,,,,0,,,0,55,0,0,,0,,,,,,0,,,,,,,,,,,,,,,,,
8478867,,Spencer Smallman,Smallman,W,WSH,500000,1,,,,,0,,S,,,,,0,,,0,59,0,0,,0,,,,,,0,,,,,,,,,0,,,,,,,,
8484417,,Hampton Slukynsky,Slukynsky,G,LAK,500000,1,,,,,0,,H,,,,,0,,,0,43,0,0,,0,,,,,,0,,,,,,,,,,,,,,,,,
8477415,,Anton Slepyshev,Slepyshev,W,EDM,500000,0,,,,,0,,A,,,,,0,,,0,41,0,0,,0,,,,,,0,,,,,,,,,0,,,,,,,,
8481724,,Kirill Slepets,Slepets,W,TOR,500000,1,,,,,0,,K,,,,,0,,,0,57,0,0,,0,,,,,,0,,,,,,,,,0,,,,,,,,
8476958,,Jaccob Slavin,Slavin,D,CAR,3260000,1,23,18.957895,161,,0,,J,0,8,3,0,0,29,21:55,0,35,1,0,20251009,0,32,95,,1,0,0,,26,8,1801.00,0,00:00,31,0,-70000,0,141,0,,,,2025-09-22,2025-09-22
8481004,,Josiah Slavin,Slavin,W,CAR,500000,1,,,,,0,,J,,,,,0,,,0,35,0,0,,0,,,,,,0,,,,,,,,,0,,,,,,,,
8470289,,Jim Slater,Slater,C,WPG,500000,0,,,,,0,,J,,,,,0,,,0,60,0,0,,0,,,,,,0,,,,,,,,,0,,,,,,,,
8480311,,Jake Slaker,Slaker,C,FA,500000,0,,,,,0,,J,,,,,0,,,0,0,0,0,,0,,,,,,0,,,,,,,,,0,,,,,,,,
8482172,,Landon Slaggert,Slaggert,W,CHI,1200000,1,4,9.424242,13,,0,,L,0,2,1,0,0,25,12:18,0,36,0,0,,0,17,33,,0,0,0,,-7,23,311.00,0,00:00,6,0,700000,0,33,0,,,,,
8483515,,Juraj SlafkovskÃ½,SlafkovskÃ½,W,MTL,4480000,1,33,28.654762,63,,0,,J,0,20,1,0,0,208,17:30,0,45,0,0,,0,32,84,,0,0,0,,0,49,2407.00,6,00:00,53,0,,0,149,0,,,,,
8484380,,Wilmer Skoog,Skoog,C,FLA,500000,1,,,,,0,,W,,,,,0,,,0,42,0,0,,0,,,,,,0,,,,,,,,,,,,,,,,,
8480953,,David Sklenicka,Sklenicka,D,MTL,500000,0,,,,,0,,D,,,,,0,,,0,45,0,0,,0,,,,,,0,,,,,,,,,0,,,,,,,,
8478998,,Nikolai Skladnichenko,Skladnichenko,W,TOR,500000,0,,,,,0,,N,,,,,0,,,0,57,0,0,,0,,,,,,0,,,,,,,,,0,,,,,,,,
8476869,,Brady Skjei,Skjei,D,NSH,2340000,1,23,16.670732,86,,0,,B,0,10,1,0,0,51,21:53,0,48,0,0,,0,42,82,,0,0,0,,-24,42,1367.00,2,00:00,33,0,-20000,0,156,0,,,,,
8475784,,Jeff Skinner,Skinner,C,EDM,2830000,1,14,17.389610,25,,0,,J,0,17,1,0,0,55,12:57,0,41,0,0,,0,26,77,,0,0,0,,0,26,1339.00,0,00:00,31,0,1390000,0,153,0,,,,,
8479973,,Stuart Skinner,Skinner,G,EDM,6010000,1,0,36.681818,0,,0,,S,182,0,0,33,0,0,57:56,0,41,1,0,20251003,0,25,66,,0,5,0,,0,0,2421.00,0,00:00,0,1538,4460000,0,0,6,,89.4,,2025-10-04,2025-10-04
8481715,,Hunter Skinner,Skinner,D,STL,500000,1,,,,,0,,H,,,,,0,,,0,55,0,0,,0,,,,,,0,,,,,,,,,0,,,,,,,,
8471681,,Jack Skille,Skille,W,VAN,500000,0,,,,,0,,J,,,,,0,,,0,58,0,0,,0,,,,,,0,,,,,,,,,0,,,,,,,,
8480819,,Jakub Skarek,Skarek,G,NYI,500000,1,0,-3.500000,0,,0,,J,5,0,0,0,0,0,38:05,0,46,0,0,,0,2,2,,0,0,0,,0,0,-7.00,0,00:00,0,34,0,0,0,0,,87.2,,,
8477084,,Mackenzie Skapski,Skapski,G,NYR,500000,0,,,,,0,,M,,,,,0,,,0,47,0,0,,0,,,,,,0,,,,,,,,,0,,,,,,,,
8484863,,Will Skahan,Skahan,D,UTA,500000,1,,,,,0,,W,,,,,0,,,0,64,0,0,,0,,,,,,0,,,,,,,,,,,,,,,,,
8470810,,Evgeny Skachkov,Skachkov,W,STL,500000,0,,,,,0,,E,,,,,0,,,0,55,0,0,,0,,,,,,0,,,,,,,,,0,,,,,,,,
8485663,,Gustav Sjoqvist,Sjoqvist,D,VGK,500000,1,,,,,0,,G,,,,,0,,,0,62,0,0,,0,,,,,,0,,,,,,,,,,,,,,,,,
8481714,,Samuel Sjolund,Sjolund,D,DAL,500000,0,,,,,0,,S,,,,,0,,,0,39,0,0,,0,,,,,,0,,,,,,,,,0,,,,,,,,
8483706,,Linus Sjodin,Sjodin,C,BUF,500000,0,,,,,0,,L,,,,,0,,,0,33,0,0,,0,,,,,,0,,,,,,,,,,,,,,,,,
8482910,,Albert Sjoberg,Sjoberg,W,DAL,500000,0,,,,,0,,A,,,,,0,,,0,39,0,0,,0,,,,,,0,,,,,,,,,0,,,,,,,,
8478089,,Pontus Sjalin,Sjalin,D,MIN,500000,0,,,,,0,,P,,,,,0,,,0,44,0,0,,0,,,,,,0,,,,,,,,,0,,,,,,,,
8480228,,Calle Sjalin,Sjalin,D,NYR,500000,0,,,,,0,,C,,,,,0,,,0,47,0,0,,0,,,,,,0,,,,,,,,,0,,,,,,,,
8476925,,Colton Sissons,Sissons,C,NSH,1840000,1,14,13.347222,66,,0,,C,0,7,0,0,0,99,14:22,0,48,0,0,,0,35,72,,0,0,0,,-12,22,961.00,0,00:00,21,0,-390000,0,80,0,,,,,
8479692,,Colby Sissons,Sissons,D,NJD,500000,0,,,,,0,,C,,,,,0,,,0,49,0,0,,0,,,,,,0,,,,,,,,,0,,,,,,,,
8476209,,Mike Sislo,Sislo,W,NYI,500000,0,,,,,0,,M,,,,,0,,,0,46,0,0,,0,,,,,,0,,,,,,,,,0,,,,,,,,
8485026,,Alexander Siryatsky,Siryatsky,D,CAR,500000,1,,,,,0,,A,,,,,0,,,0,35,0,0,,0,,,,,,0,,,,,,,,,,,,,,,,,
8482980,,Brenden Sirizzotti,Sirizzotti,W,MTL,500000,0,,,,,0,,B,,,,,0,,,0,45,0,0,,0,,,,,,0,,,,,,,,,0,,,,,,,,
8476985,,Dmitry Sinitsyn,Sinitsyn,D,DAL,500000,0,,,,,0,,D,,,,,0,,,0,39,0,0,,0,,,,,,0,,,,,,,,,0,,,,,,,,
8471267,,Jakub Sindel,Sindel,C,CHI,500000,0,,,,,0,,J,,,,,0,,,0,36,0,0,,0,,,,,,0,,,,,,,,,0,,,,,,,,
8485574,,Cooper Simpson,Simpson,W,BOS,500000,1,,,,,0,,C,,,,,0,,,0,32,0,0,,0,,,,,,0,,,,,,,,,,,,,,,,,
8476416,,Dillon Simpson,Simpson,D,CBJ,500000,0,,,,,0,,D,,,,,0,,,0,38,0,0,,0,,,,,,0,,,,,,,,,0,,,,,,,,
8483101,,Michael Simpson,Simpson,G,OTT,500000,0,,,,,0,,M,,,,,0,,,0,50,0,0,,0,,,,,,0,,,,,,,,,0,,,,,,,,
8482128,,Kasper Simontaival,Simontaival,W,LAK,500000,0,,,,,0,,K,,,,,0,,,0,43,0,0,,0,,,,,,0,,,,,,,,,0,,,,,,,,
8478866,,Dominik Simon,Simon,C,ANA,500000,0,,,,,0,,D,,,,,0,,,0,31,0,0,,0,,,,,,0,,,,,,,,,0,,,,,,,,
8474190,,Wayne Simmonds,Simmonds,W,TOR,500000,0,,,,,0,,W,,,,,0,,,0,57,0,0,,0,,,,,,0,,,,,,,,,-1920000,,,,,,,,
8480160,,Radim Simek,Simek,D,SJS,500000,0,,,,,0,,R,,,,,0,,,0,54,0,0,,0,,,,,,0,,,,,,,,,-730000,,,,,,,,
8484386,,Dmitri Simashev,Simashev,D,UTA,500000,1,,,,,0,,D,,,,,0,,,0,64,0,0,,0,,,,,,0,,,,,,,,,,,,,,,,,
8484527,,Nicholas Sima,Sima,W,CBJ,500000,1,,,,,0,,N,,,,,0,,,0,38,0,0,,0,,,,,,0,,,,,,,,,,,,,,,,,
8483741,,Landon Sim,Sim,W,TOR,500000,1,,,,,0,,L,,,,,0,,,0,57,0,0,,0,,,,,,0,,,,,,,,,,,,,,,,,
8484919,,David Silye,Silye,C,CAL,500000,0,,,,,0,,D,,,,,0,,,0,34,0,0,,0,,,,,,0,,,,,,,,,,,,,,,,,
8481668,,Arturs Silovs,Silovs,G,PIT,500000,1,0,4.000000,0,,0,,A,33,0,0,2,0,0,54:15,0,53,0,0,,0,7,10,,0,1,0,,0,0,40.00,0,00:00,0,205,0,0,0,0,,86.1,,,
8482705,,Cole Sillinger,Sillinger,C,CBJ,2750000,1,22,20.893939,35,,0,,C,0,11,2,0,0,73,16:55,0,38,1,0,20251004,0,24,66,,1,0,0,,-11,35,1379.00,2,00:00,33,0,1250000,1,129,0,,,,2025-10-03,2025-10-03
8483538,,Owen Sillinger,Sillinger,C,CBJ,670000,1,0,10.000000,1,,0,,O,0,0,0,0,0,1,13:09,0,38,0,0,,0,0,1,,0,0,0,,0,2,10.00,0,00:00,0,0,,0,0,0,,,,,
8475119,,Zach Sill,Sill,C,WSH,500000,0,,,,,0,,Z,,,,,0,,,0,59,0,0,,0,,,,,,0,,,,,,,,,0,,,,,,,,
8475164,,Jakob Silfverberg,Silfverberg,W,ANA,500000,0,,,,,0,,J,,,,,0,,,0,31,0,0,,0,,,,,,0,,,,,,,,,-1100000,,,,,,,,
8484987,,Anton Silayev,Silayev,D,NJD,500000,1,,,,,0,,A,,,,,0,,,0,49,0,0,,0,,,,,,0,,,,,,,,,,,,,,,,,
8478106,,Dylan Sikura,Sikura,W,ANA,500000,0,,,,,0,,D,,,,,0,,,0,31,0,0,,0,,,,,,0,,,,,,,,,-650000,,,,,,,,
8485080,,Petr Sikora,Sikora,C,WSH,500000,1,,,,,0,,P,,,,,0,,,0,59,0,0,,0,,,,,,0,,,,,,,,,,,,,,,,,
8481048,,Patrik Siikanen,Siikanen,W,EDM,500000,0,,,,,0,,P,,,,,0,,,0,41,0,0,,0,,,,,,0,,,,,,,,,0,,,,,,,,
8483778,,Grayden Siepmann,Siepmann,D,TOR,500000,0,,,,,0,,G,,,,,0,,,0,57,0,0,,0,,,,,,0,,,,,,,,,,,,,,,,,
8476464,,Duncan Siemens,Siemens,D,COL,500000,0,,,,,0,,D,,,,,0,,,0,37,0,0,,0,,,,,,0,,,,,,,,,0,,,,,,,,
8476890,,Patrick Sieloff,Sieloff,D,TBL,500000,0,,,,,0,,P,,,,,0,,,0,56,0,0,,0,,,,,,0,,,,,,,,,0,,,,,,,,
8478399,,Jonas Siegenthaler,Siegenthaler,D,NJD,2320000,1,7,15.534483,93,,0,,J,0,2,0,0,0,85,19:58,0,49,0,0,,0,19,58,,0,0,0,,6,50,901.00,0,00:00,9,0,1820000,0,55,0,,,,,
8478008,,Blake Siebenaler,Siebenaler,D,PIT,500000,0,,,,,0,,B,,,,,0,,,0,53,0,0,,0,,,,,,0,,,,,,,,,0,,,,,,,,
8466327,,Andrei Sidyakin,Sidyakin,W,MTL,500000,0,,,,,0,,A,,,,,0,,,0,45,0,0,,0,,,,,,0,,,,,,,,,0,,,,,,,,
8484396,,Yegor Sidorov,Sidorov,W,ANA,500000,1,,,,,0,,Y,,,,,0,,,0,31,0,0,,0,,,,,,0,,,,,,,,,,,,,,,,,
8470099,,Kirill Sidorenko,Sidorenko,C,DAL,500000,0,,,,,0,,K,,,,,0,,,0,39,0,0,,0,,,,,,0,,,,,,,,,0,,,,,,,,
8470725,,Rustam Sidikov,Sidikov,G,NSH,500000,0,,,,,0,,R,,,,,0,,,0,48,0,0,,0,,,,,,0,,,,,,,,,0,,,,,,,,
8478496,,Deven Sideroff,Sideroff,W,ANA,500000,0,,,,,0,,D,,,,,0,,,0,31,0,0,,0,,,,,,0,,,,,,,,,0,,,,,,,,
8480210,,Igor Shvyrev,Shvyrev,C,COL,500000,0,,,,,0,,I,,,,,0,,,0,37,0,0,,0,,,,,,0,,,,,,,,,0,,,,,,,,
8485004,,Matvei Shuravin,Shuravin,D,FLA,500000,1,,,,,0,,M,,,,,0,,,0,42,0,0,,0,,,,,,0,,,,,,,,,,,,,,,,,
8475826,,Justin Shugg,Shugg,W,CAR,500000,0,,,,,0,,J,,,,,0,,,0,35,0,0,,0,,,,,,0,,,,,,,,,0,,,,,,,,
8476913,,Devin Shore,Shore,C,MIN,890000,1,4,6.709091,37,,0,,D,0,1,0,0,0,76,08:39,0,44,0,0,,0,23,55,,0,0,0,,-8,6,369.00,0,00:00,5,0,-990000,0,40,0,,,,,
8475213,,Drew Shore,Shore,C,CAR,500000,0,,,,,0,,D,,,,,0,,,0,35,0,0,,0,,,,,,0,,,,,,,,,0,,,,,,,,
8476406,,Nicholas Shore,Shore,C,TOR,500000,0,,,,,0,,N,,,,,0,,,0,57,0,0,,0,,,,,,0,,,,,,,,,0,,,,,,,,
8477309,,Quentin Shore,Shore,C,LAK,500000,0,,,,,0,,Q,,,,,0,,,0,43,0,0,,0,,,,,,0,,,,,,,,,0,,,,,,,,
8485075,,Roman Shokhrin,Shokhrin,D,CAR,500000,1,,,,,0,,R,,,,,0,,,0,35,0,0,,0,,,,,,0,,,,,,,,,,,,,,,,,
8479556,,Mark Shoemaker,Shoemaker,D,SJS,500000,0,,,,,0,,M,,,,,0,,,0,54,0,0,,0,,,,,,0,,,,,,,,,0,,,,,,,,
8481007,,Shamil Shmakov,Shmakov,G,COL,500000,1,,,,,0,,S,,,,,0,,,0,37,0,0,,0,,,,,,0,,,,,,,,,0,,,,,,,,
8482214,,Artem Shlaine,Shlaine,C,NJD,500000,0,,,,,0,,A,,,,,0,,,0,49,0,0,,0,,,,,,0,,,,,,,,,0,,,,,,,,
8479650,,Vadim Shipachev,Shipachev,C,VGK,500000,0,,,,,0,,V,,,,,0,,,0,62,0,0,,0,,,,,,0,,,,,,,,,0,,,,,,,,
8475996,,Brendan Shinnimin,Shinnimin,C,ARI,500000,0,,,,,0,,B,,,,,0,,,0,52,0,0,,0,,,,,,0,,,,,,,,,0,,,,,,,,
8477445,,Hunter Shinkaruk,Shinkaruk,C,MTL,500000,0,,,,,0,,H,,,,,0,,,0,45,0,0,,0,,,,,,0,,,,,,,,,0,,,,,,,,
8468734,,Alexander Shinkar,Shinkar,W,TOR,500000,0,,,,,0,,A,,,,,0,,,0,57,0,0,,0,,,,,,0,,,,,,,,,0,,,,,,,,
8479942,,Dominik Shine,Shine,W,DET,1070000,1,1,12.000000,3,,0,,D,0,0,0,0,0,16,08:39,0,40,0,0,,0,4,9,,0,0,0,,-1,15,108.00,0,00:00,1,0,570000,0,5,0,,,,,
8470243,,Maxim Sheviev,Sheviev,C,BUF,500000,0,,,,,0,,M,,,,,0,,,0,33,0,0,,0,,,,,,0,,,,,,,,,0,,,,,,,,
8478048,,Igor Shesterkin,Shesterkin,G,NYR,5090000,1,0,39.836066,0,,0,,I,167,0,0,27,0,0,57:28,0,47,0,0,,0,29,61,,0,5,0,,0,0,2430.00,0,00:00,0,1580,-390000,0,0,6,,90.4,,,
8480748,,Kiefer Sherwood,Sherwood,W,VAN,4540000,1,21,32.653846,30,,0,,K,0,19,6,0,0,460,14:53,0,58,0,0,,0,29,78,,1,0,0,,-1,35,2547.00,0,00:00,40,0,2770000,1,141,0,,,,,
8478949,,Kole Sherwood,Sherwood,W,OTT,500000,0,,,,,0,,K,,,,,0,,,0,50,0,0,,0,,,,,,0,,,,,,,,,-670000,,,,,,,,
8477382,,Wiley Sherman,Sherman,D,BOS,500000,0,,,,,0,,W,,,,,0,,,0,32,0,0,,0,,,,,,0,,,,,,,,,0,,,,,,,,
8483004,,Lawson Sherk,Sherk,C,TOR,500000,0,,,,,0,,L,,,,,0,,,0,57,0,0,,0,,,,,,0,,,,,,,,,0,,,,,,,,
8473536,,James Sheppard,Sheppard,C,NYR,500000,0,,,,,0,,J,,,,,0,,,0,47,0,0,,0,,,,,,0,,,,,,,,,0,,,,,,,,
8482411,,Hunter Shepard,Shepard,G,OTT,500000,1,0,-67.000000,0,,0,,H,7,0,0,0,0,0,01:00,0,50,0,0,,0,1,1,,0,0,0,,0,0,-67.00,0,00:00,0,19,,0,0,0,,73.1,,,
8481082,,Pavel Shen,Shen,C,BOS,500000,0,,,,,0,,P,,,,,0,,,0,32,0,0,,0,,,,,,0,,,,,,,,,0,,,,,,,,
8467916,,Andrei Shefer,Shefer,W,LAK,500000,0,,,,,0,,A,,,,,0,,,0,43,0,0,,0,,,,,,0,,,,,,,,,0,,,,,,,,
8477839,,Conor Sheary,Sheary,W,TBL,500000,1,0,0.800000,1,,0,,C,0,0,0,0,0,2,11:20,0,56,0,0,,0,2,5,,0,0,0,,-2,4,4.00,0,00:00,0,0,-1710000,0,3,0,,,,,
8475772,,Riley Sheahan,Sheahan,C,BUF,500000,0,,,,,0,,R,,,,,0,,,0,33,0,0,,0,,,,,,0,,,,,,,,,-580000,,,,,,,,
8478854,,Ryan Shea,Shea,D,PIT,740000,1,3,6.230769,44,,0,,R,0,2,0,0,0,20,16:44,0,53,0,0,,0,18,39,,0,0,0,,-9,14,243.00,0,00:00,5,0,240000,0,19,0,,,,,
8478909,,Patrick Shea,Shea,C,FLA,500000,0,,,,,0,,P,,,,,0,,,0,42,0,0,,0,,,,,,0,,,,,,,,,0,,,,,,,,
8479972,,Mason Shaw,Shaw,C,WPG,500000,1,,,,,0,,M,,,,,0,,,0,60,0,0,,0,,,,,,0,,,,,,,,,0,,,,,,,,
8476381,,Andrew Shaw,Shaw,W,CHI,500000,0,,,,,0,,A,,,,,0,,,0,36,0,0,,0,,,,,,0,,,,,,,,,-730000,,,,,,,,
8476400,,Logan Shaw,Shaw,W,OTT,500000,0,,,,,0,,L,,,,,0,,,0,50,0,0,,0,,,,,,0,,,,,,,,,0,,,,,,,,
8479952,,Brady Shaw,Shaw,W,COL,500000,0,,,,,0,,B,,,,,0,,,0,37,0,0,,0,,,,,,0,,,,,,,,,0,,,,,,,,
8484226,,Jayson Shaugabay,Shaugabay,W,TBL,500000,1,,,,,0,,J,,,,,0,,,0,56,0,0,,0,,,,,,0,,,,,,,,,,,,,,,,,
8474031,,Kevin Shattenkirk,Shattenkirk,D,BOS,500000,0,,,,,0,,K,,,,,0,,,0,32,0,0,,0,,,,,,0,,,,,,,,,-1360000,,,,,,,,
8469572,,Egor Shastin,Shastin,W,CAL,500000,0,,,,,0,,E,,,,,0,,,0,34,0,0,,0,,,,,,0,,,,,,,,,0,,,,,,,,
8485684,,Will Sharpe,Sharpe,D,LAK,500000,1,,,,,0,,W,,,,,0,,,0,43,0,0,,0,,,,,,0,,,,,,,,,,,,,,,,,
8483881,,Chas Sharpe,Sharpe,D,BUF,500000,0,,,,,0,,C,,,,,0,,,0,33,0,0,,0,,,,,,0,,,,,,,,,,,,,,,,,
8485603,,Zachary Sharp,Sharp,D,SJS,500000,1,,,,,0,,Z,,,,,0,,,0,54,0,0,,0,,,,,,0,,,,,,,,,,,,,,,,,
8469544,,Patrick Sharp,Sharp,W,CHI,500000,0,,,,,0,,P,,,,,0,,,0,36,0,0,,0,,,,,,0,,,,,,,,,0,,,,,,,,
8485660,,Dawson Sharkey,Sharkey,W,DAL,500000,1,,,,,0,,D,,,,,0,,,0,39,0,0,,0,,,,,,0,,,,,,,,,,,,,,,,,
8478950,,Damir Sharipzyanov,Sharipzyanov,D,LAK,500000,0,,,,,0,,D,,,,,0,,,0,43,0,0,,0,,,,,,0,,,,,,,,,0,,,,,,,,
8481068,,Yegor Sharangovich,Sharangovich,C,CAL,2210000,1,15,16.273973,30,,0,,Y,0,17,2,0,0,14,16:39,0,34,0,0,,0,25,73,,0,0,0,,-9,8,1188.00,5,00:00,32,0,-500000,1,128,0,,,,,
8483166,,Kyle Shapiro,Shapiro,G,NJD,500000,0,,,,,0,,K,,,,,0,,,0,49,0,0,,0,,,,,,0,,,,,,,,,,,,,,,,,
8476351,,Maxim Shalunov,Shalunov,W,CHI,500000,0,,,,,0,,M,,,,,0,,,0,36,0,0,,0,,,,,,0,,,,,,,,,0,,,,,,,,
8481684,,Mikhail Shalagin,Shalagin,W,TBL,500000,1,,,,,0,,M,,,,,0,,,0,56,0,0,,0,,,,,,0,,,,,,,,,0,,,,,,,,
8480978,,Bulat Shafigullin,Shafigullin,W,LAK,500000,1,,,,,0,,B,,,,,0,,,0,43,0,0,,0,,,,,,0,,,,,,,,,0,,,,,,,,
8470691,,Grigory Shafigulin,Shafigulin,C,NSH,500000,0,,,,,0,,G,,,,,0,,,0,48,0,0,,0,,,,,,0,,,,,,,,,0,,,,,,,,
8468122,,Igor Shadilov,Shadilov,D,WSH,500000,0,,,,,0,,I,,,,,0,,,0,59,0,0,,0,,,,,,0,,,,,,,,,0,,,,,,,,
8485702,,Max Shabanov,Shabanov,W,NYI,500000,1,,,,,0,,M,,,,,0,,,0,46,0,0,,0,,,,,,0,,,,,,,,,,,,,,,,,
8475958,,Michael Sgarbossa,Sgarbossa,C,WSH,1190000,1,1,27.333333,1,,0,,M,0,1,0,0,0,1,09:20,0,59,0,0,,0,0,3,,0,0,0,,2,2,82.00,0,00:00,2,0,-170000,0,1,0,,,,,
8475328,,Ben Sexton,Sexton,C,BOS,500000,0,,,,,0,,B,,,,,0,,,0,32,0,0,,0,,,,,,0,,,,,,,,,0,,,,,,,,
8476923,,Damon Severson,Severson,D,CBJ,2590000,1,19,18.900000,97,,0,,D,0,6,1,0,0,43,19:03,0,38,0,0,,0,29,70,,0,0,0,,6,47,1323.00,0,00:00,25,0,410000,0,91,0,,,,,
8471682,,Devin Setoguchi,Setoguchi,W,LAK,500000,0,,,,,0,,D,,,,,0,,,0,43,0,0,,0,,,,,,0,,,,,,,,,0,,,,,,,,
8480197,,Malte Setkov,Setkov,D,DET,500000,0,,,,,0,,M,,,,,0,,,0,40,0,0,,0,,,,,,0,,,,,,,,,0,,,,,,,,
8471636,,Tim Sestito,Sestito,W,NJD,500000,0,,,,,0,,T,,,,,0,,,0,49,0,0,,0,,,,,,0,,,,,,,,,0,,,,,,,,
8473542,,Tom Sestito,Sestito,W,PIT,500000,0,,,,,0,,T,,,,,0,,,0,53,0,0,,0,,,,,,0,,,,,,,,,0,,,,,,,,
8476402,,Brennan Serville,Serville,D,WPG,500000,0,,,,,0,,B,,,,,0,,,0,60,0,0,,0,,,,,,0,,,,,,,,,0,,,,,,,,
8482773,,Carter Serhyenko,Serhyenko,G,CAL,500000,0,,,,,0,,C,,,,,0,,,0,34,0,0,,0,,,,,,0,,,,,,,,,0,,,,,,,,
8482949,,Arsenii Sergeev,Sergeev,G,CAL,500000,1,,,,,0,,A,,,,,0,,,0,34,0,0,,0,,,,,,0,,,,,,,,,0,,,,,,,,
8478199,,Dmitrii Sergeev,Sergeev,D,STL,500000,0,,,,,0,,D,,,,,0,,,0,55,0,0,,0,,,,,,0,,,,,,,,,0,,,,,,,,
8479410,,Mikhail Sergachev,Sergachev,D,UTA,3810000,1,38,27.415584,132,,0,,M,0,15,3,0,0,61,25:07,0,64,0,0,,0,29,77,,2,0,0,,-8,32,2111.00,3,00:00,53,0,30000,1,132,0,,,,,
8481670,,Egor Serdyuk,Serdyuk,W,PHI,500000,0,,,,,0,,E,,,,,0,,,0,51,0,0,,0,,,,,,0,,,,,,,,,0,,,,,,,,
8483599,,Peetro Seppala,Seppala,D,SEA,500000,1,,,,,0,,P,,,,,0,,,0,63,0,0,,0,,,,,,0,,,,,,,,,,,,,,,,,
8478485,,Zach Senyshyn,Senyshyn,W,OTT,500000,0,,,,,0,,Z,,,,,0,,,0,50,0,0,,0,,,,,,0,,,,,,,,,-50000,,,,,,,,
8484762,,Beckett Sennecke,Sennecke,W,ANA,2900000,1,,,,,0,,B,,,,,0,,,0,31,0,0,,0,,,,,,0,,,,,,,,,,,,,,,,,
8480213,,Gilles Senn,Senn,G,NJD,500000,0,,,,,0,,G,,,,,0,,,0,49,0,0,,0,,,,,,0,,,,,,,,,0,,,,,,,,
8478881,,Brett Seney,Seney,W,CHI,500000,0,,,,,0,,B,,,,,0,,,0,36,0,0,,0,,,,,,0,,,,,,,,,0,,,,,,,,
8482815,,Kirill Semyonov,Semyonov,C,TOR,500000,0,,,,,0,,K,,,,,0,,,0,57,0,0,,0,,,,,,0,,,,,,,,,0,,,,,,,,
8481060,,Dmitry Semykin,Semykin,D,TBL,500000,0,,,,,0,,D,,,,,0,,,0,56,0,0,,0,,,,,,0,,,,,,,,,0,,,,,,,,
8485514,,T.J. Semptimphelter,Semptimphelter,G,NSH,500000,1,,,,,0,,T,,,,,0,,,0,48,0,0,,0,,,,,,0,,,,,,,,,,,,,,,,,
8483514,,Matthew Seminoff,Seminoff,W,DAL,500000,1,,,,,0,,M,,,,,0,,,0,39,0,0,,0,,,,,,0,,,,,,,,,,,,,,,,,
8469606,,Dimitri Semin,Semin,W,STL,500000,0,,,,,0,,D,,,,,0,,,0,55,0,0,,0,,,,,,0,,,,,,,,,0,,,,,,,,
8470120,,Alexander Semin,Semin,W,MTL,500000,0,,,,,0,,A,,,,,0,,,0,45,0,0,,0,,,,,,0,,,,,,,,,0,,,,,,,,
8471432,,Maxim Semenov,Semenov,D,TOR,500000,0,,,,,0,,M,,,,,0,,,0,57,0,0,,0,,,,,,0,,,,,,,,,0,,,,,,,,
8480340,,Brendan Semchuk,Semchuk,W,WSH,500000,0,,,,,0,,B,,,,,0,,,0,59,0,0,,0,,,,,,0,,,,,,,,,0,,,,,,,,
8468608,,Alexander Seluyanov,Seluyanov,D,DET,500000,0,,,,,0,,A,,,,,0,,,0,40,0,0,,0,,,,,,0,,,,,,,,,0,,,,,,,,
8479287,,Justin Selman,Selman,C,STL,500000,0,,,,,0,,J,,,,,0,,,0,55,0,0,,0,,,,,,0,,,,,,,,,0,,,,,,,,
8481040,,Jesper Sellgren,Sellgren,D,CAR,500000,0,,,,,0,,J,,,,,0,,,0,35,0,0,,0,,,,,,0,,,,,,,,,0,,,,,,,,
8474554,,Eric Selleck,Selleck,W,ARI,500000,0,,,,,0,,E,,,,,0,,,0,52,0,0,,0,,,,,,0,,,,,,,,,0,,,,,,,,
8471284,,Andrej Sekera,Sekera,D,DAL,500000,0,,,,,0,,A,,,,,0,,,0,39,0,0,,0,,,,,,0,,,,,,,,,-950000,,,,,,,,
8478137,,Jiri Sekac,Sekac,W,ARI,500000,0,,,,,0,,J,,,,,0,,,0,52,0,0,,0,,,,,,0,,,,,,,,,0,,,,,,,,
8481542,,Moritz Seider,Seider,D,DET,4000000,1,38,28.500000,159,,0,,M,0,8,0,0,0,210,25:04,0,40,0,0,,0,34,82,,0,0,0,,-5,40,2337.00,4,00:00,46,0,3500000,0,162,0,,,,,
8469619,,Dennis Seidenberg,Seidenberg,D,NYI,500000,0,,,,,0,,D,,,,,0,,,0,46,0,0,,0,,,,,,0,,,,,,,,,0,,,,,,,,
8475794,,Tyler Seguin,Seguin,C,DAL,5970000,1,16,31.368421,8,,0,,T,0,13,3,0,0,18,15:39,0,39,0,0,,0,16,38,,1,0,0,,12,14,1192.00,4,00:00,29,0,1010000,0,74,0,,,,,
8484989,,Gabriel Seger,Seger,C,DET,500000,0,,,,,0,,G,,,,,0,,,0,40,0,0,,0,,,,,,0,,,,,,,,,,,,,,,,,
8477351,,Ryan Segalla,Segalla,D,PIT,500000,1,,,,,0,,R,,,,,0,,,0,53,0,0,,0,,,,,,0,,,,,,,,,0,,,,,,,,
8482187,,Ronan Seeley,Seeley,D,CAR,500000,1,,,,,0,,R,,,,,0,,,0,35,0,0,,0,,,,,,0,,,,,,,,,0,,,,,,,,
8476372,,Nick Seeler,Seeler,D,PHI,2710000,1,17,19.597403,175,,0,,N,0,3,1,0,0,125,17:17,0,51,0,0,,0,36,77,,0,0,0,,10,36,1509.00,0,00:00,20,0,2210000,0,83,0,,,,,
8468641,,Pavel Sedov,Sedov,W,TBL,500000,0,,,,,0,,P,,,,,0,,,0,56,0,0,,0,,,,,,0,,,,,,,,,0,,,,,,,,
8482138,,Christoffer Sedoff,Sedoff,D,VGK,500000,1,,,,,0,,C,,,,,0,,,0,62,0,0,,0,,,,,,0,,,,,,,,,,,,,,,,,
8483087,,Sam Sedley,Sedley,D,PHI,500000,0,,,,,0,,S,,,,,0,,,0,51,0,0,,0,,,,,,0,,,,,,,,,0,,,,,,,,
8476310,,Lukas Sedlak,Sedlak,C,CBJ,500000,0,,,,,0,,L,,,,,0,,,0,38,0,0,,0,,,,,,0,,,,,,,,,0,,,,,,,,
8467875,,Daniel Sedin,Sedin,W,VAN,500000,0,,,,,0,,D,,,,,0,,,0,58,0,0,,0,,,,,,0,,,,,,,,,0,,,,,,,,
8467876,,Henrik Sedin,Sedin,C,VAN,500000,0,,,,,0,,H,,,,,0,,,0,58,0,0,,0,,,,,,0,,,,,,,,,0,,,,,,,,
8482131,,Donovan Sebrango,Sebrango,D,OTT,500000,1,0,-5.000000,0,,0,,D,0,0,0,0,0,0,10:19,0,50,0,0,,0,1,2,,0,0,0,,-1,0,-10.00,0,00:00,0,0,0,0,0,0,,,,,
8470607,,Brent Seabrook,Seabrook,D,TBL,500000,0,,,,,0,,B,,,,,0,,,0,56,0,0,,0,,,,,,0,,,,,,,,,0,,,,,,,,
8475348,,Michael Sdao,Sdao,D,OTT,500000,0,,,,,0,,M,,,,,0,,,0,50,0,0,,0,,,,,,0,,,,,,,,,0,,,,,,,,
8467452,,Rob Scuderi,Scuderi,D,LAK,500000,0,,,,,0,,R,,,,,0,,,0,43,0,0,,0,,,,,,0,,,,,,,,,0,,,,,,,,
8475681,,Ben Scrivens,Scrivens,G,MTL,500000,0,,,,,0,,B,,,,,0,,,0,45,0,0,,0,,,,,,0,,,,,,,,,0,,,,,,,,
8485103,,Fisher Scott,Scott,D,DET,500000,1,,,,,0,,F,,,,,0,,,0,40,0,0,,0,,,,,,0,,,,,,,,,,,,,,,,,
8485485,,Harrison Scott,Scott,C,DAL,500000,1,,,,,0,,H,,,,,0,,,0,39,0,0,,0,,,,,,0,,,,,,,,,,,,,,,,,
8473722,,John Scott,Scott,W,MTL,500000,0,,,,,0,,J,,,,,0,,,0,45,0,0,,0,,,,,,0,,,,,,,,,0,,,,,,,,
8479032,,Justin Scott,Scott,C,CBJ,500000,0,,,,,0,,J,,,,,0,,,0,38,0,0,,0,,,,,,0,,,,,,,,,0,,,,,,,,
8479993,,Ian Scott,Scott,G,TOR,500000,0,,,,,0,,I,,,,,0,,,0,57,0,0,,0,,,,,,0,,,,,,,,,0,,,,,,,,
8481655,,Cole Schwindt,Schwindt,W,VGK,1260000,1,7,9.534884,17,,0,,C,0,1,0,0,0,41,09:11,0,62,0,0,,0,11,43,,0,0,0,,3,0,410.00,0,00:00,8,0,760000,0,32,0,,,,,
8483878,,Kai Schwindt,Schwindt,W,FLA,500000,1,,,,,0,,K,,,,,0,,,0,42,0,0,,0,,,,,,0,,,,,,,,,,,,,,,,,
8475768,,Jaden Schwartz,Schwartz,C,SEA,3460000,1,23,24.753086,42,,0,,J,0,26,6,0,0,43,17:53,0,63,0,0,,0,40,81,,0,0,0,,-6,24,2005.00,6,00:00,49,0,730000,0,194,0,,,,,
8481073,,Justin Schutz,Schutz,W,FLA,500000,0,,,,,0,,J,,,,,0,,,0,42,0,0,,0,,,,,,0,,,,,,,,,0,,,,,,,,
8480109,,Kevin Schulze,Schulze,D,FA,500000,0,,,,,0,,K,,,,,0,,,0,0,0,0,,0,,,,,,0,,,,,,,,,0,,,,,,,,
8484225,,Zachary Schulz,Schulz,D,NYI,500000,1,,,,,0,,Z,,,,,0,,,0,46,0,0,,0,,,,,,0,,,,,,,,,,,,,,,,,
8485629,,Ashton Schultz,Schultz,C,BUF,500000,1,,,,,0,,A,,,,,0,,,0,33,0,0,,0,,,,,,0,,,,,,,,,,,,,,,,,
8468513,,Nick Schultz,Schultz,D,PHI,500000,0,,,,,0,,N,,,,,0,,,0,51,0,0,,0,,,,,,0,,,,,,,,,0,,,,,,,,
8471240,,Jeff Schultz,Schultz,D,ANA,500000,0,,,,,0,,J,,,,,0,,,0,31,0,0,,0,,,,,,0,,,,,,,,,0,,,,,,,,
8474602,,Justin Schultz,Schultz,D,SEA,500000,0,,,,,0,,J,,,,,0,,,0,63,0,0,,0,,,,,,0,,,,,,,,,-2690000,,,,,,,,
8481486,,Jimmy Schuldt,Schuldt,D,VAN,500000,1,0,3.000000,5,,0,,J,0,0,0,0,0,13,13:47,0,58,0,0,,0,6,8,,0,0,0,,-2,0,24.00,0,00:00,0,0,0,0,4,0,,,,,
8481461,,Corey Schueneman,Schueneman,D,STL,550000,1,0,6.000000,7,,0,,C,0,0,0,0,0,1,14:03,0,55,0,0,,0,2,4,,0,0,0,,0,0,24.00,0,00:00,0,0,,0,4,0,,,,,
8475147,,Jordan Schroeder,Schroeder,C,CHI,500000,0,,,,,0,,J,,,,,0,,,0,36,0,0,,0,,,,,,0,,,,,,,,,0,,,,,,,,
8478003,,Alex Schoenborn,Schoenborn,W,SJS,500000,0,,,,,0,,A,,,,,0,,,0,54,0,0,,0,,,,,,0,,,,,,,,,0,,,,,,,,
8485584,,Drew Schock,Schock,D,ANA,500000,1,,,,,0,,D,,,,,0,,,0,31,0,0,,0,,,,,,0,,,,,,,,,,,,,,,,,
8482073,,Braden Schneider,Schneider,D,NYR,2560000,1,15,18.300000,134,,0,,B,0,6,1,0,0,146,17:52,0,47,0,0,,0,36,80,,1,0,0,,9,18,1464.00,0,00:00,21,0,2060000,1,95,0,,,,,
8471239,,Cory Schneider,Schneider,G,NJD,500000,0,,,,,0,,C,,,,,0,,,0,49,0,0,,0,,,,,,0,,,,,,,,,-210000,,,,,,,,
8476766,,Cole Schneider,Schneider,W,NSH,500000,0,,,,,0,,C,,,,,0,,,0,48,0,0,,0,,,,,,0,,,,,,,,,0,,,,,,,,
8478995,,Nick Schneider,Schneider,G,CAL,500000,0,,,,,0,,N,,,,,0,,,0,34,0,0,,0,,,,,,0,,,,,,,,,0,,,,,,,,
8480026,,Nate Schnarr,Schnarr,C,LAK,500000,0,,,,,0,,N,,,,,0,,,0,43,0,0,,0,,,,,,0,,,,,,,,,0,,,,,,,,
8483852,,Brayden Schmitt,Schmitt,D,COL,500000,0,,,,,0,,B,,,,,0,,,0,37,0,0,,0,,,,,,0,,,,,,,,,,,,,,,,,
8481676,,Quinn Schmiemann,Schmiemann,D,VAN,500000,0,,,,,0,,Q,,,,,0,,,0,58,0,0,,0,,,,,,0,,,,,,,,,0,,,,,,,,
8477220,,Nate Schmidt,Schmidt,D,FLA,2820000,1,23,16.009709,88,,0,,N,0,8,2,0,0,117,16:28,0,42,0,0,,0,33,103,,0,0,0,,12,34,1649.00,1,00:00,31,0,1160000,0,96,0,,,,,
8482693,,Roman Schmidt,Schmidt,D,TBL,500000,1,,,,,0,,R,,,,,0,,,0,56,0,0,,0,,,,,,0,,,,,,,,,0,,,,,,,,
8485363,,Cameron Schmidt,Schmidt,W,DAL,500000,1,,,,,0,,C,,,,,0,,,0,39,0,0,,0,,,,,,0,,,,,,,,,,,,,,,,,
8481033,,Akira Schmid,Schmid,G,VGK,3540000,1,0,39.666667,0,,0,,A,5,0,0,2,0,0,42:50,0,62,0,0,,0,3,6,,0,1,0,,0,0,238.00,0,00:00,0,94,3040000,0,0,0,,94.9,,,
8481115,,Ryan Schmelzer,Schmelzer,C,NJD,500000,1,,,,,0,,R,,,,,0,,,0,49,0,0,,0,,,,,,0,,,,,,,,,0,,,,,,,,
8478150,,Matt Schmalz,Schmalz,W,LAK,500000,0,,,,,0,,M,,,,,0,,,0,43,0,0,,0,,,,,,0,,,,,,,,,0,,,,,,,,
8477951,,Nick Schmaltz,Schmaltz,C,UTA,3600000,1,43,25.646341,44,,0,,N,0,20,3,0,0,14,18:35,0,64,0,0,,0,31,82,,0,0,0,,-15,14,2103.00,9,00:00,63,0,660000,0,185,0,,,,,
8481681,,Jake Schmaltz,Schmaltz,W,BOS,500000,1,,,,,0,,J,,,,,0,,,0,32,0,0,,0,,,,,,0,,,,,,,,,0,,,,,,,,
8476877,,Jordan Schmaltz,Schmaltz,D,ARI,500000,0,,,,,0,,J,,,,,0,,,0,52,0,0,,0,,,,,,0,,,,,,,,,0,,,,,,,,
8473673,,David Schlemko,Schlemko,D,PHI,500000,0,,,,,0,,D,,,,,0,,,0,51,0,0,,0,,,,,,0,,,,,,,,,0,,,,,,,,
8482200,,Wyatt Schingoethe,Schingoethe,C,TOR,500000,1,,,,,0,,W,,,,,0,,,0,57,0,0,,0,,,,,,0,,,,,,,,,0,,,,,,,,
8476799,,Cameron Schilling,Schilling,D,WSH,500000,0,,,,,0,,C,,,,,0,,,0,59,0,0,,0,,,,,,0,,,,,,,,,0,,,,,,,,
8480332,,Nick Schilkey,Schilkey,W,FA,500000,0,,,,,0,,N,,,,,0,,,0,0,0,0,,0,,,,,,0,,,,,,,,,0,,,,,,,,
8477957,,Nikita Scherbak,Scherbak,W,LAK,500000,0,,,,,0,,N,,,,,0,,,0,43,0,0,,0,,,,,,0,,,,,,,,,0,,,,,,,,
8474568,,Luke Schenn,Schenn,D,WPG,2700000,1,7,16.218391,103,,0,,L,0,1,0,0,0,359,16:01,0,60,0,0,,0,38,87,,0,0,0,,-12,77,1411.00,0,00:00,8,0,450000,0,88,0,,,,,
8475170,,Brayden Schenn,Schenn,C,STL,4750000,1,33,29.033708,61,,0,,B,0,20,6,0,0,213,17:36,0,55,0,0,,0,32,89,,2,0,0,,-2,91,2584.00,2,00:00,53,0,850000,0,154,0,,,,,
8478084,,Kyle Schempp,Schempp,C,NYI,500000,0,,,,,0,,K,,,,,0,,,0,46,0,0,,0,,,,,,0,,,,,,,,,0,,,,,,,,
8478405,,Thomas Schemitsch,Schemitsch,D,FLA,500000,0,,,,,0,,T,,,,,0,,,0,42,0,0,,0,,,,,,0,,,,,,,,,0,,,,,,,,
8476460,,Mark Scheifele,Scheifele,C,WPG,7240000,1,54,43.215054,64,,0,,M,0,44,12,0,0,94,20:16,0,60,0,0,,0,27,93,,3,0,0,,17,77,4019.00,12,00:00,98,0,1520000,0,201,0,,,,,
8482642,,Adam Scheel,Scheel,G,DAL,500000,0,,,,,0,,A,,,,,0,,,0,39,0,0,,0,,,,,,0,,,,,,,,,,,,,,,,,
8477213,,Tim Schaller,Schaller,W,LAK,500000,0,,,,,0,,T,,,,,0,,,0,43,0,0,,0,,,,,,0,,,,,,,,,0,,,,,,,,
8485577,,Maxim Schafer,Schafer,W,WSH,500000,1,,,,,0,,M,,,,,0,,,0,59,0,0,,0,,,,,,0,,,,,,,,,,,,,,,,,
8483513,,Reid Schaefer,Schaefer,W,NSH,500000,1,,,,,0,,R,,,,,0,,,0,48,0,0,,0,,,,,,0,,,,,,,,,,,,,,,,,
8485366,,Matthew Schaefer,Schaefer,D,NYI,3060000,1,,,,,0,,M,,,,,0,,,0,46,0,0,,0,,,,,,0,,,,,,,,,,,,,,,,,
8474098,,Colton Sceviour,Sceviour,W,PIT,500000,0,,,,,0,,C,,,,,0,,,0,53,0,0,,0,,,,,,0,,,,,,,,,-1010000,,,,,,,,
8476311,,Reece Scarlett,Scarlett,D,DAL,500000,0,,,,,0,,R,,,,,0,,,0,39,0,0,,0,,,,,,0,,,,,,,,,0,,,,,,,,
8483407,,Brandon Scanlin,Scanlin,D,NYR,500000,1,,,,,0,,B,,,,,0,,,0,47,1,0,20251017,0,,,,,,0,,,,,,,,,,,,,,,,2025-10-01,2025-10-01
8474618,,Marco Scandella,Scandella,D,STL,500000,0,,,,,0,,M,,,,,0,,,0,55,0,0,,0,,,,,,0,,,,,,,,,-1500000,,,,,,,,
8474579,,Luca Sbisa,Sbisa,D,NSH,500000,0,,,,,0,,L,,,,,0,,,0,48,0,0,,0,,,,,,0,,,,,,,,,-100000,,,,,,,,
8485465,,Owen Say,Say,G,CAL,500000,1,,,,,0,,O,,,,,0,,,0,34,0,0,,0,,,,,,0,,,,,,,,,,,,,,,,,
8485001,,Logan Sawyer,Sawyer,C,MTL,500000,1,,,,,0,,L,,,,,0,,,0,45,0,0,,0,,,,,,0,,,,,,,,,,,,,,,,,
8484224,,Gracyn Sawchyn,Sawchyn,C,FLA,500000,1,,,,,0,,G,,,,,0,,,0,42,0,0,,0,,,,,,0,,,,,,,,,,,,,,,,,
8479313,,Zach Sawchenko,Sawchenko,G,CBJ,500000,1,,,,,0,,Z,,,,,0,,,0,38,0,0,,0,,,,,,0,,,,,,,,,0,,,,,,,,
8481673,,Danil Savunov,Savunov,W,ARI,500000,0,,,,,0,,D,,,,,0,,,0,52,0,0,,0,,,,,,0,,,,,,,,,0,,,,,,,,
8483512,,Matt Savoie,Savoie,C,EDM,500000,1,1,1.250000,1,,0,,M,0,0,0,0,0,3,12:31,0,41,0,0,,0,4,4,,0,0,0,,-4,0,5.00,0,00:00,1,0,,0,6,0,,,,,
8483677,,Samuel Savoie,Savoie,W,CHI,500000,1,,,,,0,,S,,,,,0,,,0,36,0,0,,0,,,,,,0,,,,,,,,,,,,,,,,,
8482108,,Carter Savoie,Savoie,W,EDM,500000,0,,,,,0,,C,,,,,0,,,0,41,0,0,,0,,,,,,0,,,,,,,,,0,,,,,,,,
8482965,,Nicolas Savoie,Savoie,D,COL,500000,0,,,,,0,,N,,,,,0,,,0,37,0,0,,0,,,,,,0,,,,,,,,,0,,,,,,,,
8485241,,Charles Savoie,Savoie,W,MTL,500000,0,,,,,0,,C,,,,,0,,,0,45,0,0,,0,,,,,,0,,,,,,,,,,,,,,,,,
8481520,,Isaiah Saville,Saville,G,VGK,500000,0,,,,,0,,I,,,,,0,,,0,62,0,0,,0,,,,,,0,,,,,,,,,0,,,,,,,,
8475233,,David Savard,Savard,D,MTL,1860000,1,15,11.925000,160,,0,,D,0,1,0,0,0,63,16:17,0,45,0,0,,0,31,80,,0,0,0,,-10,36,954.00,0,00:00,16,0,100000,0,50,0,,,,,
8462118,,Marc Savard,Savard,C,NJD,500000,0,,,,,0,,M,,,,,0,,,0,49,0,0,,0,,,,,,0,,,,,,,,,0,,,,,,,,
8482971,,Tyler Savard,Savard,W,PHI,500000,0,,,,,0,,T,,,,,0,,,0,51,0,0,,0,,,,,,0,,,,,,,,,0,,,,,,,,
8482662,,Redmond Savage,Savage,C,DET,500000,0,,,,,0,,R,,,,,0,,,0,40,0,0,,0,,,,,,0,,,,,,,,,0,,,,,,,,
8477085,,Ashton Sautner,Sautner,D,WPG,500000,0,,,,,0,,A,,,,,0,,,0,60,0,0,,0,,,,,,0,,,,,,,,,0,,,,,,,,
8483089,,Oliver Satny,Satny,G,BUF,500000,0,,,,,0,,O,,,,,0,,,0,33,0,0,,0,,,,,,0,,,,,,,,,0,,,,,,,,
8474667,,Harri Sateri,Sateri,G,DET,500000,0,,,,,0,,H,,,,,0,,,0,40,0,0,,0,,,,,,0,,,,,,,,,0,,,,,,,,
8485106,,Miroslav Satan,Satan,C,WSH,500000,1,,,,,0,,M,,,,,0,,,0,59,0,0,,0,,,,,,0,,,,,,,,,,,,,,,,,
8484136,,Max Sasson,Sasson,C,VAN,1320000,1,4,10.517241,11,,0,,M,0,3,0,0,0,18,10:20,0,58,0,0,,0,10,29,,0,0,0,,1,0,305.00,0,00:00,7,0,,0,31,0,,,,,
8479745,,Evan Sarthou,Sarthou,G,FA,500000,0,,,,,0,,E,,,,,0,,,0,0,0,0,,0,,,,,,0,,,,,,,,,0,,,,,,,,
8477424,,Juuse Saros,Saros,G,NSH,3980000,1,1,29.758621,0,,0,,J,167,0,0,20,0,0,57:54,0,48,0,0,,0,30,58,,0,6,0,,0,0,1726.00,0,00:00,1,1428,-4230000,0,0,4,,89.5,,,
8485764,,Asan Sarkenov,Sarkenov,W,COL,500000,1,,,,,0,,A,,,,,0,,,0,37,0,0,,0,,,,,,0,,,,,,,,,,,,,,,,,
8482912,,Stiven Sardarian,Sardarian,W,BUF,500000,0,,,,,0,,S,,,,,0,,,0,33,0,0,,0,,,,,,0,,,,,,,,,0,,,,,,,,
8477098,,Charlie Sarault,Sarault,C,ANA,500000,0,,,,,0,,C,,,,,0,,,0,31,0,0,,0,,,,,,0,,,,,,,,,0,,,,,,,,
8483511,,Matyas Sapovaliv,Sapovaliv,C,VGK,500000,1,,,,,0,,M,,,,,0,,,0,62,0,0,,0,,,,,,0,,,,,,,,,,,,,,,,,
8478122,,Patrick Sanvido,Sanvido,D,DAL,500000,0,,,,,0,,P,,,,,0,,,0,39,0,0,,0,,,,,,0,,,,,,,,,0,,,,,,,,
8479473,,Mathew Santos,Santos,W,DET,500000,0,,,,,0,,M,,,,,0,,,0,40,0,0,,0,,,,,,0,,,,,,,,,0,,,,,,,,
8471390,,Mike Santorelli,Santorelli,C,ANA,500000,0,,,,,0,,M,,,,,0,,,0,31,0,0,,0,,,,,,0,,,,,,,,,0,,,,,,,,
8477463,,Steven Santini,Santini,D,TBL,610000,1,0,8.000000,2,,0,,S,0,0,0,0,0,1,11:37,0,56,0,0,,0,0,1,,0,0,0,,0,0,8.00,0,00:00,0,0,-640000,0,1,0,,,,,
8485097,,Basile Sansonnens,Sansonnens,D,VAN,500000,1,,,,,0,,B,,,,,0,,,0,58,0,0,,0,,,,,,0,,,,,,,,,,,,,,,,,
8477948,,Travis Sanheim,Sanheim,D,PHI,2650000,1,22,19.048780,153,,0,,T,0,8,0,0,0,84,24:30,0,51,0,0,,0,38,82,,0,0,0,,-6,40,1562.00,0,00:00,30,0,1130000,0,139,0,,,,,
8473610,,Bobby Sanguinetti,Sanguinetti,D,BUF,500000,0,,,,,0,,B,,,,,0,,,0,33,0,0,,0,,,,,,0,,,,,,,,,0,,,,,,,,
8477482,,Zach Sanford,Sanford,W,CHI,500000,1,,,,,0,,Z,,,,,0,,,0,36,0,0,,0,,,,,,0,,,,,,,,,-1560000,,,,,,,,
8478433,,Felix Sandstrom,Sandstrom,G,BUF,500000,1,,,,,0,,F,,,,,0,,,0,33,0,0,,0,,,,,,0,,,,,,,,,0,,,,,,,,
8476518,,Carter Sandlak,Sandlak,W,CAR,500000,0,,,,,0,,C,,,,,0,,,0,35,0,0,,0,,,,,,0,,,,,,,,,0,,,,,,,,
8484223,,Axel Sandin-Pellikka,Sandin-Pellikka,D,DET,500000,1,,,,,0,,A,,,,,0,,,0,40,0,0,,0,,,,,,0,,,,,,,,,,,,,,,,,
8480873,,Rasmus Sandin,Sandin,D,WSH,2910000,1,27,17.695652,137,,0,,R,0,4,0,0,0,99,19:25,0,59,0,0,,0,25,92,,0,0,0,,12,23,1628.00,1,00:00,31,0,580000,0,91,0,,,,,
8482243,,Linus Sandin,Sandin,W,PHI,500000,0,,,,,0,,L,,,,,0,,,0,51,0,0,,0,,,,,,0,,,,,,,,,0,,,,,,,,
8482105,,Jake Sanderson,Sanderson,D,OTT,4450000,1,48,27.872093,152,,0,,J,0,12,5,0,0,44,24:34,0,50,0,0,,0,30,86,,2,0,0,,-15,14,2397.00,5,00:00,60,0,3950000,0,204,0,,,,,
8485642,,Carter Sanderson,Sanderson,W,PIT,500000,1,,,,,0,,C,,,,,0,,,0,53,0,0,,0,,,,,,0,,,,,,,,,,,,,,,,,
8480807,,Mattias Samuelsson,Samuelsson,D,BUF,2070000,1,10,15.225806,83,,0,,M,0,4,1,0,0,104,19:18,0,33,1,0,20250927,0,29,62,,0,0,0,,3,22,944.00,0,00:00,14,0,1510000,0,52,0,,,,2025-09-27,2025-09-27
8485095,,William Samuelsson,Samuelsson,C,DAL,500000,1,,,,,0,,W,,,,,0,,,0,39,0,0,,0,,,,,,0,,,,,,,,,,,,,,,,,
8475194,,Philip Samuelsson,Samuelsson,D,CAR,500000,0,,,,,0,,P,,,,,0,,,0,35,0,0,,0,,,,,,0,,,,,,,,,0,,,,,,,,
8476868,,Henrik Samuelsson,Samuelsson,C,ARI,500000,0,,,,,0,,H,,,,,0,,,0,52,0,0,,0,,,,,,0,,,,,,,,,0,,,,,,,,
8478492,,Ilya Samsonov,Samsonov,G,VGK,4920000,1,1,39.068966,0,,0,,I,82,0,0,16,0,0,01:11,0,62,0,0,,0,9,29,,0,4,0,,0,0,1133.00,0,00:00,1,669,-1490000,0,0,2,,89.1,,,
8482890,,Ethan Samson,Samson,D,PHI,500000,1,,,,,0,,E,,,,,0,,,0,51,1,0,20251106,0,,,,,,0,,,,,,,,,0,,,,,,,2025-09-26,2025-09-26
8482713,,Mackie Samoskevich,Samoskevich,W,FLA,3210000,1,17,20.552632,27,,0,,M,0,15,5,0,0,145,13:13,0,42,0,0,,0,27,76,,0,0,0,,-4,16,1562.00,4,00:00,32,0,2710000,0,135,0,,,,,
8480041,,Dmitri Samorukov,Samorukov,D,STL,500000,0,,,,,0,,D,,,,,0,,,0,55,0,0,,0,,,,,,0,,,,,,,,,0,,,,,,,,
8468697,,Igor Samoilov,Samoilov,D,ARI,500000,0,,,,,0,,I,,,,,0,,,0,52,0,0,,0,,,,,,0,,,,,,,,,0,,,,,,,,
8479392,,Jordan Sambrook,Sambrook,D,BOS,500000,0,,,,,0,,J,,,,,0,,,0,32,0,0,,0,,,,,,0,,,,,,,,,0,,,,,,,,
8480049,,Dylan Samberg,Samberg,D,WPG,3720000,1,17,22.767123,124,,0,,D,0,6,2,0,0,69,21:40,0,60,1,0,20250930,0,19,73,,1,0,0,,35,28,1662.00,0,00:00,23,0,3220000,0,111,0,,,,2025-09-28,2025-09-28
8484509,,Josh Samanski,Samanski,C,EDM,500000,1,,,,,0,,J,,,,,0,,,0,41,0,0,,0,,,,,,0,,,,,,,,,,,,,,,,,
8485639,,Anthony Allain Samake,Samake,D,ANA,500000,1,,,,,0,,A,,,,,0,,,0,31,0,0,,0,,,,,,0,,,,,,,,,,,,,,,,,
8460626,,Bryce Salvador,Salvador,D,NJD,500000,0,,,,,0,,B,,,,,0,,,0,49,0,0,,0,,,,,,0,,,,,,,,,0,,,,,,,,
8485659,,Daniel Salonen,Salonen,G,EDM,500000,1,,,,,0,,D,,,,,0,,,0,41,0,0,,0,,,,,,0,,,,,,,,,,,,,,,,,
8483510,,Elias Salomonsson,Salomonsson,D,WPG,500000,1,,,,,0,,E,,,,,0,,,0,60,0,0,,0,,,,,,0,,,,,,,,,,,,,,,,,
8476447,,Miikka Salomaki,Salomaki,W,COL,500000,0,,,,,0,,M,,,,,0,,,0,37,0,0,,0,,,,,,0,,,,,,,,,0,,,,,,,,
8480071,,Robin Salo,Salo,D,NYI,500000,0,,,,,0,,R,,,,,0,,,0,46,0,0,,0,,,,,,0,,,,,,,,,0,,,,,,,,
8480317,,Brodan Salmond,Salmond,G,FA,500000,0,,,,,0,,B,,,,,0,,,0,0,0,0,,0,,,,,,0,,,,,,,,,0,,,,,,,,
8482760,,Samu Salminen,Salminen,C,NJD,500000,1,,,,,0,,S,,,,,0,,,0,49,0,0,,0,,,,,,0,,,,,,,,,0,,,,,,,,
8477324,,Saku Salminen,Salminen,C,TBL,500000,0,,,,,0,,S,,,,,0,,,0,56,0,0,,0,,,,,,0,,,,,,,,,0,,,,,,,,
8483598,,Oskari Salminen,Salminen,G,WPG,500000,0,,,,,0,,O,,,,,0,,,0,60,0,0,,0,,,,,,0,,,,,,,,,,,,,,,,,
8479020,,Dante Salituro,Salituro,W,MIN,500000,0,,,,,0,,D,,,,,0,,,0,44,0,0,,0,,,,,,0,,,,,,,,,0,,,,,,,,
8479552,,Anthony Salinitri,Salinitri,C,NYR,500000,0,,,,,0,,A,,,,,0,,,0,47,0,0,,0,,,,,,0,,,,,,,,,0,,,,,,,,
8483509,,Otto Salin,Salin,D,LAK,500000,1,,,,,0,,O,,,,,0,,,0,43,0,0,,0,,,,,,0,,,,,,,,,,,,,,,,,
8484222,,Eduard Sale,Sale,W,SEA,1540000,1,,,,,0,,E,,,,,0,,,0,63,0,0,,0,,,,,,0,,,,,,,,,,,,,,,,,
8481008,,Radim Salda,Salda,D,TBL,500000,0,,,,,0,,R,,,,,0,,,0,56,0,0,,0,,,,,,0,,,,,,,,,0,,,,,,,,
8483066,,Colby Saganiuk,Saganiuk,C,TOR,500000,0,,,,,0,,C,,,,,0,,,0,57,0,0,,0,,,,,,0,,,,,,,,,0,,,,,,,,
8482915,,Ilya Safonov,Safonov,C,VAN,500000,1,,,,,0,,I,,,,,0,,,0,58,0,0,,0,,,,,,0,,,,,,,,,0,,,,,,,,
8480076,,Ostap Safin,Safin,W,EDM,500000,0,,,,,0,,O,,,,,0,,,0,41,0,0,,0,,,,,,0,,,,,,,,,0,,,,,,,,
8478012,,Dylan Sadowy,Sadowy,W,DET,500000,0,,,,,0,,D,,,,,0,,,0,40,0,0,,0,,,,,,0,,,,,,,,,0,,,,,,,,
8478503,,Jack Sadek,Sadek,D,MIN,500000,0,,,,,0,,J,,,,,0,,,0,44,0,0,,0,,,,,,0,,,,,,,,,0,,,,,,,,
8477149,,Scott Sabourin,Sabourin,W,SJS,500000,1,0,-14.000000,1,,0,,S,0,0,0,0,0,2,10:27,0,54,0,0,,0,1,1,,0,0,0,,-2,0,-14.00,0,00:00,0,0,-470000,0,0,0,,,,,
8485003,,Kim Saarinen,Saarinen,G,SEA,500000,1,,,,,0,,K,,,,,0,,,0,63,0,0,,0,,,,,,0,,,,,,,,,,,,,,,,,
8478834,,Vili Saarijarvi,Saarijarvi,D,CHI,500000,0,,,,,0,,V,,,,,0,,,0,36,0,0,,0,,,,,,0,,,,,,,,,0,,,,,,,,
8477313,,Santeri Saari,Saari,D,STL,500000,0,,,,,0,,S,,,,,0,,,0,55,0,0,,0,,,,,,0,,,,,,,,,0,,,,,,,,
8485047,,Joona Saarelainen,Saarelainen,C,TBL,500000,1,,,,,0,,J,,,,,0,,,0,56,0,0,,0,,,,,,0,,,,,,,,,,,,,,,,,
8478839,,Aleksi Saarela,Saarela,C,FLA,500000,0,,,,,0,,A,,,,,0,,,0,42,0,0,,0,,,,,,0,,,,,,,,,0,,,,,,,,
8481588,,Antti Saarela,Saarela,C,CHI,500000,0,,,,,0,,A,,,,,0,,,0,36,0,0,,0,,,,,,0,,,,,,,,,0,,,,,,,,
8480324,,Zach Saar,Saar,W,FA,500000,0,,,,,0,,Z,,,,,0,,,0,0,0,0,,0,,,,,,0,,,,,,,,,0,,,,,,,,
8476438,,Brandon Saad,Saad,W,VGK,2310000,1,19,14.425000,21,,0,,B,0,13,1,0,0,19,14:47,0,62,0,0,,0,32,80,,0,0,0,,-8,8,1154.00,0,00:00,32,0,-1010000,0,140,0,,,,,
8482926,,Martin Rysavy,Rysavy,W,CBJ,500000,0,,,,,0,,M,,,,,0,,,0,38,0,0,,0,,,,,,0,,,,,,,,,0,,,,,,,,
8475680,,Jussi Rynnas,Rynnas,G,DAL,500000,0,,,,,0,,J,,,,,0,,,0,39,0,0,,0,,,,,,0,,,,,,,,,0,,,,,,,,
8479684,,Drake Rymsha,Rymsha,C,BOS,500000,1,,,,,0,,D,,,,,0,,,0,32,0,0,,0,,,,,,0,,,,,,,,,0,,,,,,,,
8480221,,Drake Rymsha,Rymsha,C,LAK,500000,0,,,,,0,,D,,,,,0,,,0,43,0,0,,0,,,,,,0,,,,,,,,,-160000,,,,,,,,
8484402,,Alexander Rykov,Rykov,W,CAR,500000,1,,,,,0,,A,,,,,0,,,0,35,0,0,,0,,,,,,0,,,,,,,,,,,,,,,,,
8479531,,Yegor Rykov,Rykov,D,NYR,500000,0,,,,,0,,Y,,,,,0,,,0,47,0,0,,0,,,,,,0,,,,,,,,,0,,,,,,,,
8482818,,Simon Ryfors,Ryfors,C,TBL,500000,0,,,,,0,,S,,,,,0,,,0,56,0,0,,0,,,,,,0,,,,,,,,,0,,,,,,,,
8467545,,Michael Ryder,Ryder,W,NJD,500000,0,,,,,0,,M,,,,,0,,,0,49,0,0,,0,,,,,,0,,,,,,,,,0,,,,,,,,
8477368,,Viktor Crus Rydberg,Rydberg,C,NYI,500000,0,,,,,0,,V,,,,,0,,,0,46,0,0,,0,,,,,,0,,,,,,,,,0,,,,,,,,
8483607,,Gustav Rydahl,Rydahl,C,COL,500000,0,,,,,0,,G,,,,,0,,,0,37,0,0,,0,,,,,,0,,,,,,,,,,,,,,,,,
8479568,,Jake Ryczek,Ryczek,D,CHI,500000,0,,,,,0,,J,,,,,0,,,0,36,0,0,,0,,,,,,0,,,,,,,,,0,,,,,,,,
8484966,,Jakub Rychlovsky,Rychlovsky,W,DET,500000,1,,,,,0,,J,,,,,0,,,0,40,0,0,,0,,,,,,0,,,,,,,,,,,,,,,,,
8477510,,Kerby Rychel,Rychel,W,CAL,500000,0,,,,,0,,K,,,,,0,,,0,34,0,0,,0,,,,,,0,,,,,,,,,0,,,,,,,,
8481662,,Henrik Rybinski,Rybinski,W,WSH,500000,1,,,,,0,,H,,,,,0,,,0,59,0,0,,0,,,,,,0,,,,,,,,,0,,,,,,,,
8468014,,Maxim Rybin,Rybin,W,ANA,500000,0,,,,,0,,M,,,,,0,,,0,31,0,0,,0,,,,,,0,,,,,,,,,0,,,,,,,,
8480949,,Patrik Rybar,Rybar,G,DET,500000,0,,,,,0,,P,,,,,0,,,0,40,0,0,,0,,,,,,0,,,,,,,,,0,,,,,,,,
8477046,,Joakim Ryan,Ryan,D,CAR,500000,1,,,,,0,,J,,,,,0,,,0,35,0,0,,0,,,,,,0,,,,,,,,,0,,,,,,,,
8471676,,Bobby Ryan,Ryan,W,DET,500000,0,,,,,0,,B,,,,,0,,,0,40,0,0,,0,,,,,,0,,,,,,,,,-1530000,,,,,,,,
8478585,,Derek Ryan,Ryan,C,EDM,990000,0,5,7.722222,21,,0,,D,0,1,0,0,0,25,09:21,0,41,0,0,,0,11,36,,0,0,0,,-4,12,278.00,0,00:00,6,0,-500000,0,20,0,,,,,
8460536,,Dmitri Ryabykin,Ryabykin,D,CAL,500000,0,,,,,0,,D,,,,,0,,,0,34,0,0,,0,,,,,,0,,,,,,,,,0,,,,,,,,
8485368,,Ivan Ryabkin,Ryabkin,C,CAR,500000,1,,,,,0,,I,,,,,0,,,0,35,0,0,,0,,,,,,0,,,,,,,,,,,,,,,,,
8480008,,Adam Ruzicka,Ruzicka,C,ARI,500000,0,,,,,0,,A,,,,,0,,,0,52,0,0,,0,,,,,,0,,,,,,,,,0,,,,,,,,
8469462,,Tuomo Ruutu,Ruutu,W,NJD,500000,0,,,,,0,,T,,,,,0,,,0,49,0,0,,0,,,,,,0,,,,,,,,,0,,,,,,,,
8478886,,Markus Ruusu,Ruusu,G,DAL,500000,0,,,,,0,,M,,,,,0,,,0,39,0,0,,0,,,,,,0,,,,,,,,,0,,,,,,,,
8480172,,Jan Rutta,Rutta,D,SJS,1510000,0,6,11.388889,73,,0,,J,0,3,0,0,0,40,17:15,0,54,0,0,,0,33,54,,0,0,0,,-3,28,615.00,0,00:00,9,0,-970000,0,55,0,,,,,
8475846,,Troy Rutkowski,Rutkowski,D,OTT,500000,0,,,,,0,,T,,,,,0,,,0,50,0,0,,0,,,,,,0,,,,,,,,,0,,,,,,,,
8475810,,Bryan Rust,Rust,W,PIT,4280000,1,34,31.873239,49,,0,,B,0,31,5,0,0,62,19:45,0,53,1,0,20251016,0,28,71,,2,0,0,,-21,18,2263.00,5,00:00,65,0,-510000,0,191,0,,,,2025-10-03,2025-10-03
8476418,,Robbie Russo,Russo,D,ARI,500000,0,,,,,0,,R,,,,,0,,,0,52,0,0,,0,,,,,,0,,,,,,,,,0,,,,,,,,
8471729,,Kris Russell,Russell,D,EDM,500000,0,,,,,0,,K,,,,,0,,,0,41,0,0,,0,,,,,,0,,,,,,,,,-1540000,,,,,,,,
8479466,,Patrick Russell,Russell,W,EDM,500000,0,,,,,0,,P,,,,,0,,,0,41,0,0,,0,,,,,,0,,,,,,,,,-570000,,,,,,,,
8483618,,Mitchell Russell,Russell,W,SJS,500000,0,,,,,0,,M,,,,,0,,,0,54,0,0,,0,,,,,,0,,,,,,,,,,,,,,,,,
8481687,,Kieran Ruscheinski,Ruscheinski,D,MTL,500000,0,,,,,0,,K,,,,,0,,,0,45,0,0,,0,,,,,,0,,,,,,,,,0,,,,,,,,
8477005,,Ryan Rupert,Rupert,C,OTT,500000,0,,,,,0,,R,,,,,0,,,0,50,0,0,,0,,,,,,0,,,,,,,,,0,,,,,,,,
8481626,,Arttu Ruotsalainen,Ruotsalainen,C,BUF,500000,0,,,,,0,,A,,,,,0,,,0,33,0,0,,0,,,,,,0,,,,,,,,,-610000,,,,,,,,
8476408,,Harrison Ruopp,Ruopp,D,PIT,500000,0,,,,,0,,H,,,,,0,,,0,53,0,0,,0,,,,,,0,,,,,,,,,0,,,,,,,,
8478860,,Sam Ruopp,Ruopp,D,CBJ,500000,0,,,,,0,,S,,,,,0,,,0,38,0,0,,0,,,,,,0,,,,,,,,,0,,,,,,,,
8485014,,Heikki Ruohonen,Ruohonen,C,PHI,500000,1,,,,,0,,H,,,,,0,,,0,51,0,0,,0,,,,,,0,,,,,,,,,,,,,,,,,
8475182,,David Rundblad,Rundblad,D,CHI,500000,0,,,,,0,,D,,,,,0,,,0,36,0,0,,0,,,,,,0,,,,,,,,,0,,,,,,,,
8477244,,Chad Ruhwedel,Ruhwedel,D,NYR,1250000,1,1,14.600000,5,,0,,C,0,0,0,0,0,8,14:06,0,47,0,0,,0,3,5,,0,0,0,,2,0,73.00,0,00:00,1,0,-200000,0,1,0,,,,,
8478898,,Steven Ruggiero,Ruggiero,D,ANA,500000,0,,,,,0,,S,,,,,0,,,0,31,0,0,,0,,,,,,0,,,,,,,,,0,,,,,,,,
8482065,,Austin Rueschhoff,Rueschhoff,W,NSH,500000,0,,,,,0,,A,,,,,0,,,0,48,0,0,,0,,,,,,0,,,,,,,,,0,,,,,,,,
8468033,,Konstantin Rudenko,Rudenko,W,PHI,500000,0,,,,,0,,K,,,,,0,,,0,51,0,0,,0,,,,,,0,,,,,,,,,0,,,,,,,,
8485680,,Ryan Rucinski,Rucinski,C,BUF,500000,1,,,,,0,,R,,,,,0,,,0,33,0,0,,0,,,,,,0,,,,,,,,,,,,,,,,,
8479424,,German Rubtsov,Rubtsov,C,FLA,500000,0,,,,,0,,G,,,,,0,,,0,42,0,0,,0,,,,,,0,,,,,,,,,0,,,,,,,,
8479729,,Kristians Rubins,Rubins,D,OTT,500000,0,,,,,0,,K,,,,,0,,,0,50,0,0,,0,,,,,,0,,,,,,,,,0,,,,,,,,
8485633,,David Rozsival,Rozsival,W,NJD,500000,1,,,,,0,,D,,,,,0,,,0,49,0,0,,0,,,,,,0,,,,,,,,,,,,,,,,,
8465058,,Michal Rozsival,Rozsival,D,CHI,500000,0,,,,,0,,M,,,,,0,,,0,36,0,0,,0,,,,,,0,,,,,,,,,0,,,,,,,,
8478462,,Nicolas Roy,Roy,C,VGK,3190000,1,18,19.512195,49,,0,,N,0,17,3,0,0,92,15:06,0,62,0,0,,0,23,82,,0,0,0,,-9,64,1600.00,3,00:00,35,0,520000,0,118,0,,,,,
8478911,,Matt Roy,Roy,D,WSH,3360000,1,23,20.810127,132,,0,,M,0,3,0,0,0,141,20:23,0,59,0,0,,0,21,79,,0,0,0,,17,27,1644.00,0,00:00,26,0,1570000,0,91,0,,,,,
8482749,,Joshua Roy,Roy,W,MTL,520000,1,0,4.333333,8,,0,,J,0,2,0,0,0,6,11:01,0,45,0,0,,0,4,12,,0,0,0,,-6,2,52.00,0,00:00,2,0,20000,0,14,0,,,,,
8469485,,Derek Roy,Roy,C,WSH,500000,0,,,,,0,,D,,,,,0,,,0,59,0,0,,0,,,,,,0,,,,,,,,,0,,,,,,,,
8476971,,Kevin Roy,Roy,C,PIT,500000,0,,,,,0,,K,,,,,0,,,0,53,0,0,,0,,,,,,0,,,,,,,,,0,,,,,,,,
8477367,,Eric Roy,Roy,D,CAL,500000,0,,,,,0,,E,,,,,0,,,0,34,0,0,,0,,,,,,0,,,,,,,,,0,,,,,,,,
8478464,,Jeremy Roy,Roy,D,SJS,500000,0,,,,,0,,J,,,,,0,,,0,54,0,0,,0,,,,,,0,,,,,,,,,0,,,,,,,,
8484512,,Pier-Olivier Roy,Roy,D,EDM,500000,0,,,,,0,,P,,,,,0,,,0,41,0,0,,0,,,,,,0,,,,,,,,,,,,,,,,,
8477240,,Carter Rowney,Rowney,C,DET,500000,0,,,,,0,,C,,,,,0,,,0,40,0,0,,0,,,,,,0,,,,,,,,,-1010000,,,,,,,,
8474849,,Antoine Roussel,Roussel,W,ARI,500000,0,,,,,0,,A,,,,,0,,,0,52,0,0,,0,,,,,,0,,,,,,,,,-1160000,,,,,,,,
8481751,,Lukas Rousek,Rousek,W,BUF,500000,0,,,,,0,,L,,,,,0,,,0,33,0,0,,0,,,,,,0,,,,,,,,,0,,,,,,,,
8482709,,Conner Roulette,Roulette,W,DAL,500000,0,,,,,0,,C,,,,,0,,,0,39,0,0,,0,,,,,,0,,,,,,,,,0,,,,,,,,
8482079,,Marco Rossi,Rossi,C,MIN,4330000,1,37,27.056818,40,,0,,M,0,26,3,0,0,70,17:46,0,44,0,0,,0,32,88,,2,0,0,,3,32,2381.00,7,00:00,63,0,3830000,0,145,0,,,,,
8475746,,Brad Ross,Ross,W,EDM,500000,0,,,,,0,,B,,,,,0,,,0,41,0,0,,0,,,,,,0,,,,,,,,,0,,,,,,,,
8475966,,Garret Ross,Ross,W,ARI,500000,0,,,,,0,,G,,,,,0,,,0,52,0,0,,0,,,,,,0,,,,,,,,,0,,,,,,,,
8481671,,Roddy Ross,Ross,G,PHI,500000,0,,,,,0,,R,,,,,0,,,0,51,0,0,,0,,,,,,0,,,,,,,,,0,,,,,,,,
8478458,,Jack Roslovic,Roslovic,C,CAR,2610000,1,20,16.166667,29,,0,,J,0,23,2,0,0,26,13:49,0,35,0,0,,0,32,90,,0,0,0,,-13,10,1455.00,2,00:00,43,0,-410000,0,155,0,,,,,
8480157,,Calle Rosen,Rosen,D,WSH,500000,1,,,,,0,,C,,,,,0,,,0,59,0,0,,0,,,,,,0,,,,,,,,,0,,,,,,,,
8482765,,Isak Rosen,Rosen,W,BUF,500000,1,1,2.375000,1,,0,,I,0,0,0,0,0,3,09:38,0,33,0,0,,0,3,8,,0,0,0,,-3,0,19.00,0,00:00,1,0,-100000,0,8,0,,,,,
8477455,,Jacob de la Rose,Rose,W,STL,500000,0,,,,,0,,J,,,,,0,,,0,55,0,0,,0,,,,,,0,,,,,,,,,-350000,,,,,,,,
8482051,,Jerad Rosburg,Rosburg,D,DAL,500000,0,,,,,0,,J,,,,,0,,,0,39,0,0,,0,,,,,,0,,,,,,,,,0,,,,,,,,
8483619,,Filip Roos,Roos,D,OTT,500000,0,,,,,0,,F,,,,,0,,,0,50,0,0,,0,,,,,,0,,,,,,,,,,,,,,,,,
8479291,,Kevin Rooney,Rooney,C,CAL,1240000,0,5,9.085714,39,,0,,K,0,5,0,0,0,109,09:25,0,34,0,0,,0,23,70,,0,0,0,,-6,14,636.00,0,00:00,10,0,-1080000,0,54,0,,,,,
8484461,,Dylan Roobroeck,Roobroeck,C,NYR,500000,1,,,,,0,,D,,,,,0,,,0,47,0,0,,0,,,,,,0,,,,,,,,,,,,,,,,,
8459200,,Petter Ronnquist,Ronnquist,G,OTT,500000,0,,,,,0,,P,,,,,0,,,0,50,0,0,,0,,,,,,0,,,,,,,,,0,,,,,,,,
8479317,,Ty Ronning,Ronning,W,NYR,500000,0,,,,,0,,T,,,,,0,,,0,47,0,0,,0,,,,,,0,,,,,,,,,0,,,,,,,,
8483508,,Topi Ronni,Ronni,C,CAL,500000,0,,,,,0,,T,,,,,0,,,0,34,0,0,,0,,,,,,0,,,,,,,,,,,,,,,,,
8480007,,Jonas Rondbjerg,Rondbjerg,W,VGK,500000,1,0,-0.307692,4,,0,,J,0,0,0,0,0,3,09:38,0,62,0,0,,0,3,13,,0,0,0,,-4,0,-4.00,0,00:00,0,0,0,0,11,0,,,,,
8484562,,Lucas Romeo,Romeo,W,COL,500000,1,,,,,0,,L,,,,,0,,,0,37,0,0,,0,,,,,,0,,,,,,,,,,,,,,,,,
8482946,,Chandler Romeo,Romeo,D,OTT,500000,0,,,,,0,,C,,,,,0,,,0,50,0,0,,0,,,,,,0,,,,,,,,,0,,,,,,,,
8485369,,Jacob Rombach,Rombach,D,NSH,500000,1,,,,,0,,J,,,,,0,,,0,48,0,0,,0,,,,,,0,,,,,,,,,,,,,,,,,
8481014,,Alexander Romanov,Romanov,D,NYI,2960000,1,16,21.843750,148,,0,,A,0,4,0,0,0,147,22:18,0,46,0,0,,0,24,64,,0,0,0,,5,20,1398.00,0,00:00,20,0,1020000,0,99,0,,,,,
8484312,,Georgi Romanov,Romanov,G,SJS,500000,0,0,-2.625000,0,,0,,G,27,0,0,0,0,0,52:07,0,54,0,0,,0,8,8,,0,0,0,,0,0,-21.00,0,00:00,0,192,,0,0,0,,87.7,,,
8485370,,Luca Romano,Romano,C,NYI,500000,1,,,,,0,,L,,,,,0,,,0,46,0,0,,0,,,,,,0,,,,,,,,,,,,,,,,,
8481729,,Anthony Romano,Romano,C,DAL,500000,0,,,,,0,,A,,,,,0,,,0,39,0,0,,0,,,,,,0,,,,,,,,,0,,,,,,,,
8480310,,Darian Romanko,Romanko,C,FA,500000,0,,,,,0,,D,,,,,0,,,0,0,0,0,,0,,,,,,0,,,,,,,,,0,,,,,,,,
8484565,,Anthony Romani,Romani,C,VAN,500000,1,,,,,0,,A,,,,,0,,,0,58,0,0,,0,,,,,,0,,,,,,,,,,,,,,,,,
8480792,,Milos Roman,Roman,C,CAL,500000,0,,,,,0,,M,,,,,0,,,0,34,0,0,,0,,,,,,0,,,,,,,,,0,,,,,,,,
8483725,,Chris Romaine,Romaine,D,COL,500000,1,,,,,0,,C,,,,,0,,,0,37,0,0,,0,,,,,,0,,,,,,,,,,,,,,,,,
8482082,,Ryder Rolston,Rolston,W,NSH,500000,1,,,,,0,,R,,,,,0,,,0,48,0,0,,0,,,,,,0,,,,,,,,,0,,,,,,,,
8483097,,Stuart Rolofs,Rolofs,W,MIN,500000,0,,,,,0,,S,,,,,0,,,0,44,0,0,,0,,,,,,0,,,,,,,,,0,,,,,,,,
8483507,,Vinzenz Rohrer,Rohrer,C,MTL,500000,1,,,,,0,,V,,,,,0,,,0,45,0,0,,0,,,,,,0,,,,,,,,,,,,,,,,,
8482672,,Ben Roger,Roger,D,OTT,500000,0,,,,,0,,B,,,,,0,,,0,50,0,0,,0,,,,,,0,,,,,,,,,0,,,,,,,,
8483844,,Austin Roest,Roest,W,NSH,500000,1,,,,,0,,A,,,,,0,,,0,48,0,0,,0,,,,,,0,,,,,,,,,,,,,,,,,
8483861,,Rylen Roersma,Roersma,C,COL,500000,0,,,,,0,,R,,,,,0,,,0,37,0,0,,0,,,,,,0,,,,,,,,,,,,,,,,,
8483921,,Milo Roelens,Roelens,C,TBL,500000,1,,,,,0,,M,,,,,0,,,0,56,0,0,,0,,,,,,0,,,,,,,,,,,,,,,,,
8484891,,Lleyton Roed,Roed,W,SEA,500000,1,,,,,0,,L,,,,,0,,,0,63,0,0,,0,,,,,,0,,,,,,,,,,,,,,,,,
8485681,,Nolan Roed,Roed,C,COL,500000,1,,,,,0,,N,,,,,0,,,0,37,0,0,,0,,,,,,0,,,,,,,,,,,,,,,,,
8478542,,Evan Rodrigues,Rodrigues,C,FLA,3750000,1,30,21.116505,31,,0,,E,0,17,1,0,0,173,15:25,0,42,0,0,,0,33,103,,0,0,0,,-1,48,2175.00,5,00:00,47,0,1270000,0,194,0,,,,,
8480885,,Olivier Rodrigue,Rodrigue,G,EDM,500000,1,0,-5.000000,0,,0,,O,4,0,0,0,0,0,38:43,0,41,0,0,,0,2,2,,0,0,0,,0,0,-10.00,0,00:00,0,25,0,0,0,0,,86.2,,,
8475210,,Anton Rodin,Rodin,W,ANA,500000,0,,,,,0,,A,,,,,0,,,0,31,0,0,,0,,,,,,0,,,,,,,,,0,,,,,,,,
8478268,,Jack Rodewald,Rodewald,W,FLA,500000,0,,,,,0,,J,,,,,0,,,0,42,0,0,,0,,,,,,0,,,,,,,,,0,,,,,,,,
8477984,,Noah Rod,Rod,W,SJS,500000,0,,,,,0,,N,,,,,0,,,0,54,0,0,,0,,,,,,0,,,,,,,,,0,,,,,,,,
8481443,,Mat Robson,Robson,G,MIN,500000,0,,,,,0,,M,,,,,0,,,0,44,0,0,,0,,,,,,0,,,,,,,,,0,,,,,,,,
8480762,,Eric Robinson,Robinson,W,CAR,2960000,1,19,17.340206,19,,0,,E,0,15,1,0,0,181,12:08,0,35,0,0,,0,34,97,,0,0,0,,11,12,1682.00,0,00:00,34,0,740000,0,133,0,,,,,
8477210,,Buddy Robinson,Robinson,W,CHI,500000,0,,,,,0,,B,,,,,0,,,0,36,0,0,,0,,,,,,0,,,,,,,,,-10000,,,,,,,,
8478837,,Mike Robinson,Robinson,G,SJS,500000,0,,,,,0,,M,,,,,0,,,0,54,0,0,,0,,,,,,0,,,,,,,,,0,,,,,,,,
8483008,,Dylan Robinson,Robinson,D,LAK,500000,0,,,,,0,,D,,,,,0,,,0,43,0,0,,0,,,,,,0,,,,,,,,,0,,,,,,,,
8472365,,Bobby Robins,Robins,W,BOS,500000,0,,,,,0,,B,,,,,0,,,0,32,0,0,,0,,,,,,0,,,,,,,,,0,,,,,,,,
8482181,,Tristen Robins,Robins,C,SJS,500000,0,,,,,0,,T,,,,,0,,,0,54,0,0,,0,,,,,,0,,,,,,,,,0,,,,,,,,
8483797,,Jakob Robillard,Robillard,G,OTT,500000,0,,,,,0,,J,,,,,0,,,0,50,0,0,,0,,,,,,0,,,,,,,,,,,,,,,,,
8482785,,Justin Robidas,Robidas,C,CAR,1410000,1,1,35.000000,0,,0,,J,0,1,0,0,0,2,11:09,0,35,0,0,,0,2,2,,0,0,0,,1,0,70.00,0,00:00,2,0,910000,0,3,0,,,,,
8462196,,Stephane Robidas,Robidas,D,TOR,500000,0,,,,,0,,S,,,,,0,,,0,57,0,0,,0,,,,,,0,,,,,,,,,0,,,,,,,,
8482716,,Simon Robertsson,Robertsson,W,STL,500000,1,,,,,0,,S,,,,,0,,,0,55,0,0,,0,,,,,,0,,,,,,,,,0,,,,,,,,
8485666,,Grayden Robertson-Palmer,Robertson-Palmer,C,DET,500000,1,,,,,0,,G,,,,,0,,,0,40,0,0,,0,,,,,,0,,,,,,,,,,,,,,,,,
8480027,,Jason Robertson,Robertson,W,DAL,5720000,1,47,35.043011,52,,0,,J,0,39,6,0,0,70,17:34,0,39,0,0,,0,32,93,,1,0,0,,5,20,3259.00,10,00:00,86,0,1330000,0,235,0,,,,,
8481525,,Matthew Robertson,Robertson,D,NYR,800000,1,0,20.000000,1,,0,,M,0,0,0,0,0,2,17:38,0,47,0,0,,0,0,2,,0,0,0,,3,0,40.00,0,00:00,0,0,300000,0,2,0,,,,,
8481582,,Nicholas Robertson,Robertson,W,TOR,2870000,1,8,16.805556,36,,0,,N,0,16,3,0,0,82,11:55,0,57,0,0,,0,22,72,,0,0,0,,0,22,1210.00,2,00:00,24,0,1940000,0,114,0,,,,,
8483043,,Tucker Robertson,Robertson,C,PHI,500000,1,,,,,0,,T,,,,,0,,,0,51,0,0,,0,,,,,,0,,,,,,,,,0,,,,,,,,
8476325,,Dennis Robertson,Robertson,D,CAR,500000,0,,,,,0,,D,,,,,0,,,0,35,0,0,,0,,,,,,0,,,,,,,,,0,,,,,,,,
8480859,,Carter Robertson,Robertson,D,PIT,500000,0,,,,,0,,C,,,,,0,,,0,53,0,0,,0,,,,,,0,,,,,,,,,0,,,,,,,,
8484764,,Colton Roberts,Roberts,D,SJS,500000,1,,,,,0,,C,,,,,0,,,0,54,0,0,,0,,,,,,0,,,,,,,,,,,,,,,,,
8480350,,Zachary Roberts,Roberts,W,FA,500000,0,,,,,0,,Z,,,,,0,,,0,0,0,0,,0,,,,,,0,,,,,,,,,0,,,,,,,,
8481138,,Connor Roberts,Roberts,W,PIT,500000,0,,,,,0,,C,,,,,0,,,0,53,0,0,,0,,,,,,0,,,,,,,,,0,,,,,,,,
8474606,,Colby Robak,Robak,D,ANA,500000,0,,,,,0,,C,,,,,0,,,0,31,0,0,,0,,,,,,0,,,,,,,,,0,,,,,,,,
8476627,,Alex Roach,Roach,D,LAK,500000,0,,,,,0,,A,,,,,0,,,0,43,0,0,,0,,,,,,0,,,,,,,,,0,,,,,,,,
8481760,,Massimo Rizzo,Rizzo,C,PHI,500000,1,,,,,0,,M,,,,,0,,,0,51,0,0,,0,,,,,,0,,,,,,,,,,,,,,,,,
8479496,,David Rittich,Rittich,G,NYI,3560000,1,0,26.411765,0,,0,,D,88,0,0,16,0,0,54:43,0,46,0,0,,0,14,34,,0,2,0,,0,0,898.00,0,00:00,0,684,-50000,0,0,0,,88.6,,,
8484221,,Calum Ritchie,Ritchie,C,NYI,500000,1,0,-1.000000,2,,0,,C,0,1,0,0,0,6,12:47,0,46,1,0,20251009,0,2,7,,0,0,0,,-7,0,-7.00,0,00:00,1,0,,0,11,0,,,,2025-10-03,2025-10-03
8484765,,Ryder Ritchie,Ritchie,W,MIN,500000,1,,,,,0,,R,,,,,0,,,0,44,0,0,,0,,,,,,0,,,,,,,,,,,,,,,,,
8476439,,Brett Ritchie,Ritchie,W,ARI,500000,0,,,,,0,,B,,,,,0,,,0,52,0,0,,0,,,,,,0,,,,,,,,,-1110000,,,,,,,,
8477941,,Nick Ritchie,Ritchie,W,CAL,500000,0,,,,,0,,N,,,,,0,,,0,34,0,0,,0,,,,,,0,,,,,,,,,-2940000,,,,,,,,
8483011,,Nolan Ritchie,Ritchie,C,VGK,500000,0,,,,,0,,N,,,,,0,,,0,62,0,0,,0,,,,,,0,,,,,,,,,0,,,,,,,,
8483057,,Ethan Ritchie,Ritchie,D,BUF,500000,0,,,,,0,,E,,,,,0,,,0,33,0,0,,0,,,,,,0,,,,,,,,,0,,,,,,,,
8477499,,Rasmus Ristolainen,Ristolainen,D,PHI,2490000,1,15,18.412698,87,,0,,R,0,4,2,0,0,97,20:31,0,51,0,0,,0,29,63,,1,0,0,,3,14,1160.00,0,00:00,19,0,-210000,0,100,0,,,,,
8477045,,Jaynen Rissling,Rissling,D,NSH,500000,0,,,,,0,,J,,,,,0,,,0,48,0,0,,0,,,,,,0,,,,,,,,,0,,,,,,,,
8475294,,Rasmus Rissanen,Rissanen,D,CAR,500000,0,,,,,0,,R,,,,,0,,,0,35,0,0,,0,,,,,,0,,,,,,,,,0,,,,,,,,
8481164,,Merrick Rippon,Rippon,D,CAL,500000,0,,,,,0,,M,,,,,0,,,0,34,0,0,,0,,,,,,0,,,,,,,,,0,,,,,,,,
8483506,,Sam Rinzel,Rinzel,D,CHI,1930000,1,5,23.666667,5,,0,,S,0,0,0,0,0,12,23:22,0,36,0,0,,0,3,9,,0,0,0,,1,0,213.00,0,00:00,5,0,,0,22,0,,,,,
8471469,,Pekka Rinne,Rinne,G,NSH,500000,0,,,,,0,,P,,,,,0,,,0,48,0,0,,0,,,,,,0,,,,,,,,,-4170000,,,,,,,,
8482463,,Axel Rindell,Rindell,D,TOR,500000,0,,,,,0,,A,,,,,0,,,0,57,0,0,,0,,,,,,0,,,,,,,,,0,,,,,,,,
8474736,,Zac Rinaldo,Rinaldo,C,CBJ,500000,0,,,,,0,,Z,,,,,0,,,0,38,0,0,,0,,,,,,0,,,,,,,,,-260000,,,,,,,,
8485627,,Petteri Rimpinen,Rimpinen,G,LAK,500000,1,,,,,0,,P,,,,,0,,,0,43,0,0,,0,,,,,,0,,,,,,,,,,,,,,,,,
8484477,,Yegor Rimashevskiy,Rimashevskiy,W,SJS,500000,1,,,,,0,,Y,,,,,0,,,0,54,0,0,,0,,,,,,0,,,,,,,,,,,,,,,,,
8480945,,Juuso Riikola,Riikola,D,PIT,500000,0,,,,,0,,J,,,,,0,,,0,53,0,0,,0,,,,,,0,,,,,,,,,-80000,,,,,,,,
8483546,,Marshall Rifai,Rifai,D,TOR,500000,1,,,,,0,,M,,,,,0,,,0,57,1,0,20250927,0,,,,,,0,,,,,,,,,,,,,,,,2025-09-26,2025-09-26
8474037,,James van Riemsdyk,Riemsdyk,W,CBJ,2350000,1,20,17.478873,15,,0,,J,0,16,2,0,0,31,12:24,0,38,0,0,,0,25,71,,0,0,0,,-4,23,1241.00,1,00:00,36,0,-1500000,0,85,0,,,,,
8477845,,Trevor van Riemsdyk,Riemsdyk,D,WSH,2530000,1,22,15.184783,160,,0,,T,0,1,0,0,0,11,17:28,0,59,0,0,,0,25,92,,0,0,0,,20,38,1397.00,0,00:00,23,0,1450000,0,83,0,,,,,
8476853,,Morgan Rielly,Rielly,D,TOR,3420000,1,37,20.126316,147,,0,,M,0,11,2,0,0,35,21:26,0,57,0,0,,0,29,95,,1,0,0,,-10,25,1912.00,1,00:00,48,0,-770000,0,144,0,,,,,
8476356,,Tobias Rieder,Rieder,W,BUF,500000,0,,,,,0,,T,,,,,0,,,0,33,0,0,,0,,,,,,0,,,,,,,,,-420000,,,,,,,,
8484532,,Bronson Ride,Ride,D,VGK,500000,1,,,,,0,,B,,,,,0,,,0,62,0,0,,0,,,,,,0,,,,,,,,,,,,,,,,,
8470755,,Brad Richardson,Richardson,W,NSH,500000,0,,,,,0,,B,,,,,0,,,0,48,0,0,,0,,,,,,0,,,,,,,,,-860000,,,,,,,,
8467389,,Brad Richards,Richards,C,DET,500000,0,,,,,0,,B,,,,,0,,,0,40,0,0,,0,,,,,,0,,,,,,,,,0,,,,,,,,
8470617,,Mike Richards,Richards,C,WSH,500000,0,,,,,0,,M,,,,,0,,,0,59,0,0,,0,,,,,,0,,,,,,,,,0,,,,,,,,
8482179,,Justin Richards,Richards,C,CBJ,500000,0,,,,,0,,J,,,,,0,,,0,38,0,0,,0,,,,,,0,,,,,,,,,-1160000,,,,,,,,
8478409,,Anthony Richard,Richard,C,PHI,1340000,1,4,12.666667,8,,0,,A,0,2,0,0,0,8,12:22,0,51,0,0,,0,8,15,,0,0,0,,-3,0,190.00,0,00:00,6,0,840000,0,19,0,,,,,
8482692,,Guillaume Richard,Richard,D,CBJ,500000,1,,,,,0,,G,,,,,0,,,0,38,0,0,,0,,,,,,0,,,,,,,,,0,,,,,,,,
8483755,,Jake Richard,Richard,W,BUF,500000,1,,,,,0,,J,,,,,0,,,0,33,0,0,,0,,,,,,0,,,,,,,,,,,,,,,,,
8476911,,Tanner Richard,Richard,C,TBL,500000,0,,,,,0,,T,,,,,0,,,0,56,0,0,,0,,,,,,0,,,,,,,,,0,,,,,,,,
8467371,,Mike Ribeiro,Ribeiro,C,NSH,500000,0,,,,,0,,M,,,,,0,,,0,48,0,0,,0,,,,,,0,,,,,,,,,0,,,,,,,,
8479584,,Damien Riat,Riat,W,WSH,500000,0,,,,,0,,D,,,,,0,,,0,59,0,0,,0,,,,,,0,,,,,,,,,0,,,,,,,,
8482958,,Rhett Rhinehart,Rhinehart,D,CAL,500000,0,,,,,0,,R,,,,,0,,,0,34,0,0,,0,,,,,,0,,,,,,,,,0,,,,,,,,
8485735,,Nick Rheaume,Rheaume,W,TOR,500000,1,,,,,0,,N,,,,,0,,,0,57,0,0,,0,,,,,,0,,,,,,,,,,,,,,,,,
8485566,,Will Reynolds,Reynolds,D,SEA,500000,1,,,,,0,,W,,,,,0,,,0,63,0,0,,0,,,,,,0,,,,,,,,,,,,,,,,,
8482786,,Peter Reynolds,Reynolds,C,CBJ,500000,0,,,,,0,,P,,,,,0,,,0,38,0,0,,0,,,,,,0,,,,,,,,,0,,,,,,,,
8477442,,Martin Reway,Reway,W,MTL,500000,0,,,,,0,,M,,,,,0,,,0,45,0,0,,0,,,,,,0,,,,,,,,,0,,,,,,,,
8479462,,Tarmo Reunanen,Reunanen,D,CAR,500000,0,,,,,0,,T,,,,,0,,,0,35,0,0,,0,,,,,,0,,,,,,,,,-310000,,,,,,,,
8485371,,Cole Reschny,Reschny,C,CAL,1700000,1,,,,,0,,C,,,,,0,,,0,34,0,0,,0,,,,,,0,,,,,,,,,,,,,,,,,
8480255,,Sebastian Repo,Repo,W,FLA,500000,0,,,,,0,,S,,,,,0,,,0,42,0,0,,0,,,,,,0,,,,,,,,,0,,,,,,,,
8474153,,Michal Repik,Repik,W,FLA,500000,0,,,,,0,,M,,,,,0,,,0,42,0,0,,0,,,,,,0,,,,,,,,,0,,,,,,,,
8485492,,Nolan Renwick,Renwick,W,PIT,500000,1,,,,,0,,N,,,,,0,,,0,53,0,0,,0,,,,,,0,,,,,,,,,,,,,,,,,
8479252,,Dan Renouf,Renouf,D,BOS,500000,0,,,,,0,,D,,,,,0,,,0,32,0,0,,0,,,,,,0,,,,,,,,,-570000,,,,,,,,
8477916,,Borna Rendulic,Rendulic,W,VAN,500000,0,,,,,0,,B,,,,,0,,,0,58,0,0,,0,,,,,,0,,,,,,,,,0,,,,,,,,
8482460,,Matt Rempe,Rempe,C,NYR,2470000,1,5,18.880952,14,,0,,M,0,3,0,0,0,117,08:30,0,47,0,0,,0,16,42,,0,0,0,,7,67,793.00,0,00:00,8,0,1970000,0,30,0,,,,,
8480776,,Sheldon Rempal,Rempal,W,VGK,500000,0,,,,,0,,S,,,,,0,,,0,62,0,0,,0,,,,,,0,,,,,,,,,0,,,,,,,,
8480761,,Mitch Reinke,Reinke,D,STL,500000,0,,,,,0,,M,,,,,0,,,0,55,0,0,,0,,,,,,0,,,,,,,,,0,,,,,,,,
8477933,,Sam Reinhart,Reinhart,C,FLA,7020000,1,54,41.540000,79,,0,,S,0,50,4,0,0,141,20:43,0,42,0,0,,0,31,100,,0,0,0,,11,33,4154.00,13,00:00,104,0,3850000,5,275,0,,,,,
8475733,,Max Reinhart,Reinhart,C,NSH,500000,0,,,,,0,,M,,,,,0,,,0,48,0,0,,0,,,,,,0,,,,,,,,,0,,,,,,,,
8476852,,Griffin Reinhart,Reinhart,D,VGK,500000,0,,,,,0,,G,,,,,0,,,0,62,0,0,,0,,,,,,0,,,,,,,,,0,,,,,,,,
8481133,,Cole Reinhardt,Reinhardt,W,VGK,1020000,1,1,9.352941,2,,0,,C,0,1,0,0,0,37,08:12,0,62,0,0,,0,12,17,,0,0,0,,-4,15,159.00,0,00:00,2,0,520000,0,13,0,,,,,
8484220,,David Reinbacher,Reinbacher,D,MTL,500000,1,,,,,0,,D,,,,,0,,,0,45,1,0,20250927,0,,,,,,0,,,,,,,,,,,,,,,,2025-09-26,2025-09-26
8473503,,James Reimer,Reimer,G,BUF,3900000,1,0,31.458333,0,,0,,J,69,0,0,10,0,0,56:47,0,33,0,0,,0,12,24,,0,2,0,,0,0,755.00,0,00:00,0,595,-1860000,0,0,1,,89.6,,,
8476422,,Mike Reilly,Reilly,D,NYI,860000,1,2,6.666667,13,,0,,M,0,0,0,0,0,3,15:10,0,46,0,0,,0,6,18,,0,0,0,,-3,2,120.00,0,00:00,2,0,-2480000,0,31,0,,,,,
8480278,,William Reilly,Reilly,D,PIT,500000,0,,,,,0,,W,,,,,0,,,0,53,0,0,,0,,,,,,0,,,,,,,,,0,,,,,,,,
8483762,,Kevin Reidler,Reidler,G,OTT,500000,1,,,,,0,,K,,,,,0,,,0,50,0,0,,0,,,,,,0,,,,,,,,,,,,,,,,,
8485372,,Cameron Reid,Reid,D,NSH,1460000,1,,,,,0,,C,,,,,0,,,0,48,0,0,,0,,,,,,0,,,,,,,,,,,,,,,,,
8482180,,Luke Reid,Reid,D,NSH,500000,0,,,,,0,,L,,,,,0,,,0,48,0,0,,0,,,,,,0,,,,,,,,,0,,,,,,,,
8482117,,Lukas Reichel,Reichel,W,CHI,1360000,1,14,9.942857,29,,0,,L,0,8,1,0,0,24,11:55,0,36,0,0,,0,39,70,,0,0,0,,-16,12,696.00,0,00:00,22,0,860000,0,72,0,,,,,
8484219,,Carson Rehkopf,Rehkopf,W,SEA,500000,1,,,,,0,,C,,,,,0,,,0,63,0,0,,0,,,,,,0,,,,,,,,,,,,,,,,,
8478060,,Ryan Rehill,Rehill,D,NJD,500000,0,,,,,0,,R,,,,,0,,,0,49,0,0,,0,,,,,,0,,,,,,,,,0,,,,,,,,
8483911,,Michael Regush,Regush,C,VAN,500000,0,,,,,0,,M,,,,,0,,,0,58,0,0,,0,,,,,,0,,,,,,,,,,,,,,,,,
8480831,,Alec Regula,Regula,D,BOS,500000,1,,,,,0,,A,,,,,0,,,0,32,0,0,,0,,,,,,0,,,,,,,,,0,,,,,,,,
8474698,,Brent Regner,Regner,D,DAL,500000,0,,,,,0,,B,,,,,0,,,0,39,0,0,,0,,,,,,0,,,,,,,,,0,,,,,,,,
8471299,,Peter Regin,Regin,C,CHI,500000,0,,,,,0,,P,,,,,0,,,0,36,0,0,,0,,,,,,0,,,,,,,,,0,,,,,,,,
8483630,,Pavol Regenda,Regenda,W,SJS,500000,1,,,,,0,,P,,,,,0,,,0,54,0,0,,0,,,,,,0,,,,,,,,,,,,,,,,,
8467344,,Robyn Regehr,Regehr,D,LAK,500000,0,,,,,0,,R,,,,,0,,,0,43,0,0,,0,,,,,,0,,,,,,,,,0,,,,,,,,
8470798,,Dylan Reese,Reese,D,ARI,500000,0,,,,,0,,D,,,,,0,,,0,52,0,0,,0,,,,,,0,,,,,,,,,0,,,,,,,,
8481579,,Jamieson Rees,Rees,C,OTT,500000,0,,,,,0,,J,,,,,0,,,0,50,0,0,,0,,,,,,0,,,,,,,,,0,,,,,,,,
8480060,,Scott Reedy,Reedy,C,DAL,500000,0,,,,,0,,S,,,,,0,,,0,39,0,0,,0,,,,,,0,,,,,,,,,0,,,,,,,,
8485089,,James Reeder,Reeder,W,LAK,500000,1,,,,,0,,J,,,,,0,,,0,43,0,0,,0,,,,,,0,,,,,,,,,,,,,,,,,
8474743,,Zach Redmond,Redmond,D,BUF,500000,0,,,,,0,,Z,,,,,0,,,0,33,0,0,,0,,,,,,0,,,,,,,,,0,,,,,,,,
8480089,,Angus Redmond,Redmond,G,EDM,500000,0,,,,,0,,A,,,,,0,,,0,41,0,0,,0,,,,,,0,,,,,,,,,0,,,,,,,,
8478448,,Chaz Reddekopp,Reddekopp,D,LAK,500000,0,,,,,0,,C,,,,,0,,,0,43,0,0,,0,,,,,,0,,,,,,,,,0,,,,,,,,
8471817,,Ryan Reaves,Reaves,W,TOR,1330000,1,2,10.400000,8,,0,,R,0,0,0,0,0,103,07:48,0,57,0,0,,0,12,35,,0,0,0,,-2,28,364.00,0,00:00,2,0,-1050000,0,14,0,,,,,
8485567,,Noah Read,Read,C,ANA,500000,1,,,,,0,,N,,,,,0,,,0,31,0,0,,0,,,,,,0,,,,,,,,,,,,,,,,,
8476177,,Matt Read,Read,W,MIN,500000,0,,,,,0,,M,,,,,0,,,0,44,0,0,,0,,,,,,0,,,,,,,,,0,,,,,,,,
8482078,,Lucas Raymond,Raymond,W,DET,4600000,1,53,32.365854,31,,0,,L,0,27,5,0,0,42,18:47,0,40,0,0,,0,34,82,,1,0,0,,-15,18,2654.00,8,00:00,80,0,4100000,1,192,0,,,,,
8471664,,Mason Raymond,Raymond,W,ANA,500000,0,,,,,0,,M,,,,,0,,,0,31,0,0,,0,,,,,,0,,,,,,,,,0,,,,,,,,
8483110,,Anri Ravinskis,Ravinskis,W,VAN,500000,1,,,,,0,,A,,,,,0,,,0,58,0,0,,0,,,,,,0,,,,,,,,,0,,,,,,,,
8485373,,Joshua Ravensbergen,Ravensbergen,G,SJS,740000,1,,,,,0,,J,,,,,0,,,0,54,0,0,,0,,,,,,0,,,,,,,,,,,,,,,,,
8485587,,Benjamin Rautiainen,Rautiainen,C,TBL,500000,1,,,,,0,,B,,,,,0,,,0,56,0,0,,0,,,,,,0,,,,,,,,,,,,,,,,,
8482071,,Alec Rauhauser,Rauhauser,D,FLA,500000,0,,,,,0,,A,,,,,0,,,0,42,0,0,,0,,,,,,0,,,,,,,,,0,,,,,,,,
8476415,,Kyle Rau,Rau,C,MIN,500000,0,,,,,0,,K,,,,,0,,,0,44,0,0,,0,,,,,,0,,,,,,,,,-720000,,,,,,,,
8484218,,Scott Ratzlaff,Ratzlaff,G,BUF,500000,1,,,,,0,,S,,,,,0,,,0,33,0,0,,0,,,,,,0,,,,,,,,,,,,,,,,,
8482691,,Aatu Raty,Raty,C,VAN,2110000,1,4,16.636364,7,,0,,A,0,7,0,0,0,80,10:39,0,58,0,0,,0,12,33,,0,0,0,,-1,14,549.00,0,00:00,11,0,1610000,0,34,0,,,,,
8481699,,Aku Raty,Raty,W,UTA,500000,0,,,,,0,,A,,,,,0,,,0,64,0,0,,0,,,,,,0,,,,,,,,,0,,,,,,,,
8476427,,Ty Rattie,Rattie,W,EDM,500000,0,,,,,0,,T,,,,,0,,,0,41,0,0,,0,,,,,,0,,,,,,,,,0,,,,,,,,
8480895,,Yannick Rathgeb,Rathgeb,D,NYI,500000,0,,,,,0,,Y,,,,,0,,,0,46,0,0,,0,,,,,,0,,,,,,,,,0,,,,,,,,
8480056,,Jack Rathbone,Rathbone,D,BUF,500000,1,,,,,0,,J,,,,,0,,,0,33,0,0,,0,,,,,,0,,,,,,,,,-1200000,,,,,,,,
8479052,,Joey Ratelle,Ratelle,W,SJS,500000,0,,,,,0,,J,,,,,0,,,0,54,0,0,,0,,,,,,0,,,,,,,,,0,,,,,,,,
8480019,,Isaac Ratcliffe,Ratcliffe,W,NSH,500000,0,,,,,0,,I,,,,,0,,,0,48,0,0,,0,,,,,,0,,,,,,,,,0,,,,,,,,
8480342,,Mark Rassell,Rassell,C,FA,500000,0,,,,,0,,M,,,,,0,,,0,0,0,0,,0,,,,,,0,,,,,,,,,0,,,,,,,,
8479992,,Michael Rasmussen,Rasmussen,C,DET,1970000,1,9,14.077922,56,,0,,M,0,11,1,0,0,141,13:25,0,40,0,0,,0,30,77,,0,0,0,,-12,24,1084.00,2,00:00,20,0,-120000,0,99,0,,,,,
8477929,,Dennis Rasmussen,Rasmussen,C,ANA,500000,0,,,,,0,,D,,,,,0,,,0,31,0,0,,0,,,,,,0,,,,,,,,,0,,,,,,,,
8482197,,Adam Raska,Raska,W,MIN,500000,0,,,,,0,,A,,,,,0,,,0,44,0,0,,0,,,,,,0,,,,,,,,,0,,,,,,,,
8471695,,Tuukka Rask,Rask,G,BOS,500000,0,,,,,0,,T,,,,,0,,,0,32,0,0,,0,,,,,,0,,,,,,,,,-7070000,,,,,,,,
8476437,,Victor Rask,Rask,C,SEA,500000,0,,,,,0,,V,,,,,0,,,0,63,0,0,,0,,,,,,0,,,,,,,,,-1500000,,,,,,,,
8482935,,Dmitri Rashevsky,Rashevsky,W,WPG,500000,1,,,,,0,,D,,,,,0,,,0,60,0,0,,0,,,,,,0,,,,,,,,,0,,,,,,,,
8479540,,Aapeli Rasanen,Rasanen,C,EDM,500000,0,,,,,0,,A,,,,,0,,,0,41,0,0,,0,,,,,,0,,,,,,,,,0,,,,,,,,
8480010,,Eemeli Rasanen,Rasanen,D,TOR,500000,0,,,,,0,,E,,,,,0,,,0,57,0,0,,0,,,,,,0,,,,,,,,,0,,,,,,,,
8480265,,Ville Rasanen,Rasanen,D,CAR,500000,0,,,,,0,,V,,,,,0,,,0,35,0,0,,0,,,,,,0,,,,,,,,,0,,,,,,,,
8478420,,Mikko Rantanen,Rantanen,W,DAL,7550000,1,69,43.360000,63,,0,,M,0,41,8,0,0,63,21:10,0,39,0,0,,0,39,100,,0,0,0,,10,70,4336.00,13,00:00,110,0,-540000,0,262,0,,,,,
8480846,,Sampo Ranta,Ranta,W,COL,500000,1,,,,,0,,S,,,,,0,,,0,37,0,0,,0,,,,,,0,,,,,,,,,0,,,,,,,,
8475896,,Brendan Ranford,Ranford,W,DAL,500000,0,,,,,0,,B,,,,,0,,,0,39,0,0,,0,,,,,,0,,,,,,,,,0,,,,,,,,
8475292,,Tyler Randell,Randell,W,OTT,500000,0,,,,,0,,T,,,,,0,,,0,50,0,0,,0,,,,,,0,,,,,,,,,0,,,,,,,,
8478134,,Jack Ramsey,Ramsey,W,CHI,500000,0,,,,,0,,J,,,,,0,,,0,36,0,0,,0,,,,,,0,,,,,,,,,0,,,,,,,,
8471403,,Karri Ramo,Ramo,G,CAL,500000,0,,,,,0,,K,,,,,0,,,0,34,0,0,,0,,,,,,0,,,,,,,,,0,,,,,,,,
8475829,,John Ramage,Ramage,D,NJD,500000,0,,,,,0,,J,,,,,0,,,0,49,0,0,,0,,,,,,0,,,,,,,,,0,,,,,,,,
8484865,,Colin Ralph,Ralph,D,STL,500000,1,,,,,0,,C,,,,,0,,,0,55,0,0,,0,,,,,,0,,,,,,,,,,,,,,,,,
8481168,,Cedric Ralph,Ralph,C,CAR,500000,0,,,,,0,,C,,,,,0,,,0,35,0,0,,0,,,,,,0,,,,,,,,,0,,,,,,,,
8476483,,Rickard Rakell,Rakell,W,PIT,4240000,1,35,30.432099,70,,0,,R,0,35,1,0,0,116,19:18,0,53,0,0,,0,34,81,,1,0,0,,-22,14,2465.00,9,00:00,70,0,1580000,0,203,0,,,,,
8482464,,Matias Rajaniemi,Rajaniemi,D,NYI,500000,0,,,,,0,,M,,,,,0,,,0,46,0,0,,0,,,,,,0,,,,,,,,,0,,,,,,,,
8481021,,Jacob Ragnarsson,Ragnarsson,D,NYR,500000,0,,,,,0,,J,,,,,0,,,0,47,0,0,,0,,,,,,0,,,,,,,,,0,,,,,,,,
8485640,,Victor Hedin Raftheim,Raftheim,D,CBJ,500000,1,,,,,0,,V,,,,,0,,,0,38,0,0,,0,,,,,,0,,,,,,,,,,,,,,,,,
8477327,,Rushan Rafikov,Rafikov,D,CAL,500000,1,,,,,0,,R,,,,,0,,,0,34,0,0,,0,,,,,,0,,,,,,,,,0,,,,,,,,
8477290,,Michael Raffl,Raffl,W,DAL,500000,0,,,,,0,,M,,,,,0,,,0,39,0,0,,0,,,,,,0,,,,,,,,,-1690000,,,,,,,,
8479069,,Thomas Raffl,Raffl,C,WPG,500000,0,,,,,0,,T,,,,,0,,,0,60,0,0,,0,,,,,,0,,,,,,,,,0,,,,,,,,
8481479,,Brogan Rafferty,Rafferty,D,DET,500000,0,,,,,0,,B,,,,,0,,,0,40,0,0,,0,,,,,,0,,,,,,,,,-470000,,,,,,,,
8471228,,Alexander Radulov,Radulov,W,DAL,500000,0,,,,,0,,A,,,,,0,,,0,39,0,0,,0,,,,,,0,,,,,,,,,-4840000,,,,,,,,
8485570,,Arseni Radkov,Radkov,G,MTL,500000,1,,,,,0,,A,,,,,0,,,0,45,0,0,,0,,,,,,0,,,,,,,,,,,,,,,,,
8478887,,Roy Radke,Radke,W,CHI,500000,0,,,,,0,,R,,,,,0,,,0,36,0,0,,0,,,,,,0,,,,,,,,,0,,,,,,,,
8480780,,Lukas Radil,Radil,C,SJS,500000,0,,,,,0,,L,,,,,0,,,0,54,0,0,,0,,,,,,0,,,,,,,,,0,,,,,,,,
8478178,,Darren Raddysh,Raddysh,D,TBL,2750000,1,31,19.155844,71,,0,,D,0,6,0,0,0,41,17:08,0,56,0,0,,0,27,77,,0,0,0,,4,14,1475.00,2,00:00,37,0,2250000,0,112,0,,,,,
8479390,,Taylor Raddysh,Raddysh,W,NYR,2080000,1,21,12.712644,30,,0,,T,0,7,1,0,0,71,12:16,0,47,0,0,,0,23,87,,0,0,0,,-8,22,1106.00,0,00:00,28,0,1580000,0,99,0,,,,,
8476411,,Jonathan Racine,Racine,D,MTL,500000,0,,,,,0,,J,,,,,0,,,0,45,0,0,,0,,,,,,0,,,,,,,,,0,,,,,,,,
8477293,,Antti Raanta,Raanta,G,CAR,500000,0,,,,,0,,A,,,,,0,,,0,35,0,0,,0,,,,,,0,,,,,,,,,-4610000,,,,,,,,
8479748,,Gage Quinney,Quinney,C,VGK,500000,0,,,,,0,,G,,,,,0,,,0,62,0,0,,0,,,,,,0,,,,,,,,,0,,,,,,,,
8482097,,Jack Quinn,Quinn,W,BUF,2340000,1,24,17.662162,22,,0,,J,0,15,3,0,0,39,14:52,0,33,0,0,,0,30,74,,0,0,0,,-18,18,1307.00,3,00:00,39,0,1840000,0,123,0,,,,,
8485637,,Nathan Quinn,Quinn,C,PHI,500000,1,,,,,0,,N,,,,,0,,,0,51,0,0,,0,,,,,,0,,,,,,,,,,,,,,,,,
8476409,,Alan Quine,Quine,C,EDM,500000,0,,,,,0,,A,,,,,0,,,0,41,0,0,,0,,,,,,0,,,,,,,,,0,,,,,,,,
8470724,,Kyle Quincey,Quincey,D,MIN,500000,0,,,,,0,,K,,,,,0,,,0,44,0,0,,0,,,,,,0,,,,,,,,,0,,,,,,,,
8484901,,Jacob Quillan,Quillan,C,TOR,500000,1,0,2.000000,0,,0,,J,0,0,0,0,0,1,05:21,0,57,0,0,,0,1,1,,0,0,0,,0,0,2.00,0,00:00,0,0,,0,0,0,,,,,
8471734,,Jonathan Quick,Quick,G,NYR,4660000,1,1,37.458333,0,,0,,J,70,0,0,11,0,0,55:14,0,47,0,0,,0,11,24,,0,2,0,,0,0,899.00,0,00:00,1,587,20000,0,0,3,,89.3,,,
8477334,,Peter Quenneville,Quenneville,C,CBJ,500000,1,,,,,0,,P,,,,,0,,,0,38,0,0,,0,,,,,,0,,,,,,,,,0,,,,,,,,
8477961,,John Quenneville,Quenneville,C,CHI,500000,0,,,,,0,,J,,,,,0,,,0,36,0,0,,0,,,,,,0,,,,,,,,,0,,,,,,,,
8479566,,David Quenneville,Quenneville,D,NJD,500000,0,,,,,0,,D,,,,,0,,,0,49,0,0,,0,,,,,,0,,,,,,,,,0,,,,,,,,
8482895,,Nikita Quapp,Quapp,G,CAR,500000,1,,,,,0,,N,,,,,0,,,0,35,0,0,,0,,,,,,0,,,,,,,,,0,,,,,,,,
8482451,,Mikael Pyyhtia,Pyyhtia,W,CBJ,810000,1,3,6.234043,38,,0,,M,0,4,0,0,0,25,12:06,0,38,0,0,,0,18,47,,0,0,0,,-11,6,293.00,0,00:00,7,0,310000,1,32,0,,,,,
8482084,,Jaromir Pytlik,Pytlik,C,NJD,500000,0,,,,,0,,J,,,,,0,,,0,49,0,0,,0,,,,,,0,,,,,,,,,0,,,,,,,,
8475796,,Mark Pysyk,Pysyk,D,DET,500000,0,,,,,0,,M,,,,,0,,,0,40,0,0,,0,,,,,,0,,,,,,,,,-970000,,,,,,,,
8480930,,Filip Pyrochta,Pyrochta,D,NSH,500000,0,,,,,0,,F,,,,,0,,,0,48,0,0,,0,,,,,,0,,,,,,,,,0,,,,,,,,
8482944,,Daniil Pylenkov,Pylenkov,D,TBL,500000,1,,,,,0,,D,,,,,0,,,0,56,0,0,,0,,,,,,0,,,,,,,,,0,,,,,,,,
8471768,,Tom Pyatt,Pyatt,W,OTT,500000,0,,,,,0,,T,,,,,0,,,0,50,0,0,,0,,,,,,0,,,,,,,,,0,,,,,,,,
8482203,,Kasper Puutio,Puutio,D,FLA,500000,0,,,,,0,,K,,,,,0,,,0,42,0,0,,0,,,,,,0,,,,,,,,,0,,,,,,,,
8481703,,Valtteri Puustinen,Puustinen,W,PIT,910000,1,1,8.692308,5,,0,,V,0,2,0,0,0,10,09:54,0,53,0,0,,0,7,13,,0,0,0,,-4,4,113.00,2,00:00,3,0,410000,0,8,0,,,,,
8473962,,Teddy Purcell,Purcell,W,LAK,500000,0,,,,,0,,T,,,,,0,,,0,43,0,0,,0,,,,,,0,,,,,,,,,0,,,,,,,,
8484523,,Connor Punnett,Punnett,D,DAL,500000,1,,,,,0,,C,,,,,0,,,0,39,0,0,,0,,,,,,0,,,,,,,,,,,,,,,,,
8477506,,Ryan Pulock,Pulock,D,NYI,2520000,1,18,18.256757,142,,0,,R,0,5,1,0,0,100,21:05,0,46,0,0,,0,30,74,,0,0,0,,2,16,1351.00,1,00:00,23,0,-1000000,0,97,0,,,,,
8484313,,Valtteri Pulli,Pulli,D,SJS,500000,0,,,,,0,,V,,,,,0,,,0,54,0,0,,0,,,,,,0,,,,,,,,,,,,,,,,,
8484766,,Jesse Pulkkinen,Pulkkinen,D,NYI,500000,1,,,,,0,,J,,,,,0,,,0,46,0,0,,0,,,,,,0,,,,,,,,,,,,,,,,,
8475800,,Teemu Pulkkinen,Pulkkinen,W,VGK,500000,0,,,,,0,,T,,,,,0,,,0,62,0,0,,0,,,,,,0,,,,,,,,,0,,,,,,,,
8479344,,Jesse Puljujarvi,Puljujarvi,W,FLA,2420000,0,6,19.129032,9,,0,,J,0,4,0,0,0,80,11:47,0,42,0,0,,0,15,31,,0,0,0,,-1,25,593.00,0,00:00,10,0,-960000,0,50,0,,,,,
8481574,,Patrik Puistola,Puistola,W,EDM,500000,0,,,,,0,,P,,,,,0,,,0,41,0,0,,0,,,,,,0,,,,,,,,,0,,,,,,,,
8476477,,Matt Puempel,Puempel,W,DET,500000,0,,,,,0,,M,,,,,0,,,0,40,0,0,,0,,,,,,0,,,,,,,,,0,,,,,,,,
8479389,,Cliff Pu,Pu,W,CBJ,500000,0,,,,,0,,C,,,,,0,,,0,38,0,0,,0,,,,,,0,,,,,,,,,0,,,,,,,,
8471283,,Brandon Prust,Prust,W,VAN,500000,0,,,,,0,,B,,,,,0,,,0,58,0,0,,0,,,,,,0,,,,,,,,,0,,,,,,,,
8479289,,Ethan Prow,Prow,D,BUF,500000,0,,,,,0,,E,,,,,0,,,0,33,0,0,,0,,,,,,0,,,,,,,,,0,,,,,,,,
8478500,,Ivan Provorov,Provorov,D,CBJ,2680000,1,26,19.182927,122,,0,,I,0,7,0,0,0,28,23:21,0,38,0,0,,0,32,82,,0,0,0,,11,31,1573.00,1,00:00,33,0,-440000,1,100,0,,,,,
8482629,,Vladislav Provolnev,Provolnev,D,ARI,500000,0,,,,,0,,V,,,,,0,,,0,52,0,0,,0,,,,,,0,,,,,,,,,,,,,,,,,
8474774,,Dalton Prout,Prout,D,SJS,500000,0,,,,,0,,D,,,,,0,,,0,54,0,0,,0,,,,,,0,,,,,,,,,0,,,,,,,,
8485008,,Owen Protz,Protz,D,MTL,500000,1,,,,,0,,O,,,,,0,,,0,45,0,0,,0,,,,,,0,,,,,,,,,,,,,,,,,
8481656,,Aliaksei Protas,Protas,C,WSH,5160000,1,37,33.829268,38,,0,,A,0,31,6,0,0,24,16:32,0,59,0,0,,0,20,82,,1,0,0,,38,18,2774.00,0,00:00,68,0,4660000,3,143,0,,,,,
8484999,,Ilya Protas,Protas,W,WSH,500000,1,,,,,0,,I,,,,,0,,,0,59,0,0,,0,,,,,,0,,,,,,,,,,,,,,,,,
8481031,,Ivan Prosvetov,Prosvetov,G,CAL,500000,1,,,,,0,,I,,,,,0,,,0,34,0,0,,0,,,,,,0,,,,,,,,,0,,,,,,,,
8475613,,Nate Prosser,Prosser,D,PHI,500000,0,,,,,0,,N,,,,,0,,,0,51,0,0,,0,,,,,,0,,,,,,,,,0,,,,,,,,
8481149,,Christian Propp,Propp,G,PIT,500000,0,,,,,0,,C,,,,,0,,,0,53,0,0,,0,,,,,,0,,,,,,,,,0,,,,,,,,
8459424,,Chris Pronger,Pronger,D,ARI,500000,0,,,,,0,,C,,,,,0,,,0,52,0,0,,0,,,,,,0,,,,,,,,,0,,,,,,,,
8485459,,John Prokop,Prokop,D,TOR,500000,1,,,,,0,,J,,,,,0,,,0,57,0,0,,0,,,,,,0,,,,,,,,,,,,,,,,,
8482091,,Luke Prokop,Prokop,D,NSH,500000,0,,,,,0,,L,,,,,0,,,0,48,0,0,,0,,,,,,0,,,,,,,,,0,,,,,,,,
8483051,,Josh Prokop,Prokop,W,EDM,500000,0,,,,,0,,J,,,,,0,,,0,41,0,0,,0,,,,,,0,,,,,,,,,0,,,,,,,,
8485448,,Daniil Prokhorov,Prokhorov,W,NYI,500000,1,,,,,0,,D,,,,,0,,,0,46,0,0,,0,,,,,,0,,,,,,,,,,,,,,,,,
8485673,,Yevgeni Prokhorov,Prokhorov,G,BUF,500000,1,,,,,0,,Y,,,,,0,,,0,33,0,0,,0,,,,,,0,,,,,,,,,,,,,,,,,
8476947,,Nikolay Prokhorkin,Prokhorkin,W,LAK,500000,0,,,,,0,,N,,,,,0,,,0,43,0,0,,0,,,,,,0,,,,,,,,,0,,,,,,,,
8483009,,Luka Profaca,Profaca,D,ANA,500000,0,,,,,0,,L,,,,,0,,,0,31,0,0,,0,,,,,,0,,,,,,,,,0,,,,,,,,
8484867,,Ethan Procyszyn,Procyszyn,C,ANA,500000,1,,,,,0,,E,,,,,0,,,0,31,0,0,,0,,,,,,0,,,,,,,,,,,,,,,,,
8478985,,Andrew Prochno,Prochno,D,DET,500000,0,,,,,0,,A,,,,,0,,,0,40,0,0,,0,,,,,,0,,,,,,,,,0,,,,,,,,
8481511,,Jacob Pritchard,Pritchard,W,CAR,500000,0,,,,,0,,J,,,,,0,,,0,35,0,0,,0,,,,,,0,,,,,,,,,0,,,,,,,,
8479597,,Chase Priskie,Priskie,D,WSH,500000,0,,,,,0,,C,,,,,0,,,0,59,0,0,,0,,,,,,0,,,,,,,,,0,,,,,,,,
8485105,,Nikita Prishchepov,Prishchepov,C,COL,500000,1,0,3.200000,2,,0,,N,0,0,0,0,0,10,06:22,0,37,0,0,,0,4,10,,0,0,0,,0,0,32.00,0,00:00,0,0,,0,4,0,,,,,
8476386,,Shane Prince,Prince,W,NYI,500000,0,,,,,0,,S,,,,,0,,,0,46,0,0,,0,,,,,,0,,,,,,,,,0,,,,,,,,
8480051,,Cayden Primeau,Primeau,G,CAR,500000,1,0,-6.545455,0,,0,,C,41,0,0,2,0,0,47:37,0,35,0,0,,0,6,11,,0,1,0,,0,0,-72.00,0,00:00,0,209,-40000,0,0,0,,83.6,,,
8481664,,Mason Primeau,Primeau,C,VGK,500000,0,,,,,0,,M,,,,,0,,,0,62,0,0,,0,,,,,,0,,,,,,,,,0,,,,,,,,
8484868,,Jack Pridham,Pridham,W,CHI,500000,1,,,,,0,,J,,,,,0,,,0,36,0,0,,0,,,,,,0,,,,,,,,,,,,,,,,,
8471679,,Carey Price,Price,G,MTL,500000,1,,,,,0,,C,,,,,0,,,0,45,0,0,,0,,,,,,0,,,,,,,,,-5950000,,,,,,,,
8484217,,Caden Price,Price,D,SEA,500000,1,,,,,0,,C,,,,,0,,,0,63,0,0,,0,,,,,,0,,,,,,,,,,,,,,,,,
8477307,,Robin Press,Press,D,CHI,500000,0,,,,,0,,R,,,,,0,,,0,36,0,0,,0,,,,,,0,,,,,,,,,0,,,,,,,,
8481156,,Derek Pratt,Pratt,D,NYR,500000,0,,,,,0,,D,,,,,0,,,0,47,0,0,,0,,,,,,0,,,,,,,,,0,,,,,,,,
8478035,,Michael Prapavessis,Prapavessis,D,CBJ,500000,0,,,,,0,,M,,,,,0,,,0,38,0,0,,0,,,,,,0,,,,,,,,,0,,,,,,,,
8478522,,Matthew Prapavessis,Prapavessis,D,BUF,500000,0,,,,,0,,M,,,,,0,,,0,33,0,0,,0,,,,,,0,,,,,,,,,0,,,,,,,,
8485568,,Michal Pradel,Pradel,G,DET,500000,1,,,,,0,,M,,,,,0,,,0,40,0,0,,0,,,,,,0,,,,,,,,,,,,,,,,,
8482671,,Owen Power,Power,D,BUF,2610000,1,33,18.696203,102,,0,,O,0,7,0,0,0,26,21:19,0,33,1,0,20251001,0,34,79,,0,0,0,,-13,16,1477.00,1,00:00,40,0,-140000,0,139,0,,,,2025-10-01,2025-10-01
8485045,,Noah Powell,Powell,W,PHI,500000,1,,,,,0,,N,,,,,0,,,0,51,0,0,,0,,,,,,0,,,,,,,,,,,,,,,,,
8482096,,Eamon Powell,Powell,D,TBL,500000,0,,,,,0,,E,,,,,0,,,0,56,0,0,,0,,,,,,0,,,,,,,,,0,,,,,,,,
8482835,,Jakub Pour,Pour,W,CHI,500000,0,,,,,0,,J,,,,,0,,,0,36,0,0,,0,,,,,,0,,,,,,,,,0,,,,,,,,
8483659,,Isaac Poulter,Poulter,G,WPG,500000,1,,,,,0,,I,,,,,0,,,0,60,0,0,,0,,,,,,0,,,,,,,,,,,,,,,,,
8476884,,Derrick Pouliot,Pouliot,D,TBL,500000,1,,,,,0,,D,,,,,0,,,0,56,0,0,,0,,,,,,0,,,,,,,,,0,,,,,,,,
8471678,,Benoit Pouliot,Pouliot,W,BUF,500000,0,,,,,0,,B,,,,,0,,,0,33,0,0,,0,,,,,,0,,,,,,,,,0,,,,,,,,
8481591,,Sam Poulin,Poulin,W,PIT,930000,1,1,9.571429,0,,0,,S,0,0,0,0,0,10,10:04,0,53,0,0,,0,3,7,,0,0,0,,1,2,67.00,0,00:00,1,0,430000,0,3,0,,,,,
8474690,,Kevin Poulin,Poulin,G,TBL,500000,0,,,,,0,,K,,,,,0,,,0,56,0,0,,0,,,,,,0,,,,,,,,,0,,,,,,,,
8479249,,Andrew Poturalski,Poturalski,C,SJS,760000,0,1,13.000000,4,,0,,A,0,0,0,0,0,0,14:27,0,54,0,0,,0,2,3,,0,0,0,,-1,2,39.00,0,00:00,1,0,260000,0,5,0,,,,,
8481187,,Kyle Potts,Potts,C,NYR,500000,0,,,,,0,,K,,,,,0,,,0,47,0,0,,0,,,,,,0,,,,,,,,,0,,,,,,,,
8485376,,Cullen Potter,Potter,C,CAL,580000,1,,,,,0,,C,,,,,0,,,0,34,0,0,,0,,,,,,0,,,,,,,,,,,,,,,,,
8470714,,Corey Potter,Potter,D,NSH,500000,0,,,,,0,,C,,,,,0,,,0,48,0,0,,0,,,,,,0,,,,,,,,,0,,,,,,,,
8478847,,Joren Van Pottelberghe,Pottelberghe,G,DET,500000,0,,,,,0,,J,,,,,0,,,0,40,0,0,,0,,,,,,0,,,,,,,,,0,,,,,,,,
8474074,,Paul Postma,Postma,D,BOS,500000,0,,,,,0,,P,,,,,0,,,0,32,0,0,,0,,,,,,0,,,,,,,,,0,,,,,,,,
8485545,,Michal Postava,Postava,G,DET,500000,1,,,,,0,,M,,,,,0,,,0,40,0,0,,0,,,,,,0,,,,,,,,,,,,,,,,,
8477362,,Gustav Possler,Possler,W,BUF,500000,0,,,,,0,,G,,,,,0,,,0,33,0,0,,0,,,,,,0,,,,,,,,,0,,,,,,,,
8481028,,Martin Pospisil,Pospisil,C,CAL,3110000,1,21,22.209877,25,,0,,M,0,4,0,0,0,301,13:48,0,34,1,0,20251003,0,27,81,,0,0,0,,3,84,1799.00,1,00:00,25,0,2610000,0,115,0,,,,2025-10-02,2025-10-02
8480397,,Kristian Pospisil,Pospisil,C,FA,500000,0,,,,,0,,K,,,,,0,,,0,0,0,0,,0,,,,,,0,,,,,,,,,0,,,,,,,,
8485473,,Isak Posch,Posch,G,COL,500000,1,,,,,0,,I,,,,,0,,,0,37,0,0,,0,,,,,,0,,,,,,,,,,,,,,,,,
8481707,,Erik Portillo,Portillo,G,LAK,3070000,1,0,91.000000,0,,0,,E,1,0,0,1,0,0,58:37,0,43,0,0,,0,0,1,,0,0,0,,0,0,91.00,0,00:00,0,28,2570000,0,0,0,,96.6,,,
8470871,,Chris Porter,Porter,W,MIN,500000,0,,,,,0,,C,,,,,0,,,0,44,0,0,,0,,,,,,0,,,,,,,,,0,,,,,,,,
8471331,,Kevin Porter,Porter,C,BUF,500000,0,,,,,0,,K,,,,,0,,,0,33,0,0,,0,,,,,,0,,,,,,,,,0,,,,,,,,
8484443,,Vojtech Port,Port,D,ANA,500000,0,,,,,0,,V,,,,,0,,,0,31,0,0,,0,,,,,,0,,,,,,,,,,,,,,,,,
8481665,,Nicholas Porco,Porco,W,NSH,500000,0,,,,,0,,N,,,,,0,,,0,48,0,0,,0,,,,,,0,,,,,,,,,0,,,,,,,,
8480006,,Nikita Popugaev,Popugaev,W,NJD,500000,1,,,,,0,,N,,,,,0,,,0,49,0,0,,0,,,,,,0,,,,,,,,,0,,,,,,,,
8473559,,Andrei Popov,Popov,W,PHI,500000,0,,,,,0,,A,,,,,0,,,0,51,0,0,,0,,,,,,0,,,,,,,,,0,,,,,,,,
8477434,,David Pope,Pope,W,DET,500000,0,,,,,0,,D,,,,,0,,,0,40,0,0,,0,,,,,,0,,,,,,,,,0,,,,,,,,
8477359,,Tucker Poolman,Poolman,D,VAN,500000,1,,,,,0,,T,,,,,0,,,0,58,0,0,,0,,,,,,0,,,,,,,,,-960000,,,,,,,,
8482066,,Colton Poolman,Poolman,D,BUF,500000,0,,,,,0,,C,,,,,0,,,0,33,0,0,,0,,,,,,0,,,,,,,,,0,,,,,,,,
8482102,,Vasily Ponomarev,Ponomarev,C,PIT,500000,1,0,3.714286,2,,0,,V,0,0,0,0,0,5,10:02,0,53,0,0,,0,3,7,,0,0,0,,-1,2,26.00,0,00:00,0,0,0,0,8,0,,,,,
8469506,,Jason Pominville,Pominville,W,BUF,500000,0,,,,,0,,J,,,,,0,,,0,33,0,0,,0,,,,,,0,,,,,,,,,0,,,,,,,,
8469498,,Alexander Polushin,Polushin,C,TBL,500000,0,,,,,0,,A,,,,,0,,,0,56,0,0,,0,,,,,,0,,,,,,,,,0,,,,,,,,
8482769,,Prokhor Poltapov,Poltapov,W,BUF,500000,1,,,,,0,,P,,,,,0,,,0,33,0,0,,0,,,,,,0,,,,,,,,,0,,,,,,,,
8477976,,Brett Pollock,Pollock,W,CAL,500000,0,,,,,0,,B,,,,,0,,,0,34,0,0,,0,,,,,,0,,,,,,,,,0,,,,,,,,
8484255,,Jason Polin,Polin,W,COL,520000,1,0,5.000000,1,,0,,J,0,0,0,0,0,1,05:11,0,37,0,0,,0,1,2,,0,0,0,,0,0,10.00,0,00:00,0,0,,0,3,0,,,,,
8485378,,Tomas Poletin,Poletin,W,NYI,500000,1,,,,,0,,T,,,,,0,,,0,46,0,0,,0,,,,,,0,,,,,,,,,,,,,,,,,
8478193,,Evan Polei,Polei,W,STL,500000,0,,,,,0,,E,,,,,0,,,0,55,0,0,,0,,,,,,0,,,,,,,,,0,,,,,,,,
8471392,,Roman Polak,Polak,D,DAL,500000,0,,,,,0,,R,,,,,0,,,0,39,0,0,,0,,,,,,0,,,,,,,,,0,,,,,,,,
8476864,,Ville Pokka,Pokka,D,OTT,500000,0,,,,,0,,V,,,,,0,,,0,50,0,0,,0,,,,,,0,,,,,,,,,0,,,,,,,,
8483505,,Matthew Poitras,Poitras,C,BOS,1430000,1,10,11.242424,10,,0,,M,0,1,1,0,0,12,13:05,0,32,0,0,,0,15,33,,0,0,0,,-5,8,371.00,0,00:00,11,0,,0,29,0,,,,,
8482173,,Jeremie Poirier,Poirier,D,CAL,500000,1,,,,,0,,J,,,,,0,,,0,34,0,0,,0,,,,,,0,,,,,,,,,0,,,,,,,,
8482465,,RÃ©mi Poirier,Poirier,G,DAL,500000,1,,,,,0,,R,,,,,0,,,0,39,0,0,,0,,,,,,0,,,,,,,,,0,,,,,,,,
8485048,,Justin Poirier,Poirier,W,CAR,500000,1,,,,,0,,J,,,,,0,,,0,35,0,0,,0,,,,,,0,,,,,,,,,,,,,,,,,
8477486,,Emile Poirier,Poirier,W,CAL,500000,0,,,,,0,,E,,,,,0,,,0,34,0,0,,0,,,,,,0,,,,,,,,,0,,,,,,,,
8478010,,Brayden Point,Point,C,TBL,6090000,1,40,39.109756,44,,0,,B,0,44,7,0,0,28,19:37,0,56,0,0,,0,29,82,,2,0,0,,16,11,3207.00,16,00:00,84,0,570000,0,200,0,,,,,
8479589,,Colton Point,Point,G,DAL,500000,0,,,,,0,,C,,,,,0,,,0,39,0,0,,0,,,,,,0,,,,,,,,,0,,,,,,,,
8484421,,Eric Pohlkamp,Pohlkamp,D,SJS,500000,1,,,,,0,,E,,,,,0,,,0,54,0,0,,0,,,,,,0,,,,,,,,,,,,,,,,,
8478040,,Austin Poganski,Poganski,W,SEA,500000,0,,,,,0,,A,,,,,0,,,0,63,0,0,,0,,,,,,0,,,,,,,,,0,,,,,,,,
8480068,,Ryan Poehling,Poehling,C,ANA,2330000,1,19,17.191176,76,,0,,R,0,12,1,0,0,26,13:53,0,31,0,0,,0,31,68,,0,0,0,,-4,16,1169.00,2,00:00,31,0,1830000,0,71,0,,,,,
8481617,,Vasily Podkolzin,Podkolzin,W,EDM,3650000,1,23,20.846154,57,,0,,V,0,11,2,0,0,308,12:45,0,41,0,0,,0,34,104,,0,0,0,,8,68,2168.00,0,00:00,34,0,3150000,0,132,0,,,,,
8481101,,German Poddubnyi,Poddubnyi,W,TOR,500000,0,,,,,0,,G,,,,,0,,,0,57,0,0,,0,,,,,,0,,,,,,,,,0,,,,,,,,
8477437,,Zach Pochiro,Pochiro,W,EDM,500000,0,,,,,0,,Z,,,,,0,,,0,41,0,0,,0,,,,,,0,,,,,,,,,0,,,,,,,,
8478928,,Sergei Plotnikov,Plotnikov,W,ARI,500000,0,,,,,0,,S,,,,,0,,,0,52,0,0,,0,,,,,,0,,,,,,,,,0,,,,,,,,
8485050,,Alexander Plesovskikh,Plesovskikh,W,TOR,500000,1,,,,,0,,A,,,,,0,,,0,57,0,0,,0,,,,,,0,,,,,,,,,,,,,,,,,
8480107,,Adam Pleskach,Pleskach,W,FA,500000,0,,,,,0,,A,,,,,0,,,0,0,0,0,,0,,,,,,0,,,,,,,,,0,,,,,,,,
8469521,,Tomas Plekanec,Plekanec,C,MTL,500000,0,,,,,0,,T,,,,,0,,,0,45,0,0,,0,,,,,,0,,,,,,,,,0,,,,,,,,
8479004,,Austyn Playfair,Playfair,C,ARI,500000,0,,,,,0,,A,,,,,0,,,0,52,0,0,,0,,,,,,0,,,,,,,,,0,,,,,,,,
8477421,,Kyle Platzer,Platzer,W,EDM,500000,0,,,,,0,,K,,,,,0,,,0,41,0,0,,0,,,,,,0,,,,,,,,,0,,,,,,,,
8481728,,Karel Plasek,Plasek,W,VAN,500000,0,,,,,0,,K,,,,,0,,,0,58,0,0,,0,,,,,,0,,,,,,,,,0,,,,,,,,
8483504,,Zam Plante,Plante,C,PIT,500000,1,,,,,0,,Z,,,,,0,,,0,53,0,0,,0,,,,,,0,,,,,,,,,,,,,,,,,
8484870,,Max Plante,Plante,W,DET,500000,1,,,,,0,,M,,,,,0,,,0,40,0,0,,0,,,,,,0,,,,,,,,,,,,,,,,,
8482675,,Oscar Plandowski,Plandowski,D,DET,500000,0,,,,,0,,O,,,,,0,,,0,40,0,0,,0,,,,,,0,,,,,,,,,0,,,,,,,,
8478565,,Matthias Plachta,Plachta,W,ARI,500000,0,,,,,0,,M,,,,,0,,,0,52,0,0,,0,,,,,,0,,,,,,,,,0,,,,,,,,
8476328,,Petr Placek,Placek,W,PHI,500000,0,,,,,0,,P,,,,,0,,,0,51,0,0,,0,,,,,,0,,,,,,,,,0,,,,,,,,
8480795,,Jacob Pivonka,Pivonka,C,NYI,500000,0,,,,,0,,J,,,,,0,,,0,46,0,0,,0,,,,,,0,,,,,,,,,0,,,,,,,,
8479489,,Joshua Pitt,Pitt,C,WSH,500000,0,,,,,0,,J,,,,,0,,,0,59,0,0,,0,,,,,,0,,,,,,,,,0,,,,,,,,
8484216,,Coulson Pitre,Pitre,W,ANA,500000,1,,,,,0,,C,,,,,0,,,0,31,1,0,20250929,0,,,,,,0,,,,,,,,,,,,,,,,2025-09-27,2025-09-27
8485055,,Kaden Pitre,Pitre,C,TBL,500000,1,,,,,0,,K,,,,,0,,,0,56,0,0,,0,,,,,,0,,,,,,,,,,,,,,,,,
8485064,,Tory Pitner,Pitner,D,COL,500000,1,,,,,0,,T,,,,,0,,,0,37,0,0,,0,,,,,,0,,,,,,,,,,,,,,,,,
8475752,,Tyler Pitlick,Pitlick,C,NYR,500000,0,,,,,0,,T,,,,,0,,,0,47,0,0,,0,,,,,,0,,,,,,,,,-1730000,,,,,,,,
8479514,,Rem Pitlick,Pitlick,C,CHI,500000,0,,,,,0,,R,,,,,0,,,0,36,0,0,,0,,,,,,0,,,,,,,,,-730000,,,,,,,,
8481746,,Rhett Pitlick,Pitlick,W,MTL,500000,0,,,,,0,,R,,,,,0,,,0,45,0,0,,0,,,,,,0,,,,,,,,,0,,,,,,,,
8473921,,Joe Piskula,Piskula,D,ANA,500000,0,,,,,0,,J,,,,,0,,,0,31,0,0,,0,,,,,,0,,,,,,,,,0,,,,,,,,
8475204,,Brandon Pirri,Pirri,C,CHI,500000,0,,,,,0,,B,,,,,0,,,0,36,0,0,,0,,,,,,0,,,,,,,,,0,,,,,,,,
8480145,,Neal Pionk,Pionk,D,WPG,5070000,1,35,30.585366,108,,0,,N,0,11,2,0,0,158,22:26,0,60,0,0,,0,23,82,,1,0,0,,22,58,2508.00,5,00:00,46,0,820000,0,146,0,,,,,
8484215,,Aaron Pionk,Pionk,D,MIN,500000,1,,,,,0,,A,,,,,0,,,0,44,0,0,,0,,,,,,0,,,,,,,,,,,,,,,,,
8481596,,Shane Pinto,Pinto,C,OTT,3870000,1,17,24.907895,58,,0,,S,0,22,5,0,0,85,17:44,0,50,0,0,,0,22,76,,0,0,0,,9,28,1893.00,1,00:00,39,0,1470000,4,134,0,,,,,
8473911,,Steven Pinizzotto,Pinizzotto,W,EDM,500000,0,,,,,0,,S,,,,,0,,,0,41,0,0,,0,,,,,,0,,,,,,,,,0,,,,,,,,
8477314,,Brian Pinho,Pinho,C,NYI,500000,0,,,,,0,,B,,,,,0,,,0,46,0,0,,0,,,,,,0,,,,,,,,,0,,,,,,,,
8482748,,Francesco Pinelli,Pinelli,C,LAK,500000,1,,,,,0,,F,,,,,0,,,0,43,0,0,,0,,,,,,0,,,,,,,,,0,,,,,,,,
8484214,,Luca Pinelli,Pinelli,C,CBJ,500000,1,,,,,0,,L,,,,,0,,,0,38,0,0,,0,,,,,,0,,,,,,,,,,,,,,,,,
8483018,,Simon Pinard,Pinard,W,FLA,500000,0,,,,,0,,S,,,,,0,,,0,42,0,0,,0,,,,,,0,,,,,,,,,0,,,,,,,,
8480935,,Lawrence Pilut,Pilut,D,BUF,500000,0,,,,,0,,L,,,,,0,,,0,33,0,0,,0,,,,,,0,,,,,,,,,0,,,,,,,,
8482963,,Charles-Antoine Pilote,Pilote,D,MTL,500000,0,,,,,0,,C,,,,,0,,,0,45,0,0,,0,,,,,,0,,,,,,,,,0,,,,,,,,
8479516,,Garrett Pilon,Pilon,C,OTT,500000,1,,,,,0,,G,,,,,0,,,0,50,0,0,,0,,,,,,0,,,,,,,,,0,,,,,,,,
8478395,,Ryan Pilon,Pilon,D,NYI,500000,0,,,,,0,,R,,,,,0,,,0,46,0,0,,0,,,,,,0,,,,,,,,,0,,,,,,,,
8481181,,Drake Pilon,Pilon,W,MIN,500000,0,,,,,0,,D,,,,,0,,,0,44,0,0,,0,,,,,,0,,,,,,,,,0,,,,,,,,
8481182,,Darian Pilon,Pilon,W,MIN,500000,0,,,,,0,,D,,,,,0,,,0,44,0,0,,0,,,,,,0,,,,,,,,,0,,,,,,,,
8484545,,Nathan Pilling,Pilling,C,SJS,500000,0,,,,,0,,N,,,,,0,,,0,54,0,0,,0,,,,,,0,,,,,,,,,,,,,,,,,
8484872,,Kasper Pikkarainen,Pikkarainen,W,NJD,500000,1,,,,,0,,K,,,,,0,,,0,49,0,0,,0,,,,,,0,,,,,,,,,,,,,,,,,
8474565,,Alex Pietrangelo,Pietrangelo,D,VGK,3790000,1,33,23.111111,146,,0,,A,0,6,1,0,0,50,22:29,0,62,0,0,,0,24,81,,0,0,0,,12,16,1872.00,0,00:00,39,0,-1300000,0,136,0,,,,,
8485019,,Chase Pietila,Pietila,D,PIT,500000,1,,,,,0,,C,,,,,0,,,0,53,0,0,,0,,,,,,0,,,,,,,,,,,,,,,,,
8476370,,Blake Pietila,Pietila,W,ANA,500000,0,,,,,0,,B,,,,,0,,,0,31,0,0,,0,,,,,,0,,,,,,,,,0,,,,,,,,
8484926,,Logan Pietila,Pietila,W,PIT,500000,0,,,,,0,,L,,,,,0,,,0,53,0,0,,0,,,,,,0,,,,,,,,,,,,,,,,,
8483782,,Riley Piercey,Piercey,W,DET,500000,0,,,,,0,,R,,,,,0,,,0,40,0,0,,0,,,,,,0,,,,,,,,,,,,,,,,,
8484213,,Emil Pieniniemi,Pieniniemi,D,PIT,500000,1,,,,,0,,E,,,,,0,,,0,53,0,0,,0,,,,,,0,,,,,,,,,,,,,,,,,
8485218,,Bryce Pickford,Pickford,D,MTL,500000,1,,,,,0,,B,,,,,0,,,0,45,0,0,,0,,,,,,0,,,,,,,,,,,,,,,,,
8483503,,Owen Pickering,Pickering,D,PIT,670000,1,2,5.400000,18,,0,,O,0,1,0,0,0,13,14:49,0,53,0,0,,0,10,25,,0,0,0,,-5,6,135.00,0,00:00,3,0,,0,15,0,,,,,
8475717,,Calvin Pickard,Pickard,G,EDM,6040000,1,1,38.304348,0,,0,,C,110,0,0,29,0,0,52:21,0,41,0,0,,0,13,46,,0,1,0,,0,0,1762.00,0,00:00,1,956,4470000,0,0,0,,89.7,,,
8478033,,John Piccinich,Piccinich,W,TOR,500000,0,,,,,0,,J,,,,,0,,,0,57,0,0,,0,,,,,,0,,,,,,,,,0,,,,,,,,
8480368,,Colton Phinney,Phinney,G,FA,500000,0,,,,,0,,C,,,,,0,,,0,0,0,0,,0,,,,,,0,,,,,,,,,0,,,,,,,,
8481491,,Noah Philp,Philp,C,EDM,1020000,1,2,9.466667,6,,0,,N,0,0,0,0,0,15,09:05,0,41,0,0,,0,3,15,,0,0,0,,1,2,142.00,0,00:00,2,0,,0,17,0,,,,,
8482192,,Isaak Phillips,Phillips,D,WPG,820000,1,0,15.000000,4,,0,,I,0,1,0,0,0,3,11:54,0,60,0,0,,0,1,3,,0,0,0,,0,0,45.00,0,00:00,1,0,320000,0,3,0,,,,,
8485379,,Maceo Phillips,Phillips,D,CAL,500000,1,,,,,0,,M,,,,,0,,,0,34,0,0,,0,,,,,,0,,,,,,,,,,,,,,,,,
8464956,,Chris Phillips,Phillips,D,OTT,500000,0,,,,,0,,C,,,,,0,,,0,50,0,0,,0,,,,,,0,,,,,,,,,0,,,,,,,,
8476481,,Zack Phillips,Phillips,C,BOS,500000,0,,,,,0,,Z,,,,,0,,,0,32,0,0,,0,,,,,,0,,,,,,,,,0,,,,,,,,
8477050,,Jamie Phillips,Phillips,G,WPG,500000,0,,,,,0,,J,,,,,0,,,0,60,0,0,,0,,,,,,0,,,,,,,,,0,,,,,,,,
8479547,,Matthew Phillips,Phillips,W,COL,500000,0,,,,,0,,M,,,,,0,,,0,37,0,0,,0,,,,,,0,,,,,,,,,0,,,,,,,,
8480052,,Clayton Phillips,Phillips,D,PIT,500000,0,,,,,0,,C,,,,,0,,,0,53,0,0,,0,,,,,,0,,,,,,,,,0,,,,,,,,
8480206,,Markus Phillips,Phillips,D,WPG,500000,0,,,,,0,,M,,,,,0,,,0,60,0,0,,0,,,,,,0,,,,,,,,,0,,,,,,,,
8481621,,Ethan Phillips,Phillips,C,DET,500000,0,,,,,0,,E,,,,,0,,,0,40,0,0,,0,,,,,,0,,,,,,,,,0,,,,,,,,
8478224,,Luke Philip,Philip,C,WSH,500000,1,,,,,0,,L,,,,,0,,,0,59,0,0,,0,,,,,,0,,,,,,,,,0,,,,,,,,
8484426,,Jack Phelan,Phelan,D,DET,500000,1,,,,,0,,J,,,,,0,,,0,40,0,0,,0,,,,,,0,,,,,,,,,,,,,,,,,
8484212,,Alex Pharand,Pharand,C,TOR,500000,1,,,,,0,,A,,,,,0,,,0,57,0,0,,0,,,,,,0,,,,,,,,,,,,,,,,,
8470602,,Dion Phaneuf,Phaneuf,D,LAK,500000,0,,,,,0,,D,,,,,0,,,0,43,0,0,,0,,,,,,0,,,,,,,,,0,,,,,,,,
8484909,,Mathieu De St. Phalle,Phalle,W,PIT,500000,0,,,,,0,,M,,,,,0,,,0,53,0,0,,0,,,,,,0,,,,,,,,,,,,,,,,,
8479543,,Michael Pezzetta,Pezzetta,W,TOR,1200000,1,0,9.600000,7,,0,,M,0,0,0,0,0,73,05:56,0,57,0,0,,0,8,25,,0,0,0,,-2,24,240.00,0,00:00,0,0,700000,0,14,0,,,,,
8478085,,Kyle Pettit,Pettit,C,VAN,500000,0,,,,,0,,K,,,,,0,,,0,58,0,0,,0,,,,,,0,,,,,,,,,0,,,,,,,,
8477969,,Marcus Pettersson,Pettersson,D,VAN,2660000,1,25,19.153846,129,,0,,M,0,4,1,0,0,79,21:41,0,58,0,0,,0,32,78,,0,0,0,,6,45,1494.00,0,00:00,29,0,800000,0,69,0,,,,,
8480012,,Elias Pettersson,Pettersson,C,VAN,3570000,1,30,26.343750,75,,0,,E,0,15,1,0,0,73,18:40,0,58,0,0,,0,24,64,,0,0,0,,-10,14,1686.00,7,00:00,45,0,-30000,0,109,0,,,,,
8483673,,Oskar Pettersson,Pettersson,W,OTT,500000,1,,,,,0,,O,,,,,0,,,0,50,0,0,,0,,,,,,0,,,,,,,,,,,,,,,,,
8483678,,Elias Pettersson,Pettersson,D,VAN,1050000,1,2,8.357143,16,,0,,E,0,1,0,0,0,39,12:49,0,58,0,0,,0,9,28,,0,0,0,,-4,17,234.00,0,00:00,3,0,,0,19,0,,,,,
8484767,,Lucas Pettersson,Pettersson,C,ANA,500000,1,,,,,0,,L,,,,,0,,,0,31,0,0,,0,,,,,,0,,,,,,,,,,,,,,,,,
8485565,,Liam Pettersson,Pettersson,D,BOS,500000,1,,,,,0,,L,,,,,0,,,0,32,0,0,,0,,,,,,0,,,,,,,,,,,,,,,,,
8477387,,Emil Pettersson,Pettersson,C,ARI,500000,0,,,,,0,,E,,,,,0,,,0,52,0,0,,0,,,,,,0,,,,,,,,,0,,,,,,,,
8478125,,Jesper Pettersson,Pettersson,D,PHI,500000,0,,,,,0,,J,,,,,0,,,0,51,0,0,,0,,,,,,0,,,,,,,,,0,,,,,,,,
8481041,,Mathias Emilio Pettersen,Pettersen,C,DAL,500000,0,,,,,0,,M,,,,,0,,,0,39,0,0,,0,,,,,,0,,,,,,,,,0,,,,,,,,
8473507,,Jeff Petry,Petry,D,DET,1670000,1,7,12.863636,75,,0,,J,0,1,1,0,0,51,18:54,0,40,0,0,,0,17,44,,0,0,0,,-2,16,566.00,0,00:00,8,0,-3190000,0,33,0,,,,,
8479975,,Keith Petruzzelli,Petruzzelli,G,DET,500000,0,,,,,0,,K,,,,,0,,,0,40,0,0,,0,,,,,,0,,,,,,,,,0,,,,,,,,
8483502,,Servac Petrovsky,Petrovsky,C,MIN,500000,0,,,,,0,,S,,,,,0,,,0,44,0,0,,0,,,,,,0,,,,,,,,,,,,,,,,,
8475755,,Alexander Petrovic,Petrovic,D,DAL,900000,1,1,10.000000,21,,0,,A,0,1,1,0,0,41,13:04,0,39,0,0,,0,12,22,,0,0,0,,-3,8,220.00,0,00:00,2,0,400000,0,16,0,,,,,
8482718,,Matvey Petrov,Petrov,W,EDM,500000,1,,,,,0,,M,,,,,0,,,0,41,0,0,,0,,,,,,0,,,,,,,,,0,,,,,,,,
8474639,,Kirill Petrov,Petrov,W,NYI,500000,0,,,,,0,,K,,,,,0,,,0,46,0,0,,0,,,,,,0,,,,,,,,,0,,,,,,,,
8460638,,Evgeny Petrochinin,Petrochinin,D,CBJ,500000,0,,,,,0,,E,,,,,0,,,0,38,0,0,,0,,,,,,0,,,,,,,,,0,,,,,,,,
8485147,,Dominik Petr,Petr,C,TOR,500000,0,,,,,0,,D,,,,,0,,,0,57,0,0,,0,,,,,,0,,,,,,,,,,,,,,,,,
8483635,,Ville Petman,Petman,C,SEA,500000,0,,,,,0,,V,,,,,0,,,0,63,0,0,,0,,,,,,0,,,,,,,,,,,,,,,,,
8474670,,Andre Petersson,Petersson,W,ANA,500000,0,,,,,0,,A,,,,,0,,,0,31,0,0,,0,,,,,,0,,,,,,,,,0,,,,,,,,
8482121,,Dylan Peterson,Peterson,C,STL,500000,1,,,,,0,,D,,,,,0,,,0,55,0,0,,0,,,,,,0,,,,,,,,,0,,,,,,,,
8477040,,Judd Peterson,Peterson,C,BUF,500000,0,,,,,0,,J,,,,,0,,,0,33,0,0,,0,,,,,,0,,,,,,,,,0,,,,,,,,
8477308,,Avery Peterson,Peterson,C,MIN,500000,0,,,,,0,,A,,,,,0,,,0,44,0,0,,0,,,,,,0,,,,,,,,,0,,,,,,,,
8480216,,Jacob Peterson,Peterson,C,SJS,500000,0,,,,,0,,J,,,,,0,,,0,54,0,0,,0,,,,,,0,,,,,,,,,0,,,,,,,,
8477361,,Cal Petersen,Petersen,G,PHI,500000,1,,,,,0,,C,,,,,0,,,0,51,0,0,,0,,,,,,0,,,,,,,,,-3560000,,,,,,,,
8471251,,Justin Peters,Peters,G,ARI,500000,0,,,,,0,,J,,,,,0,,,0,52,0,0,,0,,,,,,0,,,,,,,,,0,,,,,,,,
8475973,,Taylor Peters,Peters,C,DAL,500000,0,,,,,0,,T,,,,,0,,,0,39,0,0,,0,,,,,,0,,,,,,,,,0,,,,,,,,
8478006,,Alexander Peters,Peters,D,DAL,500000,0,,,,,0,,A,,,,,0,,,0,39,0,0,,0,,,,,,0,,,,,,,,,0,,,,,,,,
8483038,,Ethan Peters,Peters,D,TOR,500000,0,,,,,0,,E,,,,,0,,,0,57,0,0,,0,,,,,,0,,,,,,,,,0,,,,,,,,
8483866,,Brayden Peters,Peters,G,ANA,500000,0,,,,,0,,B,,,,,0,,,0,31,0,0,,0,,,,,,0,,,,,,,,,,,,,,,,,
8482175,,JJ Peterka,Peterka,W,UTA,4200000,1,41,30.909091,16,,0,,J,0,27,3,0,0,30,18:11,0,64,0,0,,0,35,77,,0,0,0,,-1,34,2380.00,6,00:00,68,0,3700000,0,173,0,,,,,
8477464,,Nic Petan,Petan,C,MIN,500000,0,,,,,0,,N,,,,,0,,,0,44,0,0,,0,,,,,,0,,,,,,,,,-190000,,,,,,,,
8470673,,Dimitri Pestunov,Pestunov,C,ARI,500000,0,,,,,0,,D,,,,,0,,,0,52,0,0,,0,,,,,,0,,,,,,,,,0,,,,,,,,
8476849,,Harri Pesonen,Pesonen,C,NJD,500000,0,,,,,0,,H,,,,,0,,,0,49,0,0,,0,,,,,,0,,,,,,,,,0,,,,,,,,
8477488,,Brett Pesce,Pesce,D,NJD,2600000,1,17,14.818182,136,,0,,B,0,3,0,0,0,26,21:40,0,49,1,0,20251009,0,32,77,,0,0,0,,-1,31,1141.00,0,00:00,20,0,-750000,1,107,0,,,,2025-10-03,2025-10-03
8470842,,Andrei Pervyshin,Pervyshin,D,STL,500000,0,,,,,0,,A,,,,,0,,,0,55,0,0,,0,,,,,,0,,,,,,,,,0,,,,,,,,
8481059,,Scott Perunovich,Perunovich,D,UTA,1400000,1,7,10.257143,34,,0,,S,0,2,0,0,0,15,16:00,0,64,0,0,,0,19,35,,0,0,0,,-3,10,359.00,0,00:00,9,0,900000,0,18,0,,,,,
8483681,,Ludwig Persson,Persson,W,WSH,500000,1,,,,,0,,L,,,,,0,,,0,59,0,0,,0,,,,,,0,,,,,,,,,,,,,,,,,
8480931,,Carl Persson,Persson,C,NSH,500000,0,,,,,0,,C,,,,,0,,,0,48,0,0,,0,,,,,,0,,,,,,,,,0,,,,,,,,
8480940,,Joel Persson,Persson,D,ANA,500000,0,,,,,0,,J,,,,,0,,,0,31,0,0,,0,,,,,,0,,,,,,,,,0,,,,,,,,
8482502,,Viktor Persson,Persson,D,VAN,500000,0,,,,,0,,V,,,,,0,,,0,58,0,0,,0,,,,,,0,,,,,,,,,0,,,,,,,,
8470621,,Corey Perry,Perry,W,EDM,3660000,1,15,20.223301,27,,0,,C,0,29,5,0,0,70,12:39,0,41,0,0,,0,34,103,,0,0,0,,10,73,2083.00,9,00:00,44,0,680000,0,140,0,,,,,
8478065,,Chase Perry,Perry,G,DET,500000,0,,,,,0,,C,,,,,0,,,0,40,0,0,,0,,,,,,0,,,,,,,,,0,,,,,,,,
8474102,,David Perron,Perron,W,OTT,2850000,1,8,18.183673,10,,0,,D,0,11,2,0,0,84,13:57,0,50,0,0,,0,18,49,,0,0,0,,-6,16,891.00,4,00:00,19,0,-2140000,0,80,0,,,,,
8484211,,Jayden Perron,Perron,W,CAR,500000,1,,,,,0,,J,,,,,0,,,0,35,0,0,,0,,,,,,0,,,,,,,,,,,,,,,,,
8478117,,Francis Perron,Perron,W,VAN,500000,0,,,,,0,,F,,,,,0,,,0,58,0,0,,0,,,,,,0,,,,,,,,,0,,,,,,,,
8484210,,Gabe Perreault,Perreault,W,NYR,500000,1,0,0.800000,1,,0,,G,0,0,0,0,0,1,14:26,0,47,0,0,,0,2,5,,0,0,0,,-1,0,4.00,0,00:00,0,0,,0,5,0,,,,,
8473618,,Mathieu Perreault,Perreault,W,MTL,500000,0,,,,,0,,M,,,,,0,,,0,45,0,0,,0,,,,,,0,,,,,,,,,-2150000,,,,,,,,
8482150,,Jacob Perreault,Perreault,W,MTL,500000,0,,,,,0,,J,,,,,0,,,0,45,0,0,,0,,,,,,0,,,,,,,,,0,,,,,,,,
8477943,,Brendan Perlini,Perlini,W,DET,500000,0,,,,,0,,B,,,,,0,,,0,40,0,0,,0,,,,,,0,,,,,,,,,0,,,,,,,,
8484419,,Matthew Perkins,Perkins,C,VAN,500000,1,,,,,0,,M,,,,,0,,,0,58,0,0,,0,,,,,,0,,,,,,,,,,,,,,,,,
8482149,,Cole Perfetti,Perfetti,C,WPG,4170000,1,35,24.831579,48,,0,,C,0,21,2,0,0,103,15:20,0,60,0,0,,0,28,95,,0,0,0,,10,22,2359.00,7,00:00,56,0,3670000,0,168,0,,,,,
8483501,,Alexander Perevalov,Perevalov,W,CAR,500000,1,,,,,0,,A,,,,,0,,,0,35,0,0,,0,,,,,,0,,,,,,,,,,,,,,,,,
8484293,,Yaniv Perets,Perets,G,CAR,500000,0,0,-3.000000,0,,0,,Y,1,0,0,0,0,0,08:12,0,35,0,0,,0,1,1,,0,0,0,,0,0,-3.00,0,00:00,0,6,,0,0,0,,85.7,,,
8478203,,Lucas Peressini,Peressini,G,TOR,500000,0,,,,,0,,L,,,,,0,,,0,57,0,0,,0,,,,,,0,,,,,,,,,0,,,,,,,,
8476478,,Stuart Percy,Percy,D,PIT,500000,0,,,,,0,,S,,,,,0,,,0,53,0,0,,0,,,,,,0,,,,,,,,,0,,,,,,,,
8480246,,Nicklaus Perbix,Perbix,D,TBL,2110000,1,14,13.291139,69,,0,,N,0,6,1,0,0,51,14:35,0,56,0,0,,0,30,79,,0,0,0,,8,24,1050.00,0,00:00,20,0,1610000,0,69,0,,,,,
8480815,,Jack Perbix,Perbix,W,ANA,500000,0,,,,,0,,J,,,,,0,,,0,31,0,0,,0,,,,,,0,,,,,,,,,0,,,,,,,,
8478044,,Alexis Pepin,Pepin,W,COL,500000,0,,,,,0,,A,,,,,0,,,0,37,0,0,,0,,,,,,0,,,,,,,,,0,,,,,,,,
8478942,,Ryan Penny,Penny,W,OTT,500000,0,,,,,0,,R,,,,,0,,,0,50,0,0,,0,,,,,,0,,,,,,,,,0,,,,,,,,
8474061,,Anthony Peluso,Peluso,W,CAL,500000,0,,,,,0,,A,,,,,0,,,0,34,0,0,,0,,,,,,0,,,,,,,,,0,,,,,,,,
8475347,,Brad Peltz,Peltz,W,OTT,500000,0,,,,,0,,B,,,,,0,,,0,50,0,0,,0,,,,,,0,,,,,,,,,0,,,,,,,,
8484473,,Janne Peltonen,Peltonen,D,CHI,500000,1,,,,,0,,J,,,,,0,,,0,36,0,0,,0,,,,,,0,,,,,,,,,,,,,,,,,
8484401,,Christopher Pelosi,Pelosi,C,BOS,500000,1,,,,,0,,C,,,,,0,,,0,32,0,0,,0,,,,,,0,,,,,,,,,,,,,,,,,
8481592,,Jakob Pelletier,Pelletier,W,TBL,2300000,1,12,17.000000,19,,0,,J,0,7,1,0,0,47,11:33,0,56,0,0,,0,21,49,,0,0,0,,7,10,833.00,0,00:00,19,0,1800000,0,53,0,,,,,
8478037,,Julien Pelletier,Pelletier,W,CBJ,500000,0,,,,,0,,J,,,,,0,,,0,38,0,0,,0,,,,,,0,,,,,,,,,0,,,,,,,,
8480088,,William Pelletier,Pelletier,W,FA,500000,0,,,,,0,,W,,,,,0,,,0,0,0,0,,0,,,,,,0,,,,,,,,,0,,,,,,,,
8483887,,Maxime Pellerin,Pellerin,C,MTL,500000,0,,,,,0,,M,,,,,0,,,0,45,0,0,,0,,,,,,0,,,,,,,,,,,,,,,,,
8483713,,Alexander Pelevin,Pelevin,D,CAR,500000,1,,,,,0,,A,,,,,0,,,0,35,0,0,,0,,,,,,0,,,,,,,,,,,,,,,,,
8476917,,Adam Pelech,Pelech,D,NYI,2630000,1,21,19.616667,77,,0,,A,0,0,0,0,0,72,21:07,0,46,0,0,,0,26,60,,0,0,0,,4,32,1177.00,0,00:00,21,0,-230000,0,109,0,,,,,
8482940,,Vyacheslav Peksa,Peksa,G,TOR,500000,1,,,,,0,,V,,,,,0,,,0,57,0,0,,0,,,,,,0,,,,,,,,,0,,,,,,,,
8484393,,Juraj Pekarcik,Pekarcik,W,STL,500000,1,,,,,0,,J,,,,,0,,,0,55,0,0,,0,,,,,,0,,,,,,,,,,,,,,,,,
8480881,,Matej Pekar,Pekar,C,BUF,500000,0,,,,,0,,M,,,,,0,,,0,33,0,0,,0,,,,,,0,,,,,,,,,0,,,,,,,,
8479582,,Wouter Peeters,Peeters,G,CHI,500000,0,,,,,0,,W,,,,,0,,,0,36,0,0,,0,,,,,,0,,,,,,,,,0,,,,,,,,
8483111,,Senna Peeters,Peeters,W,ARI,500000,0,,,,,0,,S,,,,,0,,,0,52,0,0,,0,,,,,,0,,,,,,,,,0,,,,,,,,
8479369,,Andrew Peeke,Peeke,D,BOS,1800000,1,16,13.000000,114,,0,,A,0,1,0,0,0,105,18:36,0,32,0,0,,0,37,76,,0,0,0,,-10,15,988.00,0,00:00,17,0,550000,1,80,0,,,,,
8480080,,Vince Pedrie,Pedrie,D,NYR,500000,0,,,,,0,,V,,,,,0,,,0,47,0,0,,0,,,,,,0,,,,,,,,,0,,,,,,,,
8478967,,Lane Pederson,Pederson,C,PHI,500000,1,,,,,0,,L,,,,,0,,,0,51,0,0,,0,,,,,,0,,,,,,,,,-690000,,,,,,,,
8483842,,Owen Pederson,Pederson,W,NSH,500000,0,,,,,0,,O,,,,,0,,,0,48,0,0,,0,,,,,,0,,,,,,,,,,,,,,,,,
8485209,,Rhys Pederson,Pederson,D,EDM,500000,0,,,,,0,,R,,,,,0,,,0,41,0,0,,0,,,,,,0,,,,,,,,,,,,,,,,,
8484209,,Tyler Peddle,Peddle,W,CBJ,500000,1,,,,,0,,T,,,,,0,,,0,38,0,0,,0,,,,,,0,,,,,,,,,,,,,,,,,
8485447,,Brady Peddle,Peddle,D,PIT,500000,1,,,,,0,,B,,,,,0,,,0,53,0,0,,0,,,,,,0,,,,,,,,,,,,,,,,,
8476388,,Andrey Pedan,Pedan,D,PIT,500000,0,,,,,0,,A,,,,,0,,,0,53,0,0,,0,,,,,,0,,,,,,,,,0,,,,,,,,
8474708,,Alexander Pechurskiy,Pechurskiy,G,PIT,500000,0,,,,,0,,A,,,,,0,,,0,53,0,0,,0,,,,,,0,,,,,,,,,0,,,,,,,,
8476285,,Matthew Peca,Peca,C,STL,500000,0,,,,,0,,M,,,,,0,,,0,55,0,0,,0,,,,,,0,,,,,,,,,-600000,,,,,,,,
8482686,,Jack Peart,Peart,D,MIN,500000,1,,,,,0,,J,,,,,0,,,0,44,0,0,,0,,,,,,0,,,,,,,,,0,,,,,,,,
8476871,,Tanner Pearson,Pearson,W,VGK,2500000,1,16,15.790698,46,,0,,T,0,12,2,0,0,115,11:31,0,62,0,0,,0,23,86,,0,0,0,,2,8,1358.00,0,00:00,28,0,390000,1,116,0,,,,,
8478486,,Chase Pearson,Pearson,C,DET,500000,0,,,,,0,,C,,,,,0,,,0,40,0,0,,0,,,,,,0,,,,,,,,,0,,,,,,,,
8483065,,Kaleb Pearson,Pearson,W,VGK,500000,0,,,,,0,,K,,,,,0,,,0,62,0,0,,0,,,,,,0,,,,,,,,,0,,,,,,,,
8484128,,Justin Pearson,Pearson,W,CBJ,500000,0,,,,,0,,J,,,,,0,,,0,38,0,0,,0,,,,,,0,,,,,,,,,,,,,,,,,
8480097,,Elgin Pearce,Pearce,C,FA,500000,0,,,,,0,,E,,,,,0,,,0,0,0,0,,0,,,,,,0,,,,,,,,,0,,,,,,,,
8478914,,Nikita Pavlychev,Pavlychev,C,PIT,500000,0,,,,,0,,N,,,,,0,,,0,53,0,0,,0,,,,,,0,,,,,,,,,0,,,,,,,,
8480320,,Artur Pavliukov,Pavliukov,G,FA,500000,0,,,,,0,,A,,,,,0,,,0,0,0,0,,0,,,,,,0,,,,,,,,,0,,,,,,,,
8470794,,Joe Pavelski,Pavelski,C,DAL,950000,0,,,,,0,,J,,,,,0,,,0,39,0,0,,0,,,,,,0,,,,,,,,,-4260000,,,,,,,,
8471715,,Ondrej Pavelec,Pavelec,G,NYR,500000,0,,,,,0,,O,,,,,0,,,0,47,0,0,,0,,,,,,0,,,,,,,,,0,,,,,,,,
8484259,,Ondrej Pavel,Pavel,C,COL,500000,0,,,,,0,,O,,,,,0,,,0,37,0,0,,0,,,,,,0,,,,,,,,,,,,,,,,,
8485073,,Ilya Pautov,Pautov,W,PHI,500000,1,,,,,0,,I,,,,,0,,,0,51,0,0,,0,,,,,,0,,,,,,,,,,,,,,,,,
8485380,,Hayden Paupanekis,Paupanekis,C,MTL,500000,1,,,,,0,,H,,,,,0,,,0,45,0,0,,0,,,,,,0,,,,,,,,,,,,,,,,,
8477381,,Matej Paulovic,Paulovic,W,DAL,500000,0,,,,,0,,M,,,,,0,,,0,39,0,0,,0,,,,,,0,,,,,,,,,0,,,,,,,,
8476974,,Thomas Di Pauli,Pauli,C,PIT,500000,0,,,,,0,,T,,,,,0,,,0,53,0,0,,0,,,,,,0,,,,,,,,,0,,,,,,,,
8477426,,Nick Paul,Paul,W,TBL,3750000,1,19,23.432099,29,,0,,N,0,24,4,0,0,84,16:27,0,56,0,0,,0,28,81,,1,0,0,,9,32,1898.00,2,00:00,43,0,1300000,0,153,0,,,,,
8484874,,Riley Patterson,Patterson,C,VAN,500000,1,,,,,0,,R,,,,,0,,,0,58,0,0,,0,,,,,,0,,,,,,,,,,,,,,,,,
8479974,,Nolan Patrick,Patrick,C,VGK,500000,0,,,,,0,,N,,,,,0,,,0,62,0,0,,0,,,,,,0,,,,,,,,,-70000,,,,,,,,
8474688,,Greg Pateryn,Pateryn,D,ANA,500000,0,,,,,0,,G,,,,,0,,,0,31,0,0,,0,,,,,,0,,,,,,,,,-750000,,,,,,,,
8476896,,Jake Paterson,Paterson,G,DET,500000,0,,,,,0,,J,,,,,0,,,0,40,0,0,,0,,,,,,0,,,,,,,,,0,,,,,,,,
8480238,,Jiri Patera,Patera,G,VAN,500000,1,,,,,0,,J,,,,,0,,,0,58,0,0,,0,,,,,,0,,,,,,,,,0,,,,,,,,
8482682,,Sasha Pastujov,Pastujov,W,ANA,500000,1,,,,,0,,S,,,,,0,,,0,31,0,0,,0,,,,,,0,,,,,,,,,0,,,,,,,,
8479562,,Nick Pastujov,Pastujov,W,NYI,500000,0,,,,,0,,N,,,,,0,,,0,46,0,0,,0,,,,,,0,,,,,,,,,0,,,,,,,,
8477956,,David Pastrnak,Pastrnak,W,BOS,6610000,1,63,47.170732,24,,0,,D,0,43,4,0,0,58,20:11,0,32,0,0,,0,38,82,,3,0,0,,0,42,3868.00,9,00:00,106,0,-120000,0,319,0,,,,,
8485643,,Evan Passmore,Passmore,D,NYR,500000,1,,,,,0,,E,,,,,0,,,0,47,0,0,,0,,,,,,0,,,,,,,,,,,,,,,,,
8475277,,Edward Pasquale,Pasquale,G,TBL,500000,0,,,,,0,,E,,,,,0,,,0,56,0,0,,0,,,,,,0,,,,,,,,,0,,,,,,,,
8482369,,Brinson Pasichnuk,Pasichnuk,D,SJS,500000,0,,,,,0,,B,,,,,0,,,0,54,0,0,,0,,,,,,0,,,,,,,,,0,,,,,,,,
8481733,,Nikola Pasic,Pasic,W,NJD,500000,0,,,,,0,,N,,,,,0,,,0,49,0,0,,0,,,,,,0,,,,,,,,,0,,,,,,,,
8475334,,Mikhail Pashnin,Pashnin,D,NYR,500000,0,,,,,0,,M,,,,,0,,,0,47,0,0,,0,,,,,,0,,,,,,,,,0,,,,,,,,
8482212,,Alexander Pashin,Pashin,W,CAR,500000,0,,,,,0,,A,,,,,0,,,0,35,0,0,,0,,,,,,0,,,,,,,,,0,,,,,,,,
8481704,,Juuso Parssinen,Parssinen,C,NYR,1900000,1,10,14.520833,29,,0,,J,0,6,0,0,0,86,10:32,0,47,0,0,,0,23,48,,0,0,0,,-5,19,697.00,0,00:00,16,0,1400000,0,30,0,,,,,
8485142,,Jackson Parsons,Parsons,G,OTT,500000,1,,,,,0,,J,,,,,0,,,0,50,0,0,,0,,,,,,0,,,,,,,,,,,,,,,,,
8479403,,Tyler Parsons,Parsons,G,CAL,500000,0,,,,,0,,T,,,,,0,,,0,34,0,0,,0,,,,,,0,,,,,,,,,0,,,,,,,,
8485245,,Rhett Parsons,Parsons,D,TOR,500000,0,,,,,0,,R,,,,,0,,,0,57,0,0,,0,,,,,,0,,,,,,,,,,,,,,,,,
8471285,,Denis Parshin,Parshin,W,COL,500000,0,,,,,0,,D,,,,,0,,,0,37,0,0,,0,,,,,,0,,,,,,,,,0,,,,,,,,
8478883,,Adam Parsells,Parsells,D,SJS,500000,0,,,,,0,,A,,,,,0,,,0,54,0,0,,0,,,,,,0,,,,,,,,,0,,,,,,,,
8483917,,John Parker-Jones,Parker-Jones,W,MTL,500000,0,,,,,0,,J,,,,,0,,,0,45,0,0,,0,,,,,,0,,,,,,,,,,,,,,,,,
8479487,,John Parker,Parker,W,WSH,500000,0,,,,,0,,J,,,,,0,,,0,59,0,0,,0,,,,,,0,,,,,,,,,0,,,,,,,,
8484460,,Kalem Parker,Parker,D,MIN,500000,0,,,,,0,,K,,,,,0,,,0,44,0,0,,0,,,,,,0,,,,,,,,,,,,,,,,,
8485687,,Aidan Park,Park,C,EDM,500000,1,,,,,0,,A,,,,,0,,,0,41,0,0,,0,,,,,,0,,,,,,,,,,,,,,,,,
8479280,,Tom Parisi,Parisi,D,MTL,500000,0,,,,,0,,T,,,,,0,,,0,45,0,0,,0,,,,,,0,,,,,,,,,0,,,,,,,,
8470610,,Zach Parise,Parise,W,COL,500000,0,,,,,0,,Z,,,,,0,,,0,37,0,0,,0,,,,,,0,,,,,,,,,-2240000,,,,,,,,
8481710,,Lukas Parik,Parik,G,LAK,500000,0,,,,,0,,L,,,,,0,,,0,43,0,0,,0,,,,,,0,,,,,,,,,0,,,,,,,,
8469707,,PA Parenteau,Parenteau,W,NSH,500000,0,,,,,0,,P,,,,,0,,,0,48,0,0,,0,,,,,,0,,,,,,,,,0,,,,,,,,
8483841,,Xavier Parent,Parent,C,NJD,500000,1,,,,,0,,X,,,,,0,,,0,49,0,0,,0,,,,,,0,,,,,,,,,,,,,,,,,
8484768,,Zayne Parekh,Parekh,D,CAL,500000,1,,,,,0,,Z,,,,,0,,,0,34,0,0,,0,,,,,,0,,,,,,,,,,,,,,,,,
8480249,,Cedric Pare,Pare,C,TOR,500000,1,,,,,0,,C,,,,,0,,,0,57,0,0,,0,,,,,,0,,,,,,,,,0,,,,,,,,
8471385,,Adam Pardy,Pardy,D,NSH,500000,0,,,,,0,,A,,,,,0,,,0,48,0,0,,0,,,,,,0,,,,,,,,,0,,,,,,,,
8476892,,Colton Parayko,Parayko,D,STL,4990000,1,25,30.774648,161,,0,,C,0,17,4,0,0,103,23:47,0,55,0,0,,0,28,71,,1,0,0,,16,14,2185.00,2,00:00,42,0,2520000,1,140,0,,,,,
8484769,,Terik Parascak,Parascak,W,WSH,1780000,1,,,,,0,,T,,,,,0,,,0,59,0,0,,0,,,,,,0,,,,,,,,,,,,,,,,,
8475152,,Philippe Paradis,Paradis,C,TBL,500000,0,,,,,0,,P,,,,,0,,,0,56,0,0,,0,,,,,,0,,,,,,,,,0,,,,,,,,
8481110,,Tobie Paquette-Bisson,Paquette-Bisson,D,TBL,500000,0,,,,,0,,T,,,,,0,,,0,56,0,0,,0,,,,,,0,,,,,,,,,,,,,,,,,
8485120,,Charlie Paquette,Paquette,W,DAL,500000,1,,,,,0,,C,,,,,0,,,0,39,0,0,,0,,,,,,0,,,,,,,,,,,,,,,,,
8476975,,Cedric Paquette,Paquette,C,MTL,500000,0,,,,,0,,C,,,,,0,,,0,45,0,0,,0,,,,,,0,,,,,,,,,-1200000,,,,,,,,
8479537,,Christopher Paquette,Paquette,C,TBL,500000,0,,,,,0,,C,,,,,0,,,0,56,0,0,,0,,,,,,0,,,,,,,,,0,,,,,,,,
8480024,,Jacob Paquette,Paquette,D,NSH,500000,0,,,,,0,,J,,,,,0,,,0,48,0,0,,0,,,,,,0,,,,,,,,,0,,,,,,,,
8478148,,Jordan Papirny,Papirny,G,EDM,500000,0,,,,,0,,J,,,,,0,,,0,41,0,0,,0,,,,,,0,,,,,,,,,0,,,,,,,,
8483096,,Sahil Panwar,Panwar,W,LAK,500000,0,,,,,0,,S,,,,,0,,,0,43,0,0,,0,,,,,,0,,,,,,,,,0,,,,,,,,
8484479,,Norwin Panocha,Panocha,D,BUF,500000,1,,,,,0,,N,,,,,0,,,0,33,0,0,,0,,,,,,0,,,,,,,,,,,,,,,,,
8475209,,Richard Panik,Panik,W,NYI,500000,0,,,,,0,,R,,,,,0,,,0,46,0,0,,0,,,,,,0,,,,,,,,,-1100000,,,,,,,,
8478550,,Artemi Panarin,Panarin,W,NYR,5140000,1,52,36.437500,11,,0,,A,0,37,3,0,0,18,19:41,0,47,1,0,20250923,0,34,80,,0,0,0,,-9,16,2915.00,8,00:00,89,0,-870000,0,237,0,,,,2025-09-21,2025-09-21
8481513,,Oula Palve,Palve,C,DAL,500000,0,,,,,0,,O,,,,,0,,,0,39,0,0,,0,,,,,,0,,,,,,,,,0,,,,,,,,
8474030,,Aaron Palushaj,Palushaj,W,PHI,500000,0,,,,,0,,A,,,,,0,,,0,51,0,0,,0,,,,,,0,,,,,,,,,0,,,,,,,,
8480256,,Antti Palojarvi,Palojarvi,D,PIT,500000,0,,,,,0,,A,,,,,0,,,0,53,0,0,,0,,,,,,0,,,,,,,,,0,,,,,,,,
8479610,,Petrus Palmu,Palmu,W,VAN,500000,0,,,,,0,,P,,,,,0,,,0,58,0,0,,0,,,,,,0,,,,,,,,,0,,,,,,,,
8480432,,Petrus Palmu,Palmu,W,WSH,500000,0,,,,,0,,P,,,,,0,,,0,59,0,0,,0,,,,,,0,,,,,,,,,0,,,,,,,,
8478524,,Zach Palmquist,Palmquist,D,MIN,500000,0,,,,,0,,Z,,,,,0,,,0,44,0,0,,0,,,,,,0,,,,,,,,,0,,,,,,,,
8475151,,Kyle Palmieri,Palmieri,C,NYI,2970000,1,24,20.926829,46,,0,,K,0,24,2,0,0,54,18:31,0,46,0,0,,0,34,82,,0,0,0,,-17,20,1716.00,5,00:00,48,0,-280000,0,168,0,,,,,
8473435,,Joe Palmer,Palmer,G,CHI,500000,0,,,,,0,,J,,,,,0,,,0,36,0,0,,0,,,,,,0,,,,,,,,,0,,,,,,,,
8484620,,Tyler Palmer,Palmer,G,EDM,500000,0,,,,,0,,T,,,,,0,,,0,41,0,0,,0,,,,,,0,,,,,,,,,,,,,,,,,
8476394,,Michael Paliotta,Paliotta,D,NYR,500000,0,,,,,0,,M,,,,,0,,,0,47,0,0,,0,,,,,,0,,,,,,,,,0,,,,,,,,
8476292,,Ondrej Palat,Palat,W,NJD,3080000,1,15,18.195122,62,,0,,O,0,15,3,0,0,138,14:00,0,49,0,0,,0,32,82,,0,0,0,,0,14,1492.00,2,00:00,30,0,-2390000,1,100,0,,,,,
8481052,,Eetu Pakkila,Pakkila,W,NJD,500000,0,,,,,0,,E,,,,,0,,,0,49,0,0,,0,,,,,,0,,,,,,,,,0,,,,,,,,
8476336,,Iiro Pakarinen,Pakarinen,W,EDM,500000,0,,,,,0,,I,,,,,0,,,0,41,0,0,,0,,,,,,0,,,,,,,,,0,,,,,,,,
8480986,,Lauri Pajuniemi,Pajuniemi,W,NYR,500000,1,,,,,0,,L,,,,,0,,,0,47,0,0,,0,,,,,,0,,,,,,,,,0,,,,,,,,
8478102,,Maximilian Pajpach,Pajpach,G,COL,500000,0,,,,,0,,M,,,,,0,,,0,37,0,0,,0,,,,,,0,,,,,,,,,0,,,,,,,,
8470230,,Daniel Paille,Paille,W,NYR,500000,0,,,,,0,,D,,,,,0,,,0,47,0,0,,0,,,,,,0,,,,,,,,,0,,,,,,,,
8478923,,Ziyat Paigin,Paigin,D,EDM,500000,0,,,,,0,,Z,,,,,0,,,0,41,0,0,,0,,,,,,0,,,,,,,,,0,,,,,,,,
8476419,,Jean-Gabriel Pageau,Pageau,C,NYI,3380000,1,28,23.784810,55,,0,,J,0,14,1,0,0,140,17:00,0,46,0,0,,0,33,79,,0,0,0,,4,23,1879.00,2,00:00,42,0,-1150000,1,120,0,,,,,
8481129,,Maximilliam Paddock,Paddock,G,SJS,500000,0,,,,,0,,M,,,,,0,,,0,54,0,0,,0,,,,,,0,,,,,,,,,0,,,,,,,,
8474157,,Max Pacioretty,Pacioretty,W,TOR,3660000,1,13,24.541667,20,,0,,M,0,8,2,0,0,165,13:21,0,57,0,0,,0,14,48,,0,0,0,,-1,20,1178.00,1,00:00,21,0,-3290000,0,84,0,,,,,
8481167,,Brayden Pachal,Pachal,D,CAL,2100000,1,8,15.618421,80,,0,,B,0,3,0,0,0,158,14:14,0,34,0,0,,0,25,76,,0,0,0,,5,88,1187.00,0,00:00,11,0,1600000,0,61,0,,,,,
8475175,,Magnus Paajarvi,Paajarvi,W,OTT,500000,0,,,,,0,,M,,,,,0,,,0,50,0,0,,0,,,,,,0,,,,,,,,,0,,,,,,,,
8485108,,Erik PÃ¥hlsson,PÃ¥hlsson,C,NSH,500000,1,,,,,0,,E,,,,,0,,,0,48,0,0,,0,,,,,,0,,,,,,,,,,,,,,,,,
8485375,,Max PÅ¡eniÄka,PÅ¡eniÄka,D,UTA,500000,1,,,,,0,,M,,,,,0,,,0,64,0,0,,0,,,,,,0,,,,,,,,,,,,,,,,,
8480943,,Igor Ozhiganov,Ozhiganov,D,TOR,500000,0,,,,,0,,I,,,,,0,,,0,57,0,0,,0,,,,,,0,,,,,,,,,0,,,,,,,,
8480391,,Alex Overhardt,Overhardt,C,FA,500000,0,,,,,0,,A,,,,,0,,,0,0,0,0,,0,,,,,,0,,,,,,,,,0,,,,,,,,
8471214,,Alex Ovechkin,Ovechkin,W,WSH,7430000,1,30,46.173333,16,,0,,A,0,49,8,0,0,139,17:38,0,59,0,0,,0,19,75,,2,0,0,,15,20,3463.00,17,00:00,79,0,1460000,0,269,0,,,,,
8482488,,Dmitry Ovchinnikov,Ovchinnikov,C,TOR,500000,0,,,,,0,,D,,,,,0,,,0,57,0,0,,0,,,,,,0,,,,,,,,,0,,,,,,,,
8480309,,Griffen Outhouse,Outhouse,G,VGK,500000,0,,,,,0,,G,,,,,0,,,0,62,0,0,,0,,,,,,0,,,,,,,,,0,,,,,,,,
8476443,,Xavier Ouellet,Ouellet,D,PIT,500000,0,,,,,0,,X,,,,,0,,,0,53,0,0,,0,,,,,,0,,,,,,,,,-350000,,,,,,,,
8468628,,Kristofer Ottosson,Ottosson,W,NYI,500000,0,,,,,0,,K,,,,,0,,,0,46,0,0,,0,,,,,,0,,,,,,,,,0,,,,,,,,
8482866,,Ville Ottavainen,Ottavainen,D,SEA,1410000,1,1,35.000000,1,,0,,V,0,0,0,0,0,3,14:24,0,63,0,0,,0,1,1,,0,0,0,,0,0,35.00,0,00:00,1,0,910000,0,1,0,,,,,
8468505,,Steve Ott,Ott,C,MTL,500000,0,,,,,0,,S,,,,,0,,,0,45,0,0,,0,,,,,,0,,,,,,,,,0,,,,,,,,
8482747,,Brennan Othmann,Othmann,W,NYR,1530000,1,2,12.090909,7,,0,,B,0,0,0,0,0,43,09:58,0,47,0,0,,0,9,22,,0,0,0,,7,2,266.00,0,00:00,2,0,730000,0,20,0,,,,,
8484910,,Victor Ostman,Ostman,G,SEA,1080000,1,0,24.000000,0,,0,,V,0,0,0,0,0,0,20:00,0,63,0,0,,0,1,1,,0,0,0,,0,0,24.00,0,00:00,0,12,,0,0,0,,100.0,,,
8483500,,Noah Ostlund,Ostlund,C,BUF,500000,1,0,-4.750000,3,,0,,N,0,0,0,0,0,1,10:33,0,33,1,0,20251009,0,3,8,,0,0,0,,-6,2,-38.00,0,00:00,0,0,,0,4,0,,,,2025-10-01,2025-10-01
8482859,,Zack Ostapchuk,Ostapchuk,C,SJS,1120000,1,3,8.375000,21,,0,,Z,0,1,0,0,0,110,09:25,0,54,0,0,,0,25,56,,0,0,0,,-8,45,469.00,0,00:00,4,0,620000,0,26,0,,,,,
8479560,,Austin Osmanski,Osmanski,D,BUF,500000,0,,,,,0,,A,,,,,0,,,0,33,0,0,,0,,,,,,0,,,,,,,,,0,,,,,,,,
8480321,,Dmitry Osipov,Osipov,D,VGK,500000,0,,,,,0,,D,,,,,0,,,0,62,0,0,,0,,,,,,0,,,,,,,,,0,,,,,,,,
8471698,,T.J. Oshie,Oshie,W,WSH,500000,1,,,,,0,,T,,,,,0,,,0,59,0,0,,0,,,,,,0,,,,,,,,,-4160000,,,,,,,,
8484450,,Milton Oscarson,Oscarson,C,CHI,500000,0,,,,,0,,M,,,,,0,,,0,36,0,0,,0,,,,,,0,,,,,,,,,,,,,,,,,
8485015,,Luke Osburn,Osburn,D,BUF,500000,1,,,,,0,,L,,,,,0,,,0,33,0,0,,0,,,,,,0,,,,,,,,,,,,,,,,,
8483859,,Nolan Orzeck,Orzeck,D,COL,500000,0,,,,,0,,N,,,,,0,,,0,37,0,0,,0,,,,,,0,,,,,,,,,,,,,,,,,
8475299,,Joni Ortio,Ortio,G,CAL,500000,0,,,,,0,,J,,,,,0,,,0,34,0,0,,0,,,,,,0,,,,,,,,,0,,,,,,,,
8479953,,Austin Ortega,Ortega,W,FA,500000,0,,,,,0,,A,,,,,0,,,0,0,0,0,,0,,,,,,0,,,,,,,,,0,,,,,,,,
8468778,,Colton Orr,Orr,W,TOR,500000,0,,,,,0,,C,,,,,0,,,0,57,0,0,,0,,,,,,0,,,,,,,,,0,,,,,,,,
8482755,,Robert Orr,Orr,W,CAR,500000,0,,,,,0,,R,,,,,0,,,0,35,0,0,,0,,,,,,0,,,,,,,,,0,,,,,,,,
8468498,,Brooks Orpik,Orpik,D,WSH,500000,0,,,,,0,,B,,,,,0,,,0,59,0,0,,0,,,,,,0,,,,,,,,,0,,,,,,,,
8475200,,Dmitry Orlov,Orlov,D,CAR,3410000,1,26,20.065934,75,,0,,D,0,6,2,0,0,139,20:17,0,35,0,0,,0,33,91,,0,0,0,,18,34,1826.00,0,00:00,32,0,-280000,0,138,0,,,,,
8483689,,Daniil Orlov,Orlov,D,NJD,500000,1,,,,,0,,D,,,,,0,,,0,49,0,0,,0,,,,,,0,,,,,,,,,,,,,,,,,
8468092,,Maxim Orlov,Orlov,C,WSH,500000,0,,,,,0,,M,,,,,0,,,0,59,0,0,,0,,,,,,0,,,,,,,,,0,,,,,,,,
8478461,,Luke Opilka,Opilka,G,STL,500000,0,,,,,0,,L,,,,,0,,,0,55,0,0,,0,,,,,,0,,,,,,,,,0,,,,,,,,
8481159,,Montana Onyebuchi,Onyebuchi,D,UTA,500000,1,,,,,0,,M,,,,,0,,,0,64,0,0,,0,,,,,,0,,,,,,,,,0,,,,,,,,
8480234,,Linus Olund,Olund,C,PIT,500000,0,,,,,0,,L,,,,,0,,,0,53,0,0,,0,,,,,,0,,,,,,,,,0,,,,,,,,
8482721,,Anton Olsson,Olsson,D,NSH,500000,0,,,,,0,,A,,,,,0,,,0,48,0,0,,0,,,,,,0,,,,,,,,,0,,,,,,,,
8477007,,Collin Olson,Olson,G,CAR,500000,0,,,,,0,,C,,,,,0,,,0,35,0,0,,0,,,,,,0,,,,,,,,,0,,,,,,,,
8477138,,Brett Olson,Olson,C,FLA,500000,0,,,,,0,,B,,,,,0,,,0,42,0,0,,0,,,,,,0,,,,,,,,,0,,,,,,,,
8478924,,Tate Olson,Olson,D,VAN,500000,0,,,,,0,,T,,,,,0,,,0,58,0,0,,0,,,,,,0,,,,,,,,,0,,,,,,,,
8480209,,Kyle Olson,Olson,W,ANA,500000,0,,,,,0,,K,,,,,0,,,0,31,0,0,,0,,,,,,0,,,,,,,,,0,,,,,,,,
8481739,,Quinn Olson,Olson,W,BOS,500000,0,,,,,0,,Q,,,,,0,,,0,32,0,0,,0,,,,,,0,,,,,,,,,0,,,,,,,,
8475153,,Dylan Olsen,Olsen,D,FLA,500000,0,,,,,0,,D,,,,,0,,,0,42,0,0,,0,,,,,,0,,,,,,,,,0,,,,,,,,
8477008,,Ryan Olsen,Olsen,C,WPG,500000,0,,,,,0,,R,,,,,0,,,0,60,0,0,,0,,,,,,0,,,,,,,,,0,,,,,,,,
8477467,,Gustav Olofsson,Olofsson,D,SEA,500000,1,,,,,0,,G,,,,,0,,,0,63,0,0,,0,,,,,,0,,,,,,,,,0,,,,,,,,
8478109,,Victor Olofsson,Olofsson,W,VGK,3660000,1,16,23.338462,20,,0,,V,0,17,4,0,0,39,14:29,0,62,0,0,,0,21,65,,0,0,0,,12,16,1517.00,8,00:00,33,0,1400000,0,123,0,,,,,
8478028,,Fredrik Olofsson,Olofsson,W,COL,500000,0,,,,,0,,F,,,,,0,,,0,37,0,0,,0,,,,,,0,,,,,,,,,0,,,,,,,,
8480841,,Jacob Olofsson,Olofsson,C,MTL,500000,0,,,,,0,,J,,,,,0,,,0,45,0,0,,0,,,,,,0,,,,,,,,,0,,,,,,,,
8482504,,Hugo Ollas,Ollas,G,NYR,500000,1,,,,,0,,H,,,,,0,,,0,47,0,0,,0,,,,,,0,,,,,,,,,0,,,,,,,,
8479671,,Mathieu Olivier,Olivier,W,CBJ,3900000,1,14,27.719512,72,,0,,M,0,18,5,0,0,305,14:28,0,38,0,0,,0,32,82,,0,0,0,,-4,139,2273.00,0,00:00,32,0,1780000,1,111,0,,,,,
8483115,,Kaid Oliver,Oliver,C,MIN,500000,0,,,,,0,,K,,,,,0,,,0,44,0,0,,0,,,,,,0,,,,,,,,,0,,,,,,,,
8476512,,Jimmy Oligny,Oligny,D,WPG,500000,0,,,,,0,,J,,,,,0,,,0,60,0,0,,0,,,,,,0,,,,,,,,,0,,,,,,,,
8478908,,Gustav Olhaver,Olhaver,C,COL,500000,0,,,,,0,,G,,,,,0,,,0,37,0,0,,0,,,,,,0,,,,,,,,,0,,,,,,,,
8476162,,Steve Oleksy,Oleksy,D,ANA,500000,0,,,,,0,,S,,,,,0,,,0,31,0,0,,0,,,,,,0,,,,,,,,,0,,,,,,,,
8476467,,Jamie Oleksiak,Oleksiak,D,SEA,1900000,1,13,13.548780,154,,0,,J,0,4,1,0,0,72,18:47,0,63,0,0,,0,40,82,,0,0,0,,-2,34,1111.00,0,00:00,17,0,-620000,0,66,0,,,,,
8478878,,Kristian Oldham,Oldham,G,TBL,500000,0,,,,,0,,K,,,,,0,,,0,56,0,0,,0,,,,,,0,,,,,,,,,0,,,,,,,,
8480337,,Tommy Olczyk,Olczyk,C,FA,500000,0,,,,,0,,T,,,,,0,,,0,0,0,0,,0,,,,,,0,,,,,,,,,0,,,,,,,,
8482712,,Oskar Olausson,Olausson,W,SJS,550000,1,0,6.000000,2,,0,,O,0,0,0,0,0,1,06:49,0,54,0,0,,0,0,2,,0,0,0,,0,0,12.00,0,00:00,0,0,50000,0,3,0,,,,,
8484935,,Oliver Okuliar,Okuliar,W,FLA,500000,1,,,,,0,,O,,,,,0,,,0,42,0,0,,0,,,,,,0,,,,,,,,,,,,,,,,,
8481863,,Yevgeni Oksentyuk,Oksentyuk,W,DAL,500000,0,,,,,0,,Y,,,,,0,,,0,39,0,0,,0,,,,,,0,,,,,,,,,0,,,,,,,,
8473449,,Kyle Okposo,Okposo,W,FLA,500000,0,,,,,0,,K,,,,,0,,,0,42,0,0,,0,,,,,,0,,,,,,,,,-1310000,,,,,,,,
8481537,,Nikita Okhotiuk,Okhotiuk,D,CAL,500000,1,,,,,0,,N,,,,,0,,,0,34,0,0,,0,,,,,,0,,,,,,,,,0,,,,,,,,
8460503,,Mattias Ohlund,Ohlund,D,TBL,500000,0,,,,,0,,M,,,,,0,,,0,56,0,0,,0,,,,,,0,,,,,,,,,0,,,,,,,,
8483499,,Liam Ohgren,Ohgren,W,MIN,1190000,1,3,9.541667,12,,0,,L,0,2,1,0,0,25,11:06,0,44,0,0,,0,10,24,,0,0,0,,-6,2,229.00,0,00:00,5,0,,0,32,0,,,,,
8480906,,Andrew Oglevie,Oglevie,C,BUF,500000,0,,,,,0,,A,,,,,0,,,0,33,0,0,,0,,,,,,0,,,,,,,,,0,,,,,,,,
8479979,,Jake Oettinger,Oettinger,G,DAL,7560000,1,1,44.552632,0,,0,,J,195,0,0,45,0,0,58:18,0,39,0,0,,0,27,76,,0,4,0,,0,0,3386.00,0,00:00,1,1918,2640000,0,0,2,,90.8,,,
8477851,,Jordan Oesterle,Oesterle,D,NSH,1690000,1,6,13.189189,48,,0,,J,0,4,0,0,0,27,17:09,0,48,0,0,,0,17,37,,0,0,0,,0,4,488.00,0,00:00,10,0,280000,0,38,0,,,,,
8469665,,Johnny Oduya,Oduya,D,OTT,500000,0,,,,,0,,J,,,,,0,,,0,50,0,0,,0,,,,,,0,,,,,,,,,0,,,,,,,,
8483498,,Calle Odelius,Odelius,D,NYI,500000,1,,,,,0,,C,,,,,0,,,0,46,0,0,,0,,,,,,0,,,,,,,,,,,,,,,,,
8485046,,Timofei Obvintsev,Obvintsev,G,TOR,500000,1,,,,,0,,T,,,,,0,,,0,57,0,0,,0,,,,,,0,,,,,,,,,,,,,,,,,
8482471,,Linus Oberg,Oberg,C,SJS,500000,0,,,,,0,,L,,,,,0,,,0,54,0,0,,0,,,,,,0,,,,,,,,,0,,,,,,,,
8482143,,Ryan O&#x27;Rourke,O&#x27;Rourke,D,MIN,500000,0,,,,,0,,R,,,,,0,,,0,44,0,0,,0,,,,,,0,,,,,,,,,0,,,,,,,,
8475158,,Ryan O&#x27;Reilly,O&#x27;Reilly,C,NSH,3260000,1,32,23.392405,72,,0,,R,0,21,3,0,0,20,18:59,0,48,0,0,,0,39,79,,0,0,0,,-23,24,1848.00,9,00:00,53,0,-2250000,0,151,0,,,,,
8471811,,Cal O&#x27;Reilly,O&#x27;Reilly,C,MIN,500000,0,,,,,0,,C,,,,,0,,,0,44,0,0,,0,,,,,,0,,,,,,,,,0,,,,,,,,
8483749,,Cameron O&#x27;Neill,O&#x27;Neill,W,OTT,500000,1,,,,,0,,C,,,,,0,,,0,50,0,0,,0,,,,,,0,,,,,,,,,,,,,,,,,
8476772,,Brian O&#x27;Neill,O&#x27;Neill,W,NJD,500000,0,,,,,0,,B,,,,,0,,,0,49,0,0,,0,,,,,,0,,,,,,,,,0,,,,,,,,
8483696,,Cole O&#x27;Hara,O&#x27;Hara,W,NSH,500000,1,,,,,0,,C,,,,,0,,,0,48,0,0,,0,,,,,,0,,,,,,,,,,,,,,,,,
8476303,,Rob O&#x27;Gara,O&#x27;Gara,D,NYR,500000,0,,,,,0,,R,,,,,0,,,0,47,0,0,,0,,,,,,0,,,,,,,,,0,,,,,,,,
8481186,,Logan O&#x27;Connor,O&#x27;Connor,W,COL,2890000,1,15,15.436782,55,,0,,L,0,12,2,0,0,81,14:05,0,37,0,0,,0,29,87,,0,0,0,,1,42,1343.00,0,00:00,27,0,940000,1,100,0,,,,,
8482055,,Drew O&#x27;Connor,O&#x27;Connor,W,VAN,1940000,1,15,13.761905,57,,0,,D,0,10,2,0,0,83,14:28,0,58,0,0,,0,34,84,,1,0,0,,-16,34,1156.00,1,00:00,25,0,1440000,1,117,0,,,,,
8477070,,Liam O&#x27;Brien,O&#x27;Brien,C,UTA,2130000,1,1,16.964286,11,,0,,L,0,0,0,0,0,100,09:18,0,64,0,0,,0,9,28,,0,0,0,,1,50,475.00,0,00:00,1,0,80000,0,34,0,,,,,
8470839,,Shane O&#x27;Brien,O&#x27;Brien,D,ANA,500000,0,,,,,0,,S,,,,,0,,,0,31,0,0,,0,,,,,,0,,,,,,,,,0,,,,,,,,
8474024,,Jim O&#x27;Brien,O&#x27;Brien,C,COL,500000,0,,,,,0,,J,,,,,0,,,0,37,0,0,,0,,,,,,0,,,,,,,,,0,,,,,,,,
8482722,,Jack O&#x27;Brien,O&#x27;Brien,C,COL,500000,0,,,,,0,,J,,,,,0,,,0,37,0,0,,0,,,,,,0,,,,,,,,,0,,,,,,,,
8484770,,Sam O'Reilly,O'Reilly,W,TBL,580000,1,,,,,0,,S,,,,,0,,,0,56,0,0,,0,,,,,,0,,,,,,,,,,,,,,,,,
8481026,,Ryan O'Reilly,O'Reilly,W,DET,500000,0,,,,,0,,R,,,,,0,,,0,40,0,0,,0,,,,,,0,,,,,,,,,0,,,,,,,,
8476982,,Danny O'Regan,O'Regan,C,DET,500000,0,,,,,0,,D,,,,,0,,,0,40,0,0,,0,,,,,,0,,,,,,,,,0,,,,,,,,
8473440,,Will O'Neill,O'Neill,D,PHI,500000,0,,,,,0,,W,,,,,0,,,0,51,0,0,,0,,,,,,0,,,,,,,,,0,,,,,,,,
8474603,,Eric O'Dell,O'Dell,C,OTT,500000,0,,,,,0,,E,,,,,0,,,0,50,0,0,,0,,,,,,0,,,,,,,,,0,,,,,,,,
8478559,,Matthew O'Connor,O'Connor,G,NSH,500000,0,,,,,0,,M,,,,,0,,,0,48,0,0,,0,,,,,,0,,,,,,,,,0,,,,,,,,
8480290,,Ryan O'Connell,O'Connell,D,TOR,500000,0,,,,,0,,R,,,,,0,,,0,57,0,0,,0,,,,,,0,,,,,,,,,0,,,,,,,,
8485383,,Jake O'Brien,O'Brien,C,SEA,2500000,1,,,,,0,,J,,,,,0,,,0,63,0,0,,0,,,,,,0,,,,,,,,,,,,,,,,,
8480877,,Jay O'Brien,O'Brien,C,PHI,500000,0,,,,,0,,J,,,,,0,,,0,51,0,0,,0,,,,,,0,,,,,,,,,0,,,,,,,,
8482911,,Joel Nystrom,Nystrom,D,CAR,500000,1,,,,,0,,J,,,,,0,,,0,35,0,0,,0,,,,,,0,,,,,,,,,0,,,,,,,,
8470180,,Eric Nystrom,Nystrom,W,NSH,500000,0,,,,,0,,E,,,,,0,,,0,48,0,0,,0,,,,,,0,,,,,,,,,0,,,,,,,,
8474679,,Gustav Nyquist,Nyquist,C,MIN,1650000,1,17,10.776471,33,,0,,G,0,11,0,0,0,46,16:27,0,44,0,0,,0,37,85,,0,0,0,,-24,16,916.00,2,00:00,28,0,-230000,1,105,0,,,,,
8483497,,Jani Nyman,Nyman,W,SEA,1820000,1,3,19.666667,7,,0,,J,0,3,0,0,0,13,13:59,0,63,0,0,,0,4,12,,0,0,0,,-3,4,236.00,2,00:00,6,0,,0,22,0,,,,,
8477939,,William Nylander,Nylander,W,TOR,6530000,1,48,38.452632,32,,0,,W,0,51,8,0,0,21,19:27,0,57,0,0,,0,29,95,,2,0,0,,7,30,3653.00,13,00:00,99,0,1390000,0,291,0,,,,,
8479423,,Alex Nylander,Nylander,W,TOR,500000,0,0,2.000000,0,,0,,A,0,0,0,0,0,0,09:53,0,57,0,0,,0,2,5,,0,0,0,,-1,4,10.00,0,00:00,0,0,-160000,0,4,0,,,,,
8476355,,Magnus Nygren,Nygren,D,MTL,500000,0,,,,,0,,M,,,,,0,,,0,45,0,0,,0,,,,,,0,,,,,,,,,0,,,,,,,,
8481638,,Joakim Nygard,Nygard,W,EDM,500000,0,,,,,0,,J,,,,,0,,,0,41,0,0,,0,,,,,,0,,,,,,,,,0,,,,,,,,
8478093,,John Nyberg,Nyberg,D,PIT,500000,0,,,,,0,,J,,,,,0,,,0,53,0,0,,0,,,,,,0,,,,,,,,,0,,,,,,,,
8479529,,Philip Nyberg,Nyberg,D,BUF,500000,0,,,,,0,,P,,,,,0,,,0,33,0,0,,0,,,,,,0,,,,,,,,,0,,,,,,,,
8482483,,Zion Nybeck,Nybeck,W,CAR,500000,0,,,,,0,,Z,,,,,0,,,0,35,0,0,,0,,,,,,0,,,,,,,,,0,,,,,,,,
8478906,,Markus Nutivaara,Nutivaara,D,SJS,500000,0,,,,,0,,M,,,,,0,,,0,54,0,0,,0,,,,,,0,,,,,,,,,-1620000,,,,,,,,
8481688,,Valentin Nussbaumer,Nussbaumer,C,ARI,500000,0,,,,,0,,V,,,,,0,,,0,52,0,0,,0,,,,,,0,,,,,,,,,0,,,,,,,,
8477498,,Darnell Nurse,Nurse,D,EDM,4980000,1,33,27.989796,166,,0,,D,0,8,1,0,0,220,22:34,0,41,0,0,,0,31,98,,1,0,0,,13,103,2743.00,0,00:00,41,0,-450000,1,231,0,,,,,
8481125,,Isaac Nurse,Nurse,W,VAN,500000,0,,,,,0,,I,,,,,0,,,0,58,0,0,,0,,,,,,0,,,,,,,,,0,,,,,,,,
8484208,,Jesse Nurmi,Nurmi,W,NYI,500000,1,,,,,0,,J,,,,,0,,,0,46,0,0,,0,,,,,,0,,,,,,,,,,,,,,,,,
8479544,,Markus Nurmi,Nurmi,W,OTT,500000,0,,,,,0,,M,,,,,0,,,0,50,0,0,,0,,,,,,0,,,,,,,,,0,,,,,,,,
8483724,,Petteri Nurmi,Nurmi,D,MTL,500000,0,,,,,0,,P,,,,,0,,,0,45,0,0,,0,,,,,,0,,,,,,,,,,,,,,,,,
8476454,,Ryan Nugent-Hopkins,Nugent-Hopkins,C,EDM,5150000,1,43,28.960000,67,,0,,R,0,26,6,0,0,54,19:06,0,41,0,0,,0,34,100,,1,0,0,,8,30,2896.00,11,00:00,69,0,1260000,2,212,0,,,,,
8485654,,Melvin Novotny,Novotny,W,BUF,500000,1,,,,,0,,M,,,,,0,,,0,33,0,0,,0,,,,,,0,,,,,,,,,,,,,,,,,
8482916,,Nikita Novikov,Novikov,D,BUF,500000,1,,,,,0,,N,,,,,0,,,0,33,0,0,,0,,,,,,0,,,,,,,,,0,,,,,,,,
8478438,,Thomas Novak,Novak,C,PIT,1930000,1,9,14.555556,25,,0,,T,0,13,2,0,0,6,13:14,0,53,0,0,,0,27,54,,0,0,0,,-7,4,786.00,1,00:00,22,0,1430000,0,91,0,,,,,
8481078,,Jakov Novak,Novak,W,OTT,500000,0,,,,,0,,J,,,,,0,,,0,50,0,0,,0,,,,,,0,,,,,,,,,0,,,,,,,,
8482217,,Pavel Novak,Novak,W,MIN,500000,0,,,,,0,,P,,,,,0,,,0,44,0,0,,0,,,,,,0,,,,,,,,,0,,,,,,,,
8481696,,Kim Nousiainen,Nousiainen,D,LAK,500000,0,,,,,0,,K,,,,,0,,,0,43,0,0,,0,,,,,,0,,,,,,,,,0,,,,,,,,
8479647,,Tyler Nother,Nother,D,SJS,500000,0,,,,,0,,T,,,,,0,,,0,54,0,0,,0,,,,,,0,,,,,,,,,0,,,,,,,,
8477931,,Tomas Nosek,Nosek,W,FLA,1910000,1,11,11.573333,30,,0,,T,0,1,0,0,0,127,10:06,0,42,0,0,,0,24,75,,0,0,0,,8,14,868.00,1,00:00,12,0,-1070000,0,61,0,,,,,
8480064,,Josh Norris,Norris,C,BUF,4040000,1,14,30.357143,42,,0,,J,0,21,5,0,0,135,18:21,0,33,0,0,,0,20,56,,1,0,0,,-6,44,1700.00,6,00:00,35,0,1010000,2,97,0,,,,,
8485022,,Viktor Norringer,Norringer,W,NSH,500000,1,,,,,0,,V,,,,,0,,,0,48,0,0,,0,,,,,,0,,,,,,,,,,,,,,,,,
8481555,,Mattias Norlinder,Norlinder,D,MTL,500000,0,,,,,0,,M,,,,,0,,,0,45,0,0,,0,,,,,,0,,,,,,,,,0,,,,,,,,
8477436,,Robin Norell,Norell,D,EDM,500000,0,,,,,0,,R,,,,,0,,,0,41,0,0,,0,,,,,,0,,,,,,,,,0,,,,,,,,
8474222,,Maxim Noreau,Noreau,D,COL,500000,0,,,,,0,,M,,,,,0,,,0,37,0,0,,0,,,,,,0,,,,,,,,,0,,,,,,,,
8476377,,Samuel Noreau,Noreau,D,NYR,500000,0,,,,,0,,S,,,,,0,,,0,47,0,0,,0,,,,,,0,,,,,,,,,0,,,,,,,,
8475807,,Joakim Nordstrom,Nordstrom,C,CAL,500000,0,,,,,0,,J,,,,,0,,,0,34,0,0,,0,,,,,,0,,,,,,,,,-960000,,,,,,,,
8485658,,Viggo Nordlund,Nordlund,W,CAR,500000,1,,,,,0,,V,,,,,0,,,0,35,0,0,,0,,,,,,0,,,,,,,,,,,,,,,,,
8484207,,Noel Nordh,Nordh,W,UTA,500000,1,,,,,0,,N,,,,,0,,,0,64,0,0,,0,,,,,,0,,,,,,,,,,,,,,,,,
8480875,,Niklas Nordgren,Nordgren,W,CHI,500000,0,,,,,0,,N,,,,,0,,,0,36,0,0,,0,,,,,,0,,,,,,,,,0,,,,,,,,
8483670,,Filip Nordberg,Nordberg,D,OTT,500000,1,,,,,0,,F,,,,,0,,,0,50,0,0,,0,,,,,,0,,,,,,,,,,,,,,,,,
8476354,,Garrett Noonan,Noonan,D,NSH,500000,0,,,,,0,,G,,,,,0,,,0,48,0,0,,0,,,,,,0,,,,,,,,,0,,,,,,,,
8475325,,Jordan Nolan,Nolan,C,STL,500000,0,,,,,0,,J,,,,,0,,,0,55,0,0,,0,,,,,,0,,,,,,,,,0,,,,,,,,
8478031,,Nelson Nogier,Nogier,D,LAK,500000,0,,,,,0,,N,,,,,0,,,0,43,0,0,,0,,,,,,0,,,,,,,,,0,,,,,,,,
8476474,,Stefan Noesen,Noesen,W,NJD,3900000,1,20,25.120482,25,,0,,S,0,23,5,0,0,157,15:58,0,49,1,0,20251009,0,33,83,,1,0,0,,-12,64,2085.00,11,00:00,43,0,3400000,0,172,0,,,,2025-10-04,2025-10-04
8478412,,Nathan Noel,Noel,C,PHI,500000,0,,,,,0,,N,,,,,0,,,0,51,0,0,,0,,,,,,0,,,,,,,,,0,,,,,,,,
8480214,,David Noel,Noel,D,STL,500000,0,,,,,0,,D,,,,,0,,,0,55,0,0,,0,,,,,,0,,,,,,,,,0,,,,,,,,
8480856,,Serron Noel,Noel,W,FLA,500000,0,,,,,0,,S,,,,,0,,,0,42,0,0,,0,,,,,,0,,,,,,,,,0,,,,,,,,
8481723,,Joshua Nodler,Nodler,C,CAL,500000,0,,,,,0,,J,,,,,0,,,0,34,0,0,,0,,,,,,0,,,,,,,,,0,,,,,,,,
8485575,,Mateo Nobert,Nobert,C,VGK,500000,1,,,,,0,,M,,,,,0,,,0,62,0,0,,0,,,,,,0,,,,,,,,,,,,,,,,,
8471702,,Matt Niskanen,Niskanen,D,PHI,500000,0,,,,,0,,M,,,,,0,,,0,51,0,0,,0,,,,,,0,,,,,,,,,-2560000,,,,,,,,
8484161,,Noah Dower Nilsson,Nilsson,W,DET,500000,1,,,,,0,,N,,,,,0,,,0,40,0,0,,0,,,,,,0,,,,,,,,,,,,,,,,,
8484206,,Felix Nilsson,Nilsson,C,NSH,500000,1,,,,,0,,F,,,,,0,,,0,48,0,0,,0,,,,,,0,,,,,,,,,,,,,,,,,
8475195,,Anders Nilsson,Nilsson,G,TBL,500000,0,,,,,0,,A,,,,,0,,,0,56,0,0,,0,,,,,,0,,,,,,,,,-1860000,,,,,,,,
8476424,,Tom Nilsson,Nilsson,D,VAN,500000,0,,,,,0,,T,,,,,0,,,0,58,0,0,,0,,,,,,0,,,,,,,,,0,,,,,,,,
8480954,,Jacob Nilsson,Nilsson,C,CHI,500000,0,,,,,0,,J,,,,,0,,,0,36,0,0,,0,,,,,,0,,,,,,,,,0,,,,,,,,
8482764,,Liam Dower Nilsson,Nilsson,C,DET,500000,0,,,,,0,,L,,,,,0,,,0,40,0,0,,0,,,,,,0,,,,,,,,,0,,,,,,,,
8485417,,Eric Nilson,Nilson,C,ANA,500000,1,,,,,0,,E,,,,,0,,,0,31,0,0,,0,,,,,,0,,,,,,,,,,,,,,,,,
8468511,,Ilya Nikulin,Nikulin,D,WPG,500000,0,,,,,0,,I,,,,,0,,,0,60,0,0,,0,,,,,,0,,,,,,,,,0,,,,,,,,
8478915,,Sami Niku,Niku,D,MTL,500000,0,,,,,0,,S,,,,,0,,,0,45,0,0,,0,,,,,,0,,,,,,,,,0,,,,,,,,
8481590,,Ilya Nikolaev,Nikolaev,C,CAL,500000,0,,,,,0,,I,,,,,0,,,0,34,0,0,,0,,,,,,0,,,,,,,,,0,,,,,,,,
8481695,,Henri Nikkanen,Nikkanen,C,WPG,500000,0,,,,,0,,H,,,,,0,,,0,60,0,0,,0,,,,,,0,,,,,,,,,0,,,,,,,,
8484489,,Vladimir Nikitin,Nikitin,G,OTT,500000,1,,,,,0,,V,,,,,0,,,0,50,0,0,,0,,,,,,0,,,,,,,,,,,,,,,,,
8471348,,Nikita Nikitin,Nikitin,D,EDM,500000,0,,,,,0,,N,,,,,0,,,0,41,0,0,,0,,,,,,0,,,,,,,,,0,,,,,,,,
8482100,,Alexander Nikishin,Nikishin,D,CAR,500000,1,1,9.250000,2,,0,,A,0,0,0,0,0,17,15:59,0,35,0,0,,0,2,4,,0,0,0,,-5,6,37.00,0,00:00,1,0,0,0,3,0,,,,,
8483120,,Logan Nijhoff,Nijhoff,C,ANA,500000,0,,,,,0,,L,,,,,0,,,0,31,0,0,,0,,,,,,0,,,,,,,,,0,,,,,,,,
8476922,,Boo Nieves,Nieves,C,TBL,500000,0,,,,,0,,B,,,,,0,,,0,56,0,0,,0,,,,,,0,,,,,,,,,0,,,,,,,,
8476442,,Matt Nieto,Nieto,W,PIT,730000,1,2,5.781250,19,,0,,M,0,1,0,0,0,39,12:15,0,53,0,0,,0,14,32,,0,0,0,,-8,4,185.00,0,00:00,3,0,-590000,0,31,0,,,,,
8485636,,Daniel Nieminen,Nieminen,D,NSH,500000,1,,,,,0,,D,,,,,0,,,0,48,0,0,,0,,,,,,0,,,,,,,,,,,,,,,,,
8474550,,Antti Niemi,Niemi,G,MTL,500000,0,,,,,0,,A,,,,,0,,,0,45,0,0,,0,,,,,,0,,,,,,,,,0,,,,,,,,
8479338,,Markus Niemelainen,Niemelainen,D,EDM,500000,0,,,,,0,,M,,,,,0,,,0,41,0,0,,0,,,,,,0,,,,,,,,,0,,,,,,,,
8482158,,Topi Niemela,Niemela,D,TOR,500000,1,,,,,0,,T,,,,,0,,,0,57,0,0,,0,,,,,,0,,,,,,,,,0,,,,,,,,
8470144,,Frans Nielsen,Nielsen,C,DET,500000,0,,,,,0,,F,,,,,0,,,0,40,0,0,,0,,,,,,0,,,,,,,,,-510000,,,,,,,,
8478518,,Andrew Nielsen,Nielsen,D,CAL,500000,0,,,,,0,,A,,,,,0,,,0,34,0,0,,0,,,,,,0,,,,,,,,,0,,,,,,,,
8483039,,Tristen Nielsen,Nielsen,C,VAN,500000,0,,,,,0,,T,,,,,0,,,0,58,0,0,,0,,,,,,0,,,,,,,,,0,,,,,,,,
8475799,,Nino Niederreiter,Niederreiter,W,WPG,3970000,1,22,23.484211,42,,0,,N,0,21,3,0,0,192,14:56,0,60,0,0,,0,28,95,,0,0,0,,13,34,2231.00,5,00:00,43,0,-290000,0,173,0,,,,,
8482140,,Theodor Niederbach,Niederbach,C,DET,500000,0,,,,,0,,T,,,,,0,,,0,40,0,0,,0,,,,,,0,,,,,,,,,0,,,,,,,,
8482127,,Thimo Nickl,Nickl,D,ANA,500000,0,,,,,0,,T,,,,,0,,,0,31,0,0,,0,,,,,,0,,,,,,,,,0,,,,,,,,
8477501,,Valeri Nichushkin,Nichushkin,W,COL,4990000,1,14,32.720000,25,,0,,V,0,24,0,0,0,75,19:43,0,37,0,0,,0,14,50,,0,0,0,,12,8,1636.00,5,00:00,38,0,1860000,0,131,0,,,,,
8478546,,Justin Nichols,Nichols,G,TOR,500000,0,,,,,0,,J,,,,,0,,,0,57,0,0,,0,,,,,,0,,,,,,,,,0,,,,,,,,
8475882,,Josh Nicholls,Nicholls,W,NYR,500000,0,,,,,0,,J,,,,,0,,,0,47,0,0,,0,,,,,,0,,,,,,,,,0,,,,,,,,
8485087,,William Nicholl,Nicholl,C,EDM,500000,1,,,,,0,,W,,,,,0,,,0,41,0,0,,0,,,,,,0,,,,,,,,,,,,,,,,,
8480329,,Schilkey Nicholas,Nicholas,W,FA,500000,0,,,,,0,,S,,,,,0,,,0,0,0,0,,0,,,,,,0,,,,,,,,,0,,,,,,,,
8483779,,Marcus Nguyen,Nguyen,W,TOR,500000,0,,,,,0,,M,,,,,0,,,0,57,0,0,,0,,,,,,0,,,,,,,,,,,,,,,,,
8481666,,Reece Newkirk,Newkirk,C,NYI,500000,0,,,,,0,,R,,,,,0,,,0,46,0,0,,0,,,,,,0,,,,,,,,,0,,,,,,,,
8481618,,Alex Newhook,Newhook,C,MTL,2090000,1,12,12.896552,32,,0,,A,0,16,3,0,0,91,15:09,0,45,0,0,,0,33,87,,0,0,0,,-24,28,1122.00,2,00:00,28,0,-80000,0,126,0,,,,,
8483925,,Jacob Newcombe,Newcombe,W,OTT,500000,0,,,,,0,,J,,,,,0,,,0,50,0,0,,0,,,,,,0,,,,,,,,,,,,,,,,,
8477742,,Jack Nevins,Nevins,W,BUF,500000,0,,,,,0,,J,,,,,0,,,0,33,0,0,,0,,,,,,0,,,,,,,,,0,,,,,,,,
8473607,,Michal Neuvirth,Neuvirth,G,PHI,500000,0,,,,,0,,M,,,,,0,,,0,51,0,0,,0,,,,,,0,,,,,,,,,0,,,,,,,,
8481100,,Brett Neumann,Neumann,C,TOR,500000,0,,,,,0,,B,,,,,0,,,0,57,0,0,,0,,,,,,0,,,,,,,,,0,,,,,,,,
8485446,,Elijah Neuenschwander,Neuenschwander,G,ANA,500000,1,,,,,0,,E,,,,,0,,,0,31,0,0,,0,,,,,,0,,,,,,,,,,,,,,,,,
8483496,,Viktor Neuchev,Neuchev,W,BUF,500000,1,,,,,0,,V,,,,,0,,,0,33,0,0,,0,,,,,,0,,,,,,,,,,,,,,,,,
8485410,,Vaclav Nestrasil,Nestrasil,W,CHI,1140000,1,,,,,0,,V,,,,,0,,,0,36,0,0,,0,,,,,,0,,,,,,,,,,,,,,,,,
8475250,,Andrej Nestrasil,Nestrasil,C,CAR,500000,0,,,,,0,,A,,,,,0,,,0,35,0,0,,0,,,,,,0,,,,,,,,,0,,,,,,,,
8476300,,Nikita Nesterov,Nesterov,D,CAL,500000,0,,,,,0,,N,,,,,0,,,0,34,0,0,,0,,,,,,0,,,,,,,,,-470000,,,,,,,,
8481754,,Nikita Nesterenko,Nesterenko,C,ANA,1620000,1,2,13.100000,7,,0,,N,0,4,0,0,0,46,10:19,0,31,0,0,,0,9,20,,0,0,0,,-4,2,262.00,0,00:00,6,0,1120000,0,20,0,,,,,
8474604,,Aaron Ness,Ness,D,ARI,500000,0,,,,,0,,A,,,,,0,,,0,52,0,0,,0,,,,,,0,,,,,,,,,-50000,,,,,,,,
8485409,,Jack Nesbitt,Nesbitt,C,PHI,2180000,1,,,,,0,,J,,,,,0,,,0,51,0,0,,0,,,,,,0,,,,,,,,,,,,,,,,,
8468643,,Ivan Nepryayev,Nepryayev,C,WSH,500000,0,,,,,0,,I,,,,,0,,,0,59,0,0,,0,,,,,,0,,,,,,,,,0,,,,,,,,
8475747,,Patrik Nemeth,Nemeth,D,ARI,500000,0,,,,,0,,P,,,,,0,,,0,52,0,0,,0,,,,,,0,,,,,,,,,-1660000,,,,,,,,
8483495,,Simon Nemec,Nemec,D,NJD,1460000,1,3,9.709677,28,,0,,S,0,3,2,0,0,4,15:43,0,49,0,0,,0,14,31,,1,0,0,,-7,16,301.00,0,00:00,6,0,,0,32,0,,,,,
8475754,,Brock Nelson,Nelson,C,COL,4640000,1,34,28.632184,49,,0,,B,0,26,7,0,0,43,18:45,0,37,0,0,,0,32,87,,1,0,0,,10,20,2491.00,3,00:00,60,0,840000,3,206,0,,,,,
8483494,,Ty Nelson,Nelson,D,SEA,500000,1,,,,,0,,T,,,,,0,,,0,63,0,0,,0,,,,,,0,,,,,,,,,,,,,,,,,
8484205,,Danny Nelson,Nelson,C,NYI,500000,1,,,,,0,,D,,,,,0,,,0,46,0,0,,0,,,,,,0,,,,,,,,,,,,,,,,,
8479268,,Casey Nelson,Nelson,D,BUF,500000,0,,,,,0,,C,,,,,0,,,0,33,0,0,,0,,,,,,0,,,,,,,,,0,,,,,,,,
8484899,,Jaxon Nelson,Nelson,C,BOS,500000,0,,,,,0,,J,,,,,0,,,0,32,0,0,,0,,,,,,0,,,,,,,,,,,,,,,,,
8479958,,Chris Nell,Nell,G,NYR,500000,0,,,,,0,,C,,,,,0,,,0,47,0,0,,0,,,,,,0,,,,,,,,,0,,,,,,,,
8477561,,Richard Nejezchleb,Nejezchleb,W,NYR,500000,0,,,,,0,,R,,,,,0,,,0,47,0,0,,0,,,,,,0,,,,,,,,,0,,,,,,,,
8478253,,Carl Neill,Neill,D,VAN,500000,0,,,,,0,,C,,,,,0,,,0,58,0,0,,0,,,,,,0,,,,,,,,,0,,,,,,,,
8467493,,Chris Neil,Neil,W,OTT,500000,0,,,,,0,,C,,,,,0,,,0,50,0,0,,0,,,,,,0,,,,,,,,,0,,,,,,,,
8482089,,Jake Neighbours,Neighbours,W,STL,4550000,1,29,27.112360,58,,0,,J,0,23,3,0,0,208,16:03,0,55,0,0,,0,32,89,,1,0,0,,-2,72,2413.00,6,00:00,52,0,4050000,0,130,0,,,,,
8484204,,Zach Nehring,Nehring,W,WPG,500000,1,,,,,0,,Z,,,,,0,,,0,60,0,0,,0,,,,,,0,,,,,,,,,,,,,,,,,
8476327,,Richard Nedomlel,Nedomlel,D,DET,500000,0,,,,,0,,R,,,,,0,,,0,40,0,0,,0,,,,,,0,,,,,,,,,0,,,,,,,,
8477968,,Alex Nedeljkovic,Nedeljkovic,G,PIT,3810000,1,2,30.473684,0,,0,,A,112,1,0,14,0,0,56:36,0,53,0,0,,0,18,38,,0,5,0,,0,0,1158.00,0,00:00,3,944,-5490000,0,0,1,,89.4,,,
8480039,,Martin Necas,Necas,C,COL,6110000,1,61,38.104651,24,,0,,M,0,28,8,0,0,78,19:09,0,37,0,0,,0,26,86,,0,0,0,,7,16,3277.00,12,00:00,89,0,1130000,0,210,0,,,,,
8481748,,Logan Neaton,Neaton,G,WPG,500000,0,,,,,0,,L,,,,,0,,,0,60,0,0,,0,,,,,,0,,,,,,,,,0,,,,,,,,
8471707,,James Neal,Neal,W,STL,500000,0,,,,,0,,J,,,,,0,,,0,55,0,0,,0,,,,,,0,,,,,,,,,-1470000,,,,,,,,
8483493,,Frank Nazar,Nazar,C,CHI,2480000,1,14,18.735849,32,,0,,F,0,12,2,0,0,30,15:52,0,36,0,0,,0,28,53,,1,0,0,,-11,24,993.00,1,00:00,26,0,,1,91,0,,,,,
8482734,,Evan Nause,Nause,D,FLA,500000,1,,,,,0,,E,,,,,0,,,0,42,0,0,,0,,,,,,0,,,,,,,,,0,,,,,,,,
8482899,,Yegor Naumov,Naumov,G,CAR,500000,1,,,,,0,,Y,,,,,0,,,0,35,0,0,,0,,,,,,0,,,,,,,,,0,,,,,,,,
8475198,,Joonas Nattinen,Nattinen,C,MTL,500000,0,,,,,0,,J,,,,,0,,,0,45,0,0,,0,,,,,,0,,,,,,,,,0,,,,,,,,
8478419,,Julius Nattinen,Nattinen,C,ANA,500000,0,,,,,0,,J,,,,,0,,,0,31,0,0,,0,,,,,,0,,,,,,,,,0,,,,,,,,
8477469,,Zach Nastasiuk,Nastasiuk,W,DET,500000,0,,,,,0,,Z,,,,,0,,,0,40,0,0,,0,,,,,,0,,,,,,,,,0,,,,,,,,
8484488,,Casper Nassen,Nassen,W,BOS,500000,1,,,,,0,,C,,,,,0,,,0,32,0,0,,0,,,,,,0,,,,,,,,,,,,,,,,,
8479517,,Linus Nassen,Nassen,D,FLA,500000,0,,,,,0,,L,,,,,0,,,0,42,0,0,,0,,,,,,0,,,,,,,,,0,,,,,,,,
8474062,,Riley Nash,Nash,C,NYR,500000,1,,,,,0,,R,,,,,0,,,0,47,0,0,,0,,,,,,0,,,,,,,,,-860000,,,,,,,,
8470041,,Rick Nash,Nash,W,BOS,500000,0,,,,,0,,R,,,,,0,,,0,32,0,0,,0,,,,,,0,,,,,,,,,0,,,,,,,,
8483042,,Ty Nash,Nash,W,CAR,500000,0,,,,,0,,T,,,,,0,,,0,35,0,0,,0,,,,,,0,,,,,,,,,0,,,,,,,,
8481495,,Robert Nardella,Nardella,D,WSH,500000,0,,,,,0,,R,,,,,0,,,0,59,0,0,,0,,,,,,0,,,,,,,,,0,,,,,,,,
8483584,,Julian Napravnik,Napravnik,W,WSH,500000,0,,,,,0,,J,,,,,0,,,0,59,0,0,,0,,,,,,0,,,,,,,,,,,,,,,,,
8478130,,Julien Nantel,Nantel,C,COL,500000,0,,,,,0,,J,,,,,0,,,0,37,0,0,,0,,,,,,0,,,,,,,,,0,,,,,,,,
8485622,,Harry Nansi,Nansi,W,TOR,500000,1,,,,,0,,H,,,,,0,,,0,57,0,0,,0,,,,,,0,,,,,,,,,,,,,,,,,
8477048,,Louis Nanne,Nanne,W,MIN,500000,0,,,,,0,,L,,,,,0,,,0,44,0,0,,0,,,,,,0,,,,,,,,,0,,,,,,,,
8478071,,Tyler Nanne,Nanne,D,NYR,500000,0,,,,,0,,T,,,,,0,,,0,47,0,0,,0,,,,,,0,,,,,,,,,0,,,,,,,,
8476480,,Vladislav Namestnikov,Namestnikov,C,WPG,3890000,1,30,23.043956,53,,0,,V,0,14,2,0,0,114,15:16,0,60,0,0,,0,27,91,,0,0,0,,20,54,2097.00,3,00:00,44,0,1860000,0,108,0,,,,,
8478107,,Ivan Nalimov,Nalimov,G,CHI,500000,0,,,,,0,,I,,,,,0,,,0,36,0,0,,0,,,,,,0,,,,,,,,,0,,,,,,,,
8478549,,Kristian Nakyva,Nakyva,D,NSH,500000,0,,,,,0,,K,,,,,0,,,0,48,0,0,,0,,,,,,0,,,,,,,,,0,,,,,,,,
8478562,,Jakub Nakladal,Nakladal,D,CAR,500000,0,,,,,0,,J,,,,,0,,,0,35,0,0,,0,,,,,,0,,,,,,,,,0,,,,,,,,
8483860,,Cole Nagy,Nagy,C,COL,500000,0,,,,,0,,C,,,,,0,,,0,37,0,0,,0,,,,,,0,,,,,,,,,,,,,,,,,
8478041,,Zachary Nagelvoort,Nagelvoort,G,EDM,500000,0,,,,,0,,Z,,,,,0,,,0,41,0,0,,0,,,,,,0,,,,,,,,,0,,,,,,,,
8482746,,Olivier Nadeau,Nadeau,W,BUF,500000,1,,,,,0,,O,,,,,0,,,0,33,0,0,,0,,,,,,0,,,,,,,,,0,,,,,,,,
8484203,,Bradly Nadeau,Nadeau,W,CAR,1250000,1,1,23.500000,1,,0,,B,0,0,0,0,0,2,11:29,0,35,0,0,,0,2,2,,0,0,0,,0,0,47.00,0,00:00,1,0,,0,8,0,,,,,
8483016,,Justin Nachbaur,Nachbaur,W,FLA,500000,0,,,,,0,,J,,,,,0,,,0,42,0,0,,0,,,,,,0,,,,,,,,,0,,,,,,,,
8484996,,Ilya Nabokov,Nabokov,G,COL,500000,1,,,,,0,,I,,,,,0,,,0,37,0,0,,0,,,,,,0,,,,,,,,,,,,,,,,,
8460705,,Evgeni Nabokov,Nabokov,G,SJS,500000,0,,,,,0,,E,,,,,0,,,0,54,0,0,,0,,,,,,0,,,,,,,,,0,,,,,,,,
8482136,,Jan Mysak,Mysak,C,ANA,500000,1,,,,,0,,J,,,,,0,,,0,31,0,0,,0,,,,,,0,,,,,,,,,0,,,,,,,,
8482906,,Jonathan Myrenberg,Myrenberg,D,BOS,500000,0,,,,,0,,J,,,,,0,,,0,32,0,0,,0,,,,,,0,,,,,,,,,0,,,,,,,,
8484202,,Sawyer Mynio,Mynio,D,VAN,500000,1,,,,,0,,S,,,,,0,,,0,58,0,0,,0,,,,,,0,,,,,,,,,,,,,,,,,
8474574,,Tyler Myers,Myers,D,VAN,2770000,1,18,20.197183,113,,0,,T,0,6,0,0,0,86,20:48,0,58,0,0,,0,26,71,,0,0,0,,2,74,1434.00,0,00:00,24,0,320000,1,87,0,,,,,
8479026,,Philippe Myers,Myers,D,TOR,1570000,1,3,13.555556,37,,0,,P,0,2,0,0,0,76,16:14,0,57,0,0,,0,12,36,,0,0,0,,0,15,488.00,0,00:00,5,0,-160000,0,46,0,,,,,
8484201,,Nico Myatovic,Myatovic,W,ANA,500000,1,,,,,0,,N,,,,,0,,,0,31,0,0,,0,,,,,,0,,,,,,,,,,,,,,,,,
8474162,,Jake Muzzin,Muzzin,D,TOR,500000,0,,,,,0,,J,,,,,0,,,0,57,0,0,,0,,,,,,0,,,,,,,,,-3820000,,,,,,,,
8484425,,Sutter Muzzatti,Muzzatti,C,NSH,500000,1,,,,,0,,S,,,,,0,,,0,48,0,0,,0,,,,,,0,,,,,,,,,,,,,,,,,
8481817,,Navrin Mutter,Mutter,W,NSH,500000,1,,,,,0,,N,,,,,0,,,0,48,0,0,,0,,,,,,0,,,,,,,,,,,,,,,,,
8485578,,Teddy Mutryn,Mutryn,C,SJS,500000,1,,,,,0,,T,,,,,0,,,0,54,0,0,,0,,,,,,0,,,,,,,,,,,,,,,,,
8481663,,Sasha Mutala,Mutala,W,COL,500000,0,,,,,0,,S,,,,,0,,,0,37,0,0,,0,,,,,,0,,,,,,,,,0,,,,,,,,
8483736,,Tyler Muszelik,Muszelik,G,FLA,500000,1,,,,,0,,T,,,,,0,,,0,42,0,0,,0,,,,,,0,,,,,,,,,,,,,,,,,
8484200,,Quentin Musty,Musty,W,SJS,500000,1,,,,,0,,Q,,,,,0,,,0,54,0,0,,0,,,,,,0,,,,,,,,,,,,,,,,,
8484771,,John Mustard,Mustard,C,CHI,500000,1,,,,,0,,J,,,,,0,,,0,36,0,0,,0,,,,,,0,,,,,,,,,,,,,,,,,
8484199,,Carsen Musser,Musser,G,UTA,500000,1,,,,,0,,C,,,,,0,,,0,64,0,0,,0,,,,,,0,,,,,,,,,,,,,,,,,
8476426,,David Musil,Musil,D,EDM,500000,0,,,,,0,,D,,,,,0,,,0,41,0,0,,0,,,,,,0,,,,,,,,,0,,,,,,,,
8478423,,Adam Musil,Musil,C,STL,500000,0,,,,,0,,A,,,,,0,,,0,55,0,0,,0,,,,,,0,,,,,,,,,0,,,,,,,,
8485408,,Jack Murtagh,Murtagh,W,PHI,500000,1,,,,,0,,J,,,,,0,,,0,51,0,0,,0,,,,,,0,,,,,,,,,,,,,,,,,
8476899,,Matt Murray,Murray,G,TOR,1060000,1,0,14.666667,0,,0,,M,8,0,0,1,0,0,44:05,0,57,0,0,,0,2,3,,0,0,0,,0,0,44.00,0,00:00,0,57,-2510000,0,0,0,,87.7,,,
8483575,,Matt Murray,Murray,G,NSH,780000,1,,,,,0,,M,,,,,0,,,0,48,0,0,,0,,,,,,0,,,,,,,,,,,,,,,,,
8476850,,Ryan Murray,Murray,D,EDM,500000,0,,,,,0,,R,,,,,0,,,0,41,0,0,,0,,,,,,0,,,,,,,,,-1240000,,,,,,,,
8479419,,Brett Murray,Murray,W,BUF,500000,0,0,-4.666667,0,,0,,B,0,0,0,0,0,3,07:55,0,33,0,0,,0,1,3,,0,0,0,,-2,0,-14.00,0,00:00,0,0,-160000,0,0,0,,,,,
8479608,,James Murray,Murray,G,SJS,500000,0,,,,,0,,J,,,,,0,,,0,54,0,0,,0,,,,,,0,,,,,,,,,0,,,,,,,,
8480098,,Jordan Murray,Murray,D,FA,500000,0,,,,,0,,J,,,,,0,,,0,0,0,0,,0,,,,,,0,,,,,,,,,0,,,,,,,,
8481677,,Blake Murray,Murray,C,CAR,500000,0,,,,,0,,B,,,,,0,,,0,35,0,0,,0,,,,,,0,,,,,,,,,0,,,,,,,,
8483790,,Jacob Murray,Murray,D,DAL,500000,0,,,,,0,,J,,,,,0,,,0,39,0,0,,0,,,,,,0,,,,,,,,,,,,,,,,,
8476473,,Connor Murphy,Murphy,D,CHI,2620000,1,17,19.235294,140,,0,,C,0,2,0,0,0,117,20:37,0,36,0,0,,0,39,68,,0,0,0,,-2,52,1308.00,0,00:00,19,0,-100000,0,84,0,,,,,
8485641,,Will Murphy,Murphy,D,DET,500000,1,,,,,0,,W,,,,,0,,,0,40,0,0,,0,,,,,,0,,,,,,,,,,,,,,,,,
8476465,,Ryan Murphy,Murphy,D,NJD,500000,0,,,,,0,,R,,,,,0,,,0,49,0,0,,0,,,,,,0,,,,,,,,,0,,,,,,,,
8477325,,Wade Murphy,Murphy,W,NSH,500000,0,,,,,0,,W,,,,,0,,,0,48,0,0,,0,,,,,,0,,,,,,,,,0,,,,,,,,
8477514,,Matt Murphy,Murphy,D,PIT,500000,0,,,,,0,,M,,,,,0,,,0,53,0,0,,0,,,,,,0,,,,,,,,,0,,,,,,,,
8477634,,Trevor Murphy,Murphy,D,ARI,500000,0,,,,,0,,T,,,,,0,,,0,52,0,0,,0,,,,,,0,,,,,,,,,0,,,,,,,,
8478938,,Cody Murphy,Murphy,W,WSH,500000,0,,,,,0,,C,,,,,0,,,0,59,0,0,,0,,,,,,0,,,,,,,,,0,,,,,,,,
8482804,,Ty Murchison,Murchison,D,PHI,500000,1,,,,,0,,T,,,,,0,,,0,51,0,0,,0,,,,,,0,,,,,,,,,0,,,,,,,,
8468754,,Evgeny Muratov,Muratov,W,EDM,500000,0,,,,,0,,E,,,,,0,,,0,41,0,0,,0,,,,,,0,,,,,,,,,0,,,,,,,,
8483703,,Sergei Murashov,Murashov,G,PIT,500000,1,,,,,0,,S,,,,,0,,,0,53,0,0,,0,,,,,,0,,,,,,,,,,,,,,,,,
8485248,,Maxim Muranov,Muranov,W,TOR,500000,0,,,,,0,,M,,,,,0,,,0,57,0,0,,0,,,,,,0,,,,,,,,,,,,,,,,,
8482864,,Luca Munzenberger,Munzenberger,D,EDM,500000,1,,,,,0,,L,,,,,0,,,0,41,0,0,,0,,,,,,0,,,,,,,,,0,,,,,,,,
8475773,,James Mullin,Mullin,C,TBL,500000,0,,,,,0,,J,,,,,0,,,0,56,0,0,,0,,,,,,0,,,,,,,,,0,,,,,,,,
8475096,,Patrick Mullen,Mullen,D,OTT,500000,0,,,,,0,,P,,,,,0,,,0,50,0,0,,0,,,,,,0,,,,,,,,,0,,,,,,,,
8483753,,Joey Muldowney,Muldowney,W,SJS,500000,1,,,,,0,,J,,,,,0,,,0,54,0,0,,0,,,,,,0,,,,,,,,,,,,,,,,,
8484445,,Timur Mukhanov,Mukhanov,W,CAR,500000,1,,,,,0,,T,,,,,0,,,0,35,0,0,,0,,,,,,0,,,,,,,,,,,,,,,,,
8482166,,Shakir Mukhamadullin,Mukhamadullin,D,SJS,1580000,1,7,12.500000,43,,0,,S,0,2,0,0,0,25,18:04,0,54,0,0,,0,20,30,,0,0,0,,-7,8,375.00,0,00:00,9,0,1080000,0,30,0,,,,,
8477439,,Aidan Muir,Muir,W,EDM,500000,0,,,,,0,,A,,,,,0,,,0,41,0,0,,0,,,,,,0,,,,,,,,,0,,,,,,,,
8485041,,Niilopekka Muhonen,Muhonen,D,DAL,500000,1,,,,,0,,N,,,,,0,,,0,39,0,0,,0,,,,,,0,,,,,,,,,,,,,,,,,
8484772,,Leon Muggli,Muggli,D,WSH,500000,1,,,,,0,,L,,,,,0,,,0,59,0,0,,0,,,,,,0,,,,,,,,,,,,,,,,,
8484406,,Ty Mueller,Mueller,C,VAN,610000,1,0,8.000000,3,,0,,T,0,0,0,0,0,1,10:18,0,58,0,0,,0,0,2,,0,0,0,,0,2,16.00,0,00:00,0,0,,0,1,0,,,,,
8474535,,Chris Mueller,Mueller,C,ANA,500000,0,,,,,0,,C,,,,,0,,,0,31,0,0,,0,,,,,,0,,,,,,,,,0,,,,,,,,
8475950,,Marcel Mueller,Mueller,C,TOR,500000,0,,,,,0,,M,,,,,0,,,0,57,0,0,,0,,,,,,0,,,,,,,,,0,,,,,,,,
8477509,,Mirco Mueller,Mueller,D,NJD,500000,0,,,,,0,,M,,,,,0,,,0,49,0,0,,0,,,,,,0,,,,,,,,,0,,,,,,,,
8485404,,Radim Mrtka,Mrtka,D,BUF,2420000,1,,,,,0,,R,,,,,0,,,0,33,1,0,20251009,0,,,,,,0,,,,,,,,,,,,,,,,2025-10-04,2025-10-04
8485021,,Tomas Mrsic,Mrsic,C,STL,500000,1,,,,,0,,T,,,,,0,,,0,55,0,0,,0,,,,,,0,,,,,,,,,,,,,,,,,
8475852,,Petr Mrazek,Mrazek,G,DET,2900000,1,0,22.631579,0,,0,,P,116,0,0,12,0,0,54:44,0,40,0,0,,0,22,38,,0,2,0,,0,0,860.00,0,00:00,0,950,-4790000,0,0,1,,89.1,,,
8470253,,Sergei Mozyakin,Mozyakin,W,CBJ,500000,0,,,,,0,,S,,,,,0,,,0,38,0,0,,0,,,,,,0,,,,,,,,,0,,,,,,,,
8478584,,Vojtech Mozik,Mozik,D,NJD,500000,0,,,,,0,,V,,,,,0,,,0,49,0,0,,0,,,,,,0,,,,,,,,,0,,,,,,,,
8485002,,Pavel Moysevich,Moysevich,G,VGK,500000,1,,,,,0,,P,,,,,0,,,0,62,0,0,,0,,,,,,0,,,,,,,,,,,,,,,,,
8481694,,Patrick Moynihan,Moynihan,W,LAK,500000,0,,,,,0,,P,,,,,0,,,0,43,0,0,,0,,,,,,0,,,,,,,,,0,,,,,,,,
8478896,,Tyler Moy,Moy,C,NSH,500000,0,,,,,0,,T,,,,,0,,,0,48,0,0,,0,,,,,,0,,,,,,,,,0,,,,,,,,
8479421,,Jacob Moverare,Moverare,D,LAK,1340000,1,7,9.647059,60,,0,,J,0,1,0,0,0,31,11:30,0,43,0,0,,0,15,51,,0,0,0,,2,10,492.00,0,00:00,8,0,840000,0,30,0,,,,,
8477430,,Nick Moutrey,Moutrey,C,OTT,500000,0,,,,,0,,N,,,,,0,,,0,50,0,0,,0,,,,,,0,,,,,,,,,0,,,,,,,,
8470852,,Matt Moulson,Moulson,W,BUF,500000,0,,,,,0,,M,,,,,0,,,0,33,0,0,,0,,,,,,0,,,,,,,,,0,,,,,,,,
8476147,,Kael Mouillierat,Mouillierat,W,PIT,500000,0,,,,,0,,K,,,,,0,,,0,53,0,0,,0,,,,,,0,,,,,,,,,0,,,,,,,,
8477353,,Tyler Motte,Motte,C,DET,1210000,1,5,9.072727,45,,0,,T,0,4,0,0,0,72,11:19,0,40,0,0,,0,24,55,,0,0,0,,-11,6,499.00,0,00:00,9,0,-1850000,0,66,0,,,,,
8482992,,Simon Motew,Motew,D,MTL,500000,0,,,,,0,,S,,,,,0,,,0,45,0,0,,0,,,,,,0,,,,,,,,,0,,,,,,,,
8469664,,David Moss,Moss,W,ARI,500000,0,,,,,0,,D,,,,,0,,,0,52,0,0,,0,,,,,,0,,,,,,,,,0,,,,,,,,
8485449,,Ryland Mosley,Mosley,W,CBJ,500000,1,,,,,0,,R,,,,,0,,,0,38,0,0,,0,,,,,,0,,,,,,,,,,,,,,,,,
8481158,,William Moskal,Moskal,C,CBJ,500000,0,,,,,0,,W,,,,,0,,,0,38,0,0,,0,,,,,,0,,,,,,,,,0,,,,,,,,
8485605,,Shamar Moses,Moses,W,FLA,500000,1,,,,,0,,S,,,,,0,,,0,42,0,0,,0,,,,,,0,,,,,,,,,,,,,,,,,
8482655,,J.J. Moser,Moser,D,TBL,2350000,1,12,16.000000,78,,0,,J,0,2,0,0,0,35,18:33,0,56,0,0,,0,21,59,,0,0,0,,18,22,944.00,0,00:00,14,0,1850000,1,51,0,,,,,
8477666,,Simon Moser,Moser,C,NSH,500000,0,,,,,0,,S,,,,,0,,,0,48,0,0,,0,,,,,,0,,,,,,,,,0,,,,,,,,
8484821,,Sam Morton,Morton,C,CAL,500000,1,0,67.000000,1,,0,,S,0,1,1,0,0,4,12:25,0,34,0,0,,0,0,1,,0,0,0,,1,0,67.00,0,00:00,1,0,,0,1,0,,,,,
8482666,,Scott Morrow,Morrow,D,NYR,1590000,1,5,12.736842,17,,0,,S,0,1,0,0,0,4,14:24,0,47,0,0,,0,11,19,,0,0,0,,-1,2,242.00,0,00:00,6,0,1090000,0,27,0,,,,,
8466160,,Brenden Morrow,Morrow,W,TBL,500000,0,,,,,0,,B,,,,,0,,,0,56,0,0,,0,,,,,,0,,,,,,,,,0,,,,,,,,
8476476,,Joe Morrow,Morrow,D,WPG,500000,0,,,,,0,,J,,,,,0,,,0,60,0,0,,0,,,,,,0,,,,,,,,,0,,,,,,,,
8477504,,Josh Morrissey,Morrissey,D,WPG,5100000,1,54,30.695652,124,,0,,J,0,14,2,0,0,70,23:58,0,60,0,0,,0,26,92,,1,0,0,,17,30,2824.00,3,00:00,68,0,1980000,0,193,0,,,,,
8483012,,Logan Morrison,Morrison,C,SEA,500000,1,,,,,0,,L,,,,,0,,,0,63,0,0,,0,,,,,,0,,,,,,,,,0,,,,,,,,
8478849,,Brad Morrison,Morrison,C,CHI,500000,0,,,,,0,,B,,,,,0,,,0,36,0,0,,0,,,,,,0,,,,,,,,,0,,,,,,,,
8479386,,Cam Morrison,Morrison,W,CHI,500000,0,,,,,0,,C,,,,,0,,,0,36,0,0,,0,,,,,,0,,,,,,,,,0,,,,,,,,
8480894,,Ivan Morozov,Morozov,C,VGK,500000,1,,,,,0,,I,,,,,0,,,0,62,0,0,,0,,,,,,0,,,,,,,,,0,,,,,,,,
8484399,,Vadim Moroz,Moroz,W,UTA,500000,1,,,,,0,,V,,,,,0,,,0,64,0,0,,0,,,,,,0,,,,,,,,,,,,,,,,,
8476862,,Mitchell Moroz,Moroz,W,EDM,500000,0,,,,,0,,M,,,,,0,,,0,41,0,0,,0,,,,,,0,,,,,,,,,0,,,,,,,,
8484198,,Etienne Morin,Morin,D,CAL,500000,1,,,,,0,,E,,,,,0,,,0,34,0,0,,0,,,,,,0,,,,,,,,,,,,,,,,,
8471474,,Travis Morin,Morin,C,DAL,500000,0,,,,,0,,T,,,,,0,,,0,39,0,0,,0,,,,,,0,,,,,,,,,0,,,,,,,,
8475214,,Jeremy Morin,Morin,W,TBL,500000,0,,,,,0,,J,,,,,0,,,0,56,0,0,,0,,,,,,0,,,,,,,,,0,,,,,,,,
8477502,,Samuel Morin,Morin,W,PHI,500000,0,,,,,0,,S,,,,,0,,,0,51,0,0,,0,,,,,,0,,,,,,,,,-770000,,,,,,,,
8485053,,Jonathan Morello,Morello,C,BOS,500000,1,,,,,0,,J,,,,,0,,,0,32,0,0,,0,,,,,,0,,,,,,,,,,,,,,,,,
8481462,,M. Morelli,Morelli,W,VGK,500000,0,0,-2.000000,0,,0,,M,0,0,0,0,0,4,07:31,0,62,0,0,,0,0,1,,0,0,0,,-1,0,-2.00,0,00:00,0,0,,0,0,0,,,,,
8483729,,Matthew Morden,Morden,D,UTA,500000,1,,,,,0,,M,,,,,0,,,0,64,0,0,,0,,,,,,0,,,,,,,,,,,,,,,,,
8480952,,Michal Moravcik,Moravcik,D,MTL,500000,0,,,,,0,,M,,,,,0,,,0,45,0,0,,0,,,,,,0,,,,,,,,,0,,,,,,,,
8480030,,Antoine Morand,Morand,C,SJS,500000,0,,,,,0,,A,,,,,0,,,0,54,0,0,,0,,,,,,0,,,,,,,,,0,,,,,,,,
8478045,,Brent Moran,Moran,G,DAL,500000,0,,,,,0,,B,,,,,0,,,0,39,0,0,,0,,,,,,0,,,,,,,,,0,,,,,,,,
8479675,,Trevor Moore,Moore,W,LAK,4220000,1,24,25.896104,37,,0,,T,0,20,2,0,0,87,17:07,0,43,0,0,,0,26,77,,0,0,0,,20,14,1994.00,1,00:00,44,0,2110000,1,167,0,,,,,
8482178,,Ian Moore,Moore,D,ANA,860000,1,1,15.666667,1,,0,,I,0,0,0,0,0,1,13:38,0,31,0,0,,0,1,3,,0,0,0,,1,0,47.00,0,00:00,1,0,360000,0,4,0,,,,,
8484197,,Oliver Moore,Moore,C,CHI,1230000,1,4,14.222222,2,,0,,O,0,0,0,0,0,6,13:35,0,36,0,0,,0,3,9,,0,0,0,,-2,4,128.00,0,00:00,4,0,,0,10,0,,,,,
8484876,,Javon Moore,Moore,W,OTT,500000,1,,,,,0,,J,,,,,0,,,0,50,0,0,,0,,,,,,0,,,,,,,,,,,,,,,,,
8485403,,William Moore,Moore,C,BOS,500000,1,,,,,0,,W,,,,,0,,,0,32,0,0,,0,,,,,,0,,,,,,,,,,,,,,,,,
8468575,,Dominic Moore,Moore,C,TOR,500000,0,,,,,0,,D,,,,,0,,,0,57,0,0,,0,,,,,,0,,,,,,,,,0,,,,,,,,
8474531,,Mike Moore,Moore,D,WSH,500000,0,,,,,0,,M,,,,,0,,,0,59,0,0,,0,,,,,,0,,,,,,,,,0,,,,,,,,
8475186,,John Moore,Moore,D,ANA,500000,0,,,,,0,,J,,,,,0,,,0,31,0,0,,0,,,,,,0,,,,,,,,,-670000,,,,,,,,
8478222,,Bryan Moore,Moore,W,ANA,500000,0,,,,,0,,B,,,,,0,,,0,31,0,0,,0,,,,,,0,,,,,,,,,0,,,,,,,,
8480390,,Ryan Moore,Moore,C,FA,500000,0,,,,,0,,R,,,,,0,,,0,0,0,0,,0,,,,,,0,,,,,,,,,0,,,,,,,,
8481745,,Cooper Moore,Moore,D,DET,500000,0,,,,,0,,C,,,,,0,,,0,40,0,0,,0,,,,,,0,,,,,,,,,0,,,,,,,,
8483003,,Lleyton Moore,Moore,D,TOR,500000,0,,,,,0,,L,,,,,0,,,0,57,0,0,,0,,,,,,0,,,,,,,,,0,,,,,,,,
8484513,,Lucas Moore,Moore,D,TOR,500000,0,,,,,0,,L,,,,,0,,,0,57,0,0,,0,,,,,,0,,,,,,,,,,,,,,,,,
8485598,,John Mooney,Mooney,C,MTL,500000,1,,,,,0,,J,,,,,0,,,0,45,0,0,,0,,,,,,0,,,,,,,,,,,,,,,,,
8471219,,Al Montoya,Montoya,G,EDM,500000,0,,,,,0,,A,,,,,0,,,0,41,0,0,,0,,,,,,0,,,,,,,,,0,,,,,,,,
8477986,,Brandon Montour,Montour,D,SEA,3450000,1,23,24.641975,94,,0,,B,0,18,4,0,0,83,22:59,0,63,1,0,20251001,0,39,81,,1,0,0,,-22,70,1996.00,5,00:00,41,0,910000,0,231,0,,,,2025-09-26,2025-09-26
8482888,,Bryce Montgomery,Montgomery,D,CAR,500000,1,,,,,0,,B,,,,,0,,,0,35,0,0,,0,,,,,,0,,,,,,,,,0,,,,,,,,
8485016,,Blake Montgomery,Montgomery,W,OTT,500000,1,,,,,0,,B,,,,,0,,,0,50,0,0,,0,,,,,,0,,,,,,,,,,,,,,,,,
8478470,,Sam Montembeault,Montembeault,G,MTL,5780000,1,1,39.107692,0,,0,,S,173,0,0,31,0,0,56:43,0,45,0,0,,0,25,65,,0,8,0,,0,0,2542.00,0,00:00,1,1581,5100000,0,0,4,,90.1,,,
8483082,,Ryan Del Monte,Monte,C,TOR,500000,0,,,,,0,,R,,,,,0,,,0,57,0,0,,0,,,,,,0,,,,,,,,,0,,,,,,,,
8477497,,Sean Monahan,Monahan,C,CBJ,5470000,1,38,41.203704,32,,0,,S,0,19,2,0,0,30,19:01,0,38,0,0,,0,20,54,,0,0,0,,19,20,2225.00,7,00:00,57,0,2520000,0,128,0,,,,,
8474114,,Oscar Moller,Moller,W,LAK,500000,0,,,,,0,,O,,,,,0,,,0,43,0,0,,0,,,,,,0,,,,,,,,,0,,,,,,,,
8479969,,Griffen Molino,Molino,C,VAN,500000,0,,,,,0,,G,,,,,0,,,0,58,0,0,,0,,,,,,0,,,,,,,,,0,,,,,,,,
8485100,,Austin Moline,Moline,D,PHI,500000,1,,,,,0,,A,,,,,0,,,0,51,0,0,,0,,,,,,0,,,,,,,,,,,,,,,,,
8476347,,Emil Molin,Molin,C,DAL,500000,0,,,,,0,,E,,,,,0,,,0,39,0,0,,0,,,,,,0,,,,,,,,,0,,,,,,,,
8484168,,Oscar Fisker Molgaard,Molgaard,C,SEA,500000,1,,,,,0,,O,,,,,0,,,0,63,0,0,,0,,,,,,0,,,,,,,,,,,,,,,,,
8484196,,Tanner Molendyk,Molendyk,D,NSH,500000,1,,,,,0,,T,,,,,0,,,0,48,0,0,,0,,,,,,0,,,,,,,,,,,,,,,,,
8483492,,Nicholas Moldenhauer,Moldenhauer,W,TOR,500000,1,,,,,0,,N,,,,,0,,,0,57,0,0,,0,,,,,,0,,,,,,,,,,,,,,,,,
8481117,,Scott Moldenhauer,Moldenhauer,D,ANA,500000,0,,,,,0,,S,,,,,0,,,0,31,0,0,,0,,,,,,0,,,,,,,,,0,,,,,,,,
8468635,,Travis Moen,Moen,W,DAL,500000,0,,,,,0,,T,,,,,0,,,0,39,0,0,,0,,,,,,0,,,,,,,,,0,,,,,,,,
8485445,,Mason Moe,Moe,C,NJD,500000,1,,,,,0,,M,,,,,0,,,0,49,0,0,,0,,,,,,0,,,,,,,,,,,,,,,,,
8481044,,Jared Moe,Moe,G,WPG,500000,0,,,,,0,,J,,,,,0,,,0,60,0,0,,0,,,,,,0,,,,,,,,,0,,,,,,,,
8481682,,Cole Moberg,Moberg,D,CHI,500000,0,,,,,0,,C,,,,,0,,,0,36,0,0,,0,,,,,,0,,,,,,,,,0,,,,,,,,
8479999,,Casey Mittelstadt,Mittelstadt,C,BOS,2110000,1,25,15.074074,32,,0,,C,0,15,3,0,0,30,17:04,0,32,0,0,,0,33,81,,0,0,0,,-29,24,1221.00,3,00:00,40,0,-140000,0,105,0,,,,,
8482687,,Luke Mittelstadt,Mittelstadt,D,MTL,500000,1,,,,,0,,L,,,,,0,,,0,45,0,0,,0,,,,,,0,,,,,,,,,,,,,,,,,
8480070,,Ian Mitchell,Mitchell,D,DET,670000,1,1,5.800000,23,,0,,I,0,0,0,0,0,5,15:36,0,40,0,0,,0,9,15,,0,0,0,,-2,2,87.00,0,00:00,1,0,-180000,0,10,0,,,,,
8484262,,Travis Mitchell,Mitchell,D,NYI,500000,1,,,,,0,,T,,,,,0,,,0,46,0,0,,0,,,,,,0,,,,,,,,,,,,,,,,,
8465185,,Willie Mitchell,Mitchell,D,FLA,500000,0,,,,,0,,W,,,,,0,,,0,42,0,0,,0,,,,,,0,,,,,,,,,0,,,,,,,,
8470750,,John Mitchell,Mitchell,C,COL,500000,0,,,,,0,,J,,,,,0,,,0,37,0,0,,0,,,,,,0,,,,,,,,,0,,,,,,,,
8471338,,Torrey Mitchell,Mitchell,C,LAK,500000,0,,,,,0,,T,,,,,0,,,0,43,0,0,,0,,,,,,0,,,,,,,,,0,,,,,,,,
8475291,,Garrett Mitchell,Mitchell,W,WSH,500000,0,,,,,0,,G,,,,,0,,,0,59,0,0,,0,,,,,,0,,,,,,,,,0,,,,,,,,
8476619,,Zack Mitchell,Mitchell,W,LAK,500000,0,,,,,0,,Z,,,,,0,,,0,43,0,0,,0,,,,,,0,,,,,,,,,0,,,,,,,,
8479926,,Mason Mitchell,Mitchell,W,WSH,500000,0,,,,,0,,M,,,,,0,,,0,59,0,0,,0,,,,,,0,,,,,,,,,0,,,,,,,,
8481536,,Danil Misyul,Misyul,D,NJD,500000,0,0,-6.000000,1,,0,,D,0,0,0,0,0,1,12:23,0,49,0,0,,0,1,1,,0,0,0,,-1,0,-6.00,0,00:00,0,0,0,0,0,0,,,,,
8478108,,Matthew Mistele,Mistele,W,BOS,500000,0,,,,,0,,M,,,,,0,,,0,32,0,0,,0,,,,,,0,,,,,,,,,0,,,,,,,,
8484599,,Nate Misskey,Misskey,D,SJS,500000,1,,,,,0,,N,,,,,0,,,0,54,0,0,,0,,,,,,0,,,,,,,,,,,,,,,,,
8480061,,Grant Mismash,Mismash,W,TBL,500000,0,,,,,0,,G,,,,,0,,,0,56,0,0,,0,,,,,,0,,,,,,,,,0,,,,,,,,
8480204,,Bryce Misley,Misley,C,MIN,500000,0,,,,,0,,B,,,,,0,,,0,44,0,0,,0,,,,,,0,,,,,,,,,0,,,,,,,,
8480112,,Hunter Miska,Miska,G,COL,500000,0,,,,,0,,H,,,,,0,,,0,37,0,0,,0,,,,,,0,,,,,,,,,0,,,,,,,,
8484195,,Martin Misiak,Misiak,W,CHI,500000,1,,,,,0,,M,,,,,0,,,0,36,0,0,,0,,,,,,0,,,,,,,,,,,,,,,,,
8470796,,Grigory Misharin,Misharin,D,MIN,500000,0,,,,,0,,G,,,,,0,,,0,44,0,0,,0,,,,,,0,,,,,,,,,0,,,,,,,,
8484878,,Luke Misa,Misa,C,CAL,500000,1,,,,,0,,L,,,,,0,,,0,34,0,0,,0,,,,,,0,,,,,,,,,,,,,,,,,
8485402,,Michael Misa,Misa,C,SJS,2980000,1,,,,,0,,M,,,,,0,,,0,54,0,0,,0,,,,,,0,,,,,,,,,,,,,,,,,
8483491,,Ivan Miroshnichenko,Miroshnichenko,W,WSH,1250000,1,3,11.666667,8,,0,,I,0,1,0,0,0,28,09:21,0,59,0,0,,0,4,18,,0,0,0,,1,0,210.00,0,00:00,4,0,,0,14,0,,,,,
8478842,,Andrei Mironov,Mironov,D,COL,500000,0,,,,,0,,A,,,,,0,,,0,37,0,0,,0,,,,,,0,,,,,,,,,0,,,,,,,,
8482624,,Daniil Miromanov,Miromanov,D,CAL,1670000,1,7,12.613636,55,,0,,D,0,2,1,0,0,20,17:41,0,34,0,0,,0,15,44,,0,0,0,,2,12,555.00,0,00:00,9,0,,0,52,0,,,,,
8470660,,Igor Mirnov,Mirnov,C,OTT,500000,0,,,,,0,,I,,,,,0,,,0,50,0,0,,0,,,,,,0,,,,,,,,,0,,,,,,,,
8480055,,Benjamin Mirageas,Mirageas,D,NYI,500000,0,,,,,0,,B,,,,,0,,,0,46,0,0,,0,,,,,,0,,,,,,,,,0,,,,,,,,
8480377,,Artyom Minulin,Minulin,D,MIN,500000,0,,,,,0,,A,,,,,0,,,0,44,0,0,,0,,,,,,0,,,,,,,,,0,,,,,,,,
8483490,,Pavel Mintyukov,Mintyukov,D,ANA,1950000,1,14,14.308824,88,,0,,P,0,5,0,0,0,81,17:36,0,31,0,0,,0,30,68,,0,0,0,,-4,20,973.00,0,00:00,19,0,,0,70,0,,,,,
8483489,,Fraser Minten,Minten,C,BOS,1540000,1,2,12.428571,8,,0,,F,0,3,1,0,0,48,13:01,0,32,0,0,,0,9,21,,0,0,0,,-5,2,261.00,0,00:00,5,0,,0,24,0,,,,,
8484194,,Aram Minnetian,Minnetian,D,DAL,500000,1,,,,,0,,A,,,,,0,,,0,39,0,0,,0,,,,,,0,,,,,,,,,,,,,,,,,
8481529,,Trent Miner,Miner,G,COL,500000,1,0,-1.000000,0,,0,,T,4,0,0,0,0,0,45:49,0,37,0,0,,0,2,2,,0,0,0,,0,0,-2.00,0,00:00,0,29,0,0,0,0,,87.9,,,
8485011,,Jakub Milota,Milota,G,NSH,500000,1,,,,,0,,J,,,,,0,,,0,48,0,0,,0,,,,,,0,,,,,,,,,,,,,,,,,
8477574,,Parker Milner,Milner,G,WSH,500000,0,,,,,0,,P,,,,,0,,,0,59,0,0,,0,,,,,,0,,,,,,,,,0,,,,,,,,
8482829,,Michael Milne,Milne,W,MIN,550000,1,0,6.000000,0,,0,,M,0,0,0,0,0,3,06:34,0,44,0,0,,0,1,1,,0,0,0,,0,0,6.00,0,00:00,0,0,,0,0,0,,,,,
8481658,,Mason Millman,Millman,D,PHI,500000,0,,,,,0,,M,,,,,0,,,0,51,0,0,,0,,,,,,0,,,,,,,,,0,,,,,,,,
8476468,,J.T. Miller,Miller,C,NYR,5030000,1,48,36.638889,40,,0,,J,0,22,2,0,0,168,18:12,0,47,1,0,20251007,0,28,72,,1,0,0,,-6,55,2638.00,5,00:00,70,0,940000,0,136,0,,,,2025-09-30,2025-09-30
8476525,,Colin Miller,Miller,D,WPG,2750000,1,13,17.109375,47,,0,,C,0,4,0,0,0,92,14:34,0,60,0,0,,0,21,64,,0,0,0,,11,42,1095.00,1,00:00,17,0,1170000,0,73,0,,,,,
8480817,,K'Andre Miller,Miller,D,NYR,2530000,1,20,18.797297,99,,0,,K,0,7,1,0,0,106,21:57,0,47,1,0,20251009,0,29,74,,0,0,0,,0,22,1391.00,0,00:00,27,0,320000,0,110,0,,,,2025-09-21,2025-09-21
8482520,,Joe Miller,Miller,C,TOR,500000,1,,,,,0,,J,,,,,0,,,0,57,0,0,,0,,,,,,0,,,,,,,,,0,,,,,,,,
8484416,,Quentin Miller,Miller,G,MTL,500000,1,,,,,0,,Q,,,,,0,,,0,45,0,0,,0,,,,,,0,,,,,,,,,,,,,,,,,
8485024,,Landon Miller,Miller,G,DET,500000,1,,,,,0,,L,,,,,0,,,0,40,0,0,,0,,,,,,0,,,,,,,,,,,,,,,,,
8485608,,Ryan Miller,Miller,C,PIT,500000,1,,,,,0,,R,,,,,0,,,0,53,0,0,,0,,,,,,0,,,,,,,,,,,,,,,,,
8468011,,Ryan Miller,Miller,G,ANA,500000,0,,,,,0,,R,,,,,0,,,0,31,0,0,,0,,,,,,0,,,,,,,,,-1480000,,,,,,,,
8470778,,Drew Miller,Miller,W,DET,500000,0,,,,,0,,D,,,,,0,,,0,40,0,0,,0,,,,,,0,,,,,,,,,0,,,,,,,,
8476191,,Kevan Miller,Miller,D,BOS,500000,0,,,,,0,,K,,,,,0,,,0,32,0,0,,0,,,,,,0,,,,,,,,,-1440000,,,,,,,,
8477249,,Andrew Miller,Miller,C,CAR,500000,0,,,,,0,,A,,,,,0,,,0,35,0,0,,0,,,,,,0,,,,,,,,,0,,,,,,,,
8480067,,Thomas Miller,Miller,D,FA,500000,0,,,,,0,,T,,,,,0,,,0,0,0,0,,0,,,,,,0,,,,,,,,,0,,,,,,,,
8483114,,Thomas Milic,Milic,G,WPG,500000,1,,,,,0,,T,,,,,0,,,0,60,0,0,,0,,,,,,0,,,,,,,,,0,,,,,,,,
8480395,,Sam Miletic,Miletic,W,CAR,500000,0,,,,,0,,S,,,,,0,,,0,35,0,0,,0,,,,,,0,,,,,,,,,0,,,,,,,,
8477947,,Sonny Milano,Milano,W,WSH,500000,1,0,-6.666667,0,,0,,S,0,0,0,0,0,1,07:13,0,59,0,0,,0,1,3,,0,0,0,,-3,0,-20.00,0,00:00,0,0,0,0,4,0,,,,,
8474088,,Juraj Mikus,Mikus,D,TOR,500000,0,,,,,0,,J,,,,,0,,,0,57,0,0,,0,,,,,,0,,,,,,,,,0,,,,,,,,
8478859,,Niko Mikkola,Mikkola,D,FLA,3690000,1,18,20.897959,106,,0,,N,0,9,1,0,0,186,20:12,0,42,0,0,,0,29,98,,0,0,0,,18,107,2048.00,0,00:00,27,0,2590000,0,134,0,,,,,
8481624,,Ilya Mikheyev,Mikheyev,W,CHI,2500000,1,14,17.875000,14,,0,,I,0,20,3,0,0,34,15:41,0,36,0,0,,0,44,80,,0,0,0,,4,16,1430.00,0,00:00,34,0,220000,3,138,0,,,,,
8471367,,Alexander Mikhailishin,Mikhailishin,D,NJD,500000,0,,,,,0,,A,,,,,0,,,0,49,0,0,,0,,,,,,0,,,,,,,,,0,,,,,,,,
8484514,,Marco Mignosa,Mignosa,W,TBL,500000,1,,,,,0,,M,,,,,0,,,0,56,0,0,,0,,,,,,0,,,,,,,,,,,,,,,,,
8482501,,Amir Miftakhov,Miftakhov,G,CAR,500000,1,,,,,0,,A,,,,,0,,,0,35,0,0,,0,,,,,,0,,,,,,,,,0,,,,,,,,
8482519,,Veeti Miettinen,Miettinen,W,TOR,500000,1,,,,,0,,V,,,,,0,,,0,57,0,0,,0,,,,,,0,,,,,,,,,0,,,,,,,,
8484773,,Julius Miettinen,Miettinen,C,SEA,500000,1,,,,,0,,J,,,,,0,,,0,63,0,0,,0,,,,,,0,,,,,,,,,,,,,,,,,
8476206,,Andy Miele,Miele,C,PHI,500000,0,,,,,0,,A,,,,,0,,,0,51,0,0,,0,,,,,,0,,,,,,,,,0,,,,,,,,
8484193,,Ethan Miedema,Miedema,W,BUF,500000,0,,,,,0,,E,,,,,0,,,0,33,0,0,,0,,,,,,0,,,,,,,,,,,,,,,,,
8485686,,Yegor Midlak,Midlak,G,FLA,500000,1,,,,,0,,Y,,,,,0,,,0,42,0,0,,0,,,,,,0,,,,,,,,,,,,,,,,,
8478136,,Jacob Middleton,Middleton,D,MIN,3470000,1,15,21.726027,150,,0,,J,0,8,0,0,0,112,21:53,0,44,0,0,,0,26,73,,0,0,0,,14,42,1586.00,0,00:00,23,0,2970000,0,103,0,,,,,
8479387,,Keaton Middleton,Middleton,D,COL,1350000,1,2,10.439024,34,,0,,K,0,0,0,0,0,69,11:29,0,37,0,0,,0,13,41,,0,0,0,,0,28,428.00,0,00:00,2,0,820000,0,44,0,,,,,
8481191,,Albert Michnac,Michnac,W,ARI,500000,0,,,,,0,,A,,,,,0,,,0,52,0,0,,0,,,,,,0,,,,,,,,,0,,,,,,,,
8484387,,Matvei Michkov,Michkov,W,PHI,3730000,1,37,27.537500,22,,0,,M,0,26,3,0,0,29,16:41,0,51,0,0,,0,38,80,,3,0,0,,-18,46,2203.00,8,00:00,63,0,,0,199,0,,,,,
8481693,,Jeremy Michel,Michel,W,STL,500000,0,,,,,0,,J,,,,,0,,,0,55,0,0,,0,,,,,,0,,,,,,,,,0,,,,,,,,
8469760,,Zbynek Michalek,Michalek,D,ARI,500000,0,,,,,0,,Z,,,,,0,,,0,52,0,0,,0,,,,,,0,,,,,,,,,0,,,,,,,,
8470599,,Milan Michalek,Michalek,W,TOR,500000,0,,,,,0,,M,,,,,0,,,0,57,0,0,,0,,,,,,0,,,,,,,,,0,,,,,,,,
8476313,,Steve Michalek,Michalek,G,MIN,500000,0,,,,,0,,S,,,,,0,,,0,44,0,0,,0,,,,,,0,,,,,,,,,0,,,,,,,,
8482063,,Marc Michaelis,Michaelis,W,VAN,500000,0,,,,,0,,M,,,,,0,,,0,58,0,0,,0,,,,,,0,,,,,,,,,0,,,,,,,,
8484546,,Ryan Michael,Michael,D,COL,500000,0,,,,,0,,R,,,,,0,,,0,37,0,0,,0,,,,,,0,,,,,,,,,,,,,,,,,
8478929,,Angelo Miceli,Miceli,C,MTL,500000,0,,,,,0,,A,,,,,0,,,0,45,0,0,,0,,,,,,0,,,,,,,,,0,,,,,,,,
8483570,,Ben Meyers,Meyers,C,SEA,500000,1,0,1.750000,1,,0,,B,0,0,0,0,0,9,08:21,0,63,0,0,,0,6,8,,0,0,0,,-2,2,14.00,0,00:00,0,0,,0,4,0,,,,,
8480292,,Carson Meyer,Meyer,W,ANA,500000,1,,,,,0,,C,,,,,0,,,0,31,0,0,,0,,,,,,0,,,,,,,,,0,,,,,,,,
8478972,,Jarett Meyer,Meyer,D,DET,500000,0,,,,,0,,J,,,,,0,,,0,40,0,0,,0,,,,,,0,,,,,,,,,0,,,,,,,,
8484774,,Henry Mews,Mews,D,CAL,500000,1,,,,,0,,H,,,,,0,,,0,34,0,0,,0,,,,,,0,,,,,,,,,,,,,,,,,
8476365,,Garrett Meurs,Meurs,C,COL,500000,0,,,,,0,,G,,,,,0,,,0,37,0,0,,0,,,,,,0,,,,,,,,,0,,,,,,,,
8484305,,Zach Metsa,Metsa,D,BUF,500000,1,,,,,0,,Z,,,,,0,,,0,33,0,0,,0,,,,,,0,,,,,,,,,,,,,,,,,
8470760,,Marc Methot,Methot,D,DAL,500000,0,,,,,0,,M,,,,,0,,,0,39,0,0,,0,,,,,,0,,,,,,,,,0,,,,,,,,
8479376,,Victor Mete,Mete,D,PHI,500000,0,,,,,0,,V,,,,,0,,,0,51,0,0,,0,,,,,,0,,,,,,,,,-1070000,,,,,,,,
8478899,,Garrett Metcalf,Metcalf,G,ANA,500000,0,,,,,0,,G,,,,,0,,,0,31,0,0,,0,,,,,,0,,,,,,,,,0,,,,,,,,
8471236,,Andrej Meszaros,Meszaros,D,BUF,500000,0,,,,,0,,A,,,,,0,,,0,33,0,0,,0,,,,,,0,,,,,,,,,0,,,,,,,,
8480926,,Ville Meskanen,Meskanen,W,NYR,500000,0,,,,,0,,V,,,,,0,,,0,47,0,0,,0,,,,,,0,,,,,,,,,0,,,,,,,,
8483488,,Filip Mesar,Mesar,W,MTL,500000,1,,,,,0,,F,,,,,0,,,0,45,0,0,,0,,,,,,0,,,,,,,,,,,,,,,,,
8478007,,Elvis Merzlikins,Merzlikins,G,CBJ,4390000,1,1,33.169811,0,,0,,E,168,0,0,26,0,0,59:50,0,38,0,0,,0,21,53,,0,5,0,,0,0,1758.00,0,00:00,1,1389,-540000,0,0,1,,89.2,,,
8476352,,Michael Mersch,Mersch,W,DAL,500000,0,,,,,0,,M,,,,,0,,,0,39,0,0,,0,,,,,,0,,,,,,,,,0,,,,,,,,
8476908,,Michael Mersch,Mersch,D,LAK,500000,0,,,,,0,,M,,,,,0,,,0,43,0,0,,0,,,,,,0,,,,,,,,,0,,,,,,,,
8475750,,Jon Merrill,Merrill,D,MIN,990000,1,4,6.583333,83,,0,,J,0,2,0,0,0,41,14:03,0,44,0,0,,0,27,72,,0,0,0,,-8,20,474.00,0,00:00,6,0,0,0,48,0,,,,,
8485060,,Ben Merrill,Merrill,C,MTL,500000,1,,,,,0,,B,,,,,0,,,0,45,0,0,,0,,,,,,0,,,,,,,,,,,,,,,,,
8477541,,Dakota Mermis,Mermis,D,TOR,500000,1,1,9.250000,4,,0,,D,0,0,0,0,0,3,15:12,0,57,0,0,,0,0,4,,0,0,0,,-2,2,37.00,0,00:00,1,0,-160000,0,6,0,,,,,
8483567,,Georgii Merkulov,Merkulov,C,BOS,740000,1,1,7.500000,4,,0,,G,0,0,0,0,0,2,13:44,0,32,0,0,,0,3,6,,0,0,0,,-1,2,45.00,0,00:00,1,0,,0,6,0,,,,,
8478447,,Nicholas Merkley,Merkley,W,NYR,500000,0,,,,,0,,N,,,,,0,,,0,47,0,0,,0,,,,,,0,,,,,,,,,-1140000,,,,,,,,
8480847,,Ryan Merkley,Merkley,D,COL,500000,0,,,,,0,,R,,,,,0,,,0,37,0,0,,0,,,,,,0,,,,,,,,,0,,,,,,,,
8482447,,Leevi Meriläinen,Meriläinen,G,OTT,5760000,1,0,66.083333,0,,0,,L,22,0,0,8,0,0,55:15,0,50,0,0,,0,3,12,,0,1,0,,0,0,793.00,0,00:00,0,274,5260000,0,0,3,,92.6,,,
8481166,,Igor Merezhko,Merezhko,D,CAL,500000,0,,,,,0,,I,,,,,0,,,0,34,0,0,,0,,,,,,0,,,,,,,,,0,,,,,,,,
8484325,,Waltteri Merela,Merela,C,TBL,500000,1,,,,,0,,W,,,,,0,,,0,56,0,0,,0,,,,,,0,,,,,,,,,,,,,,,,,
8482518,,Lucas Mercuri,Mercuri,C,TBL,500000,1,,,,,0,,L,,,,,0,,,0,56,0,0,,0,,,,,,0,,,,,,,,,0,,,,,,,,
8480381,,Medric Mercier,Mercier,D,FA,500000,0,,,,,0,,M,,,,,0,,,0,0,0,0,,0,,,,,,0,,,,,,,,,0,,,,,,,,
8480093,,Will Merchant,Merchant,W,FA,500000,0,,,,,0,,W,,,,,0,,,0,0,0,0,,0,,,,,,0,,,,,,,,,0,,,,,,,,
8482110,,Dawson Mercer,Mercer,C,NJD,3020000,1,17,19.218391,60,,0,,D,0,21,3,0,0,56,18:04,0,49,0,0,,0,35,87,,0,0,0,,-2,24,1672.00,6,00:00,38,0,2520000,1,149,0,,,,,
8483918,,Riley Mercer,Mercer,G,MIN,500000,1,,,,,0,,R,,,,,0,,,0,44,0,0,,0,,,,,,0,,,,,,,,,,,,,,,,,
8470293,,Lukas Mensator,Mensator,G,VAN,500000,0,,,,,0,,L,,,,,0,,,0,58,0,0,,0,,,,,,0,,,,,,,,,0,,,,,,,,
8479734,,Brennan Menell,Menell,D,TOR,500000,0,,,,,0,,B,,,,,0,,,0,57,0,0,,0,,,,,,0,,,,,,,,,0,,,,,,,,
8484636,,Harrison Meneghin,Meneghin,G,TBL,500000,1,,,,,0,,H,,,,,0,,,0,56,0,0,,0,,,,,,0,,,,,,,,,,,,,,,,,
8483560,,Griffin Mendel,Mendel,D,CAR,500000,0,,,,,0,,G,,,,,0,,,0,35,0,0,,0,,,,,,0,,,,,,,,,,,,,,,,,
8462169,,Igor Melyakov,Melyakov,W,LAK,500000,0,,,,,0,,I,,,,,0,,,0,43,0,0,,0,,,,,,0,,,,,,,,,0,,,,,,,,
8484616,,Matyas Melovsky,Melovsky,C,NJD,500000,1,,,,,0,,M,,,,,0,,,0,49,0,0,,0,,,,,,0,,,,,,,,,,,,,,,,,
8485590,,Samuel Meloche,Meloche,G,BUF,500000,1,,,,,0,,S,,,,,0,,,0,33,0,0,,0,,,,,,0,,,,,,,,,,,,,,,,,
8478467,,Nicolas Meloche,Meloche,D,CAL,500000,0,,,,,0,,N,,,,,0,,,0,34,0,0,,0,,,,,,0,,,,,,,,,-350000,,,,,,,,
8480308,,Josh Melnick,Melnick,W,FA,500000,0,,,,,0,,J,,,,,0,,,0,0,0,0,,0,,,,,,0,,,,,,,,,0,,,,,,,,
8482246,,Alexei Melnichuk,Melnichuk,G,TBL,500000,0,,,,,0,,A,,,,,0,,,0,56,0,0,,0,,,,,,0,,,,,,,,,0,,,,,,,,
8476893,,James Melindy,Melindy,D,ARI,500000,0,,,,,0,,J,,,,,0,,,0,52,0,0,,0,,,,,,0,,,,,,,,,0,,,,,,,,
8477338,,Hampus Melen,Melen,W,DET,500000,0,,,,,0,,H,,,,,0,,,0,40,0,0,,0,,,,,,0,,,,,,,,,0,,,,,,,,
8475815,,Julian Melchiori,Melchiori,D,FLA,500000,0,,,,,0,,J,,,,,0,,,0,42,0,0,,0,,,,,,0,,,,,,,,,0,,,,,,,,
8477286,,Ilari Melart,Melart,D,CBJ,500000,0,,,,,0,,I,,,,,0,,,0,38,0,0,,0,,,,,,0,,,,,,,,,0,,,,,,,,
8482874,,Jacob Melanson,Melanson,W,SEA,610000,1,0,8.000000,0,,0,,J,0,0,0,0,0,4,09:53,0,63,0,0,,0,1,1,,0,0,0,,0,0,8.00,0,00:00,0,0,110000,0,0,0,,,,,
8478414,,Timo Meier,Meier,W,NJD,5450000,1,29,33.270588,69,,0,,T,0,28,5,0,0,158,18:06,0,49,0,0,,0,33,85,,0,0,0,,6,64,2828.00,7,00:00,57,0,2320000,0,256,0,,,,,
8483717,,Owen Mehlenbacher,Mehlenbacher,C,DET,500000,1,,,,,0,,O,,,,,0,,,0,40,0,0,,0,,,,,,0,,,,,,,,,,,,,,,,,
8477034,,Jaycob Megna,Megna,D,FLA,500000,1,0,2.750000,9,,0,,J,0,0,0,0,0,3,16:06,0,42,0,0,,0,5,8,,0,0,0,,-2,2,22.00,0,00:00,0,0,0,0,6,0,,,,,
8477126,,Jayson Megna,Megna,C,BOS,500000,0,,,,,0,,J,,,,,0,,,0,32,0,0,,0,,,,,,0,,,,,,,,,-980000,,,,,,,,
8475263,,Wade Megan,Megan,C,DET,500000,0,,,,,0,,W,,,,,0,,,0,40,0,0,,0,,,,,,0,,,,,,,,,0,,,,,,,,
8471847,,Dimitri Megalinsky,Megalinsky,D,OTT,500000,0,,,,,0,,D,,,,,0,,,0,50,0,0,,0,,,,,,0,,,,,,,,,0,,,,,,,,
8482489,,Ben Meehan,Meehan,D,LAK,500000,0,,,,,0,,B,,,,,0,,,0,43,0,0,,0,,,,,,0,,,,,,,,,0,,,,,,,,
8485401,,Aleksei Medvedev,Medvedev,G,VAN,500000,1,,,,,0,,A,,,,,0,,,0,58,0,0,,0,,,,,,0,,,,,,,,,,,,,,,,,
8469507,,Andrei Medvedev,Medvedev,G,CAL,500000,0,,,,,0,,A,,,,,0,,,0,34,0,0,,0,,,,,,0,,,,,,,,,0,,,,,,,,
8478563,,Evgeny Medvedev,Medvedev,D,PHI,500000,0,,,,,0,,E,,,,,0,,,0,51,0,0,,0,,,,,,0,,,,,,,,,0,,,,,,,,
8484287,,Cole McWard,McWard,D,NYI,500000,1,,,,,0,,C,,,,,0,,,0,46,0,0,,0,,,,,,0,,,,,,,,,,,,,,,,,
8482745,,Mason McTavish,McTavish,C,ANA,3820000,1,30,27.578947,31,,0,,M,0,22,2,0,0,69,16:53,0,31,0,0,,0,36,76,,1,0,0,,0,38,2096.00,6,00:00,52,0,1420000,0,181,0,,,,,
8483005,,Tye McSorley,McSorley,W,PHI,500000,0,,,,,0,,T,,,,,0,,,0,51,0,0,,0,,,,,,0,,,,,,,,,0,,,,,,,,
8480854,,Allan McShane,McShane,C,MTL,500000,0,,,,,0,,A,,,,,0,,,0,45,0,0,,0,,,,,,0,,,,,,,,,0,,,,,,,,
8485400,,Roger McQueen,McQueen,C,ANA,2340000,1,,,,,0,,R,,,,,0,,,0,31,0,0,,0,,,,,,0,,,,,,,,,,,,,,,,,
8471717,,Adam McQuaid,McQuaid,D,CBJ,500000,0,,,,,0,,A,,,,,0,,,0,38,0,0,,0,,,,,,0,,,,,,,,,0,,,,,,,,
8479352,,Graham McPhee,McPhee,W,EDM,500000,0,,,,,0,,G,,,,,0,,,0,41,0,0,,0,,,,,,0,,,,,,,,,0,,,,,,,,
8479732,,Steve McParland,McParland,W,FA,500000,0,,,,,0,,S,,,,,0,,,0,0,0,0,,0,,,,,,0,,,,,,,,,0,,,,,,,,
8478933,,Michael McNiven,McNiven,G,OTT,500000,0,,,,,0,,M,,,,,0,,,0,50,0,0,,0,,,,,,0,,,,,,,,,0,,,,,,,,
8483015,,Cade McNelly,McNelly,D,LAK,500000,0,,,,,0,,C,,,,,0,,,0,43,0,0,,0,,,,,,0,,,,,,,,,0,,,,,,,,
8475872,,Reid McNeill,McNeill,D,PIT,500000,0,,,,,0,,R,,,,,0,,,0,53,0,0,,0,,,,,,0,,,,,,,,,0,,,,,,,,
8476471,,Mark McNeill,McNeill,C,BOS,500000,0,,,,,0,,M,,,,,0,,,0,32,0,0,,0,,,,,,0,,,,,,,,,0,,,,,,,,
8475887,,Randy McNaught,McNaught,W,NYR,500000,0,,,,,0,,R,,,,,0,,,0,47,0,0,,0,,,,,,0,,,,,,,,,0,,,,,,,,
8475776,,Patrick McNally,McNally,D,SJS,500000,0,,,,,0,,P,,,,,0,,,0,54,0,0,,0,,,,,,0,,,,,,,,,0,,,,,,,,
8475188,,Brayden McNabb,McNabb,D,VGK,3520000,1,19,21.268817,178,,0,,B,0,5,0,0,0,162,20:15,0,62,0,0,,0,26,93,,0,0,0,,35,38,1978.00,0,00:00,24,0,710000,1,107,0,,,,,
8485653,,Brendan McMorrow,McMorrow,C,LAK,500000,1,,,,,0,,B,,,,,0,,,0,43,0,0,,0,,,,,,0,,,,,,,,,,,,,,,,,
8474646,,Brandon McMillan,McMillan,W,VAN,500000,0,,,,,0,,B,,,,,0,,,0,58,0,0,,0,,,,,,0,,,,,,,,,0,,,,,,,,
8484515,,Deagan McMillan,McMillan,W,TOR,500000,0,,,,,0,,D,,,,,0,,,0,57,0,0,,0,,,,,,0,,,,,,,,,,,,,,,,,
8481580,,Connor McMichael,McMichael,C,WSH,4800000,1,33,29.097826,43,,0,,C,0,30,5,0,0,49,16:50,0,59,0,0,,0,25,92,,0,0,0,,22,51,2677.00,4,00:00,63,0,4200000,0,195,0,,,,,
8482259,,Bobby McMann,McMann,C,TOR,4010000,1,17,23.908046,25,,0,,B,0,20,5,0,0,186,14:13,0,57,0,0,,0,27,87,,0,0,0,,10,43,2080.00,3,00:00,37,0,,0,187,0,,,,,
8480802,,Ryan McLeod,McLeod,C,BUF,3290000,1,33,24.822785,35,,0,,R,0,20,2,0,0,17,16:50,0,33,0,0,,0,34,79,,0,0,0,,13,16,1961.00,0,00:00,53,0,2790000,3,97,0,,,,,
8471657,,Cody McLeod,McLeod,W,MIN,500000,0,,,,,0,,C,,,,,0,,,0,44,0,0,,0,,,,,,0,,,,,,,,,0,,,,,,,,
8479415,,Michael McLeod,McLeod,C,NJD,500000,0,,,,,0,,M,,,,,0,,,0,49,1,0,Expected to be out until at least Sep 16,0,,,,,,0,,,,,,,,,-1390000,,,,,,,2024-05-06,2024-05-06
8481190,,Wyatt McLeod,McLeod,D,PIT,500000,0,,,,,0,,W,,,,,0,,,0,53,0,0,,0,,,,,,0,,,,,,,,,0,,,,,,,,
8482790,,Owen McLaughlin,McLaughlin,C,PHI,500000,1,,,,,0,,O,,,,,0,,,0,51,0,0,,0,,,,,,0,,,,,,,,,,,,,,,,,
8483397,,Marc McLaughlin,McLaughlin,C,NJD,1060000,1,1,10.642857,6,,0,,M,0,2,0,0,0,28,09:12,0,49,1,0,20251009,0,4,14,,0,0,0,,-2,0,149.00,0,00:00,3,0,,0,13,0,,,,2025-09-27,2025-09-27
8480816,,Blake McLaughlin,McLaughlin,W,ANA,500000,0,,,,,0,,B,,,,,0,,,0,31,0,0,,0,,,,,,0,,,,,,,,,0,,,,,,,,
8473712,,Frazer McLaren,McLaren,W,SJS,500000,0,,,,,0,,F,,,,,0,,,0,54,0,0,,0,,,,,,0,,,,,,,,,0,,,,,,,,
8482508,,Chase McLane,McLane,C,NSH,500000,0,,,,,0,,C,,,,,0,,,0,48,0,0,,0,,,,,,0,,,,,,,,,0,,,,,,,,
8484125,,Hunter McKown,McKown,C,CBJ,500000,1,,,,,0,,H,,,,,0,,,0,38,0,0,,0,,,,,,0,,,,,,,,,,,,,,,,,
8485407,,Cole McKinney,McKinney,C,SJS,500000,1,,,,,0,,C,,,,,0,,,0,54,0,0,,0,,,,,,0,,,,,,,,,,,,,,,,,
8477981,,Roland McKeown,McKeown,D,NSH,500000,0,,,,,0,,R,,,,,0,,,0,48,0,0,,0,,,,,,0,,,,,,,,,0,,,,,,,,
8475310,,Curtis McKenzie,McKenzie,W,STL,500000,0,,,,,0,,C,,,,,0,,,0,55,0,0,,0,,,,,,0,,,,,,,,,0,,,,,,,,
8478479,,Brett McKenzie,McKenzie,C,BOS,500000,0,,,,,0,,B,,,,,0,,,0,32,0,0,,0,,,,,,0,,,,,,,,,0,,,,,,,,
8480266,,Skyler McKenzie,McKenzie,W,WPG,500000,0,,,,,0,,S,,,,,0,,,0,60,0,0,,0,,,,,,0,,,,,,,,,0,,,,,,,,
8470093,,Mike McKenna,McKenna,G,PHI,500000,0,,,,,0,,M,,,,,0,,,0,51,0,0,,0,,,,,,0,,,,,,,,,0,,,,,,,,
8481184,,Jeremy McKenna,McKenna,W,ARI,500000,0,,,,,0,,J,,,,,0,,,0,52,0,0,,0,,,,,,0,,,,,,,,,0,,,,,,,,
8475735,,Greg McKegg,McKegg,C,EDM,500000,0,,,,,0,,G,,,,,0,,,0,41,0,0,,0,,,,,,0,,,,,,,,,-50000,,,,,,,,
8477022,,Michael McKee,McKee,D,DET,500000,0,,,,,0,,M,,,,,0,,,0,40,0,0,,0,,,,,,0,,,,,,,,,0,,,,,,,,
8485211,,Michael McIvor,McIvor,G,ANA,500000,1,,,,,0,,M,,,,,0,,,0,31,0,0,,0,,,,,,0,,,,,,,,,,,,,,,,,
8485042,,William Mcisaac,Mcisaac,D,STL,500000,1,,,,,0,,W,,,,,0,,,0,55,0,0,,0,,,,,,0,,,,,,,,,,,,,,,,,
8480862,,Jared McIsaac,McIsaac,D,DET,500000,0,,,,,0,,J,,,,,0,,,0,40,0,0,,0,,,,,,0,,,,,,,,,0,,,,,,,,
8475876,,Zane McIntyre,McIntyre,G,MIN,500000,0,,,,,0,,Z,,,,,0,,,0,44,0,0,,0,,,,,,0,,,,,,,,,0,,,,,,,,
8475795,,Dylan McIlrath,McIlrath,D,WSH,1400000,1,2,13.529412,14,,0,,D,0,0,0,0,0,39,11:39,0,59,0,0,,0,6,17,,0,0,0,,-3,28,230.00,0,00:00,2,0,900000,0,10,0,,,,,
8483775,,Sean McGurn,McGurn,C,TOR,500000,0,,,,,0,,S,,,,,0,,,0,57,0,0,,0,,,,,,0,,,,,,,,,,,,,,,,,
8483487,,Rutger McGroarty,McGroarty,W,PIT,1380000,1,2,16.375000,5,,0,,R,0,1,0,0,0,12,14:37,0,53,0,0,,0,1,8,,0,0,0,,0,0,131.00,0,00:00,3,0,,0,11,0,,,,,
8480236,,Jacob McGrew,McGrew,W,SJS,500000,0,,,,,0,,J,,,,,0,,,0,54,0,0,,0,,,,,,0,,,,,,,,,0,,,,,,,,
8480248,,Ryan McGregor,McGregor,C,ARI,500000,0,,,,,0,,R,,,,,0,,,0,52,0,0,,0,,,,,,0,,,,,,,,,0,,,,,,,,
8467977,,Brian McGrattan,McGrattan,W,ANA,500000,0,,,,,0,,B,,,,,0,,,0,31,0,0,,0,,,,,,0,,,,,,,,,0,,,,,,,,
8480357,,Jacob McGrath,McGrath,G,FA,500000,0,,,,,0,,J,,,,,0,,,0,0,0,0,,0,,,,,,0,,,,,,,,,0,,,,,,,,
8485707,,Maleek McGowan,McGowan,D,MTL,500000,1,,,,,0,,M,,,,,0,,,0,45,0,0,,0,,,,,,0,,,,,,,,,,,,,,,,,
8478177,,Connor McGlynn,McGlynn,C,DET,500000,0,,,,,0,,C,,,,,0,,,0,40,0,0,,0,,,,,,0,,,,,,,,,0,,,,,,,,
8476934,,Brock McGinn,McGinn,W,ANA,2140000,1,4,17.153846,28,,0,,B,0,4,0,0,0,60,11:43,0,31,0,0,,0,13,26,,0,0,0,,1,0,446.00,0,00:00,8,0,-430000,0,30,0,,,,,
8473465,,Jamie McGinn,McGinn,W,FLA,500000,0,,,,,0,,J,,,,,0,,,0,42,0,0,,0,,,,,,0,,,,,,,,,0,,,,,,,,
8475775,,Tye McGinn,McGinn,W,TBL,500000,0,,,,,0,,T,,,,,0,,,0,56,0,0,,0,,,,,,0,,,,,,,,,0,,,,,,,,
8482973,,Samuel McGinley,McGinley,D,STL,500000,0,,,,,0,,S,,,,,0,,,0,55,0,0,,0,,,,,,0,,,,,,,,,0,,,,,,,,
8481070,,Hugh McGing,McGing,W,STL,500000,1,,,,,0,,H,,,,,0,,,0,55,0,0,,0,,,,,,0,,,,,,,,,0,,,,,,,,
8478934,,Tim McGauley,McGauley,C,WSH,500000,0,,,,,0,,T,,,,,0,,,0,59,0,0,,0,,,,,,0,,,,,,,,,0,,,,,,,,
8481076,,Dustyn McFaul,McFaul,D,BOS,500000,0,,,,,0,,D,,,,,0,,,0,32,0,0,,0,,,,,,0,,,,,,,,,0,,,,,,,,
8475756,,John McFarland,McFarland,W,FLA,500000,0,,,,,0,,J,,,,,0,,,0,42,0,0,,0,,,,,,0,,,,,,,,,0,,,,,,,,
8480462,,James McEwan,McEwan,C,MTL,500000,0,,,,,0,,J,,,,,0,,,0,45,0,0,,0,,,,,,0,,,,,,,,,0,,,,,,,,
8477091,,Evan McEneny,McEneny,D,VAN,500000,0,,,,,0,,E,,,,,0,,,0,58,0,0,,0,,,,,,0,,,,,,,,,0,,,,,,,,
8470147,,Curtis McElhinney,McElhinney,G,TBL,500000,0,,,,,0,,C,,,,,0,,,0,56,0,0,,0,,,,,,0,,,,,,,,,-2350000,,,,,,,,
8481683,,Aidan McDonough,McDonough,W,VAN,500000,0,,,,,0,,A,,,,,0,,,0,58,0,0,,0,,,,,,0,,,,,,,,,0,,,,,,,,
8482474,,Declan McDonnell,McDonnell,W,BUF,500000,0,,,,,0,,D,,,,,0,,,0,33,0,0,,0,,,,,,0,,,,,,,,,0,,,,,,,,
8483760,,Hunter McDonald,McDonald,D,PHI,500000,1,,,,,0,,H,,,,,0,,,0,51,0,0,,0,,,,,,0,,,,,,,,,,,,,,,,,
8483799,,Kyle McDonald,McDonald,W,DAL,500000,1,,,,,0,,K,,,,,0,,,0,39,0,0,,0,,,,,,0,,,,,,,,,,,,,,,,,
8470644,,Colin McDonald,McDonald,W,PHI,500000,0,,,,,0,,C,,,,,0,,,0,51,0,0,,0,,,,,,0,,,,,,,,,0,,,,,,,,
8477965,,Mason McDonald,McDonald,G,CAL,500000,0,,,,,0,,M,,,,,0,,,0,34,0,0,,0,,,,,,0,,,,,,,,,0,,,,,,,,
8479615,,Cody McDonald,McDonald,W,NYI,500000,0,,,,,0,,C,,,,,0,,,0,46,0,0,,0,,,,,,0,,,,,,,,,0,,,,,,,,
8474151,,Ryan McDonagh,McDonagh,D,TBL,3730000,1,30,22.436782,147,,0,,R,0,4,2,0,0,30,20:18,0,56,0,0,,0,31,87,,0,0,0,,45,22,1952.00,0,00:00,34,0,510000,1,86,0,,,,,
8478402,,Connor McDavid,McDavid,C,EDM,9370000,1,100,53.449438,36,,0,,C,0,33,5,0,0,65,22:37,0,41,0,0,,0,27,89,,0,0,0,,23,41,4757.00,9,00:00,133,0,-670000,0,276,0,,,,,
8482881,,Max McCue,McCue,C,CBJ,500000,1,,,,,0,,M,,,,,0,,,0,38,0,0,,0,,,,,,0,,,,,,,,,0,,,,,,,,
8485107,,Sam McCue,McCue,W,TOR,500000,1,,,,,0,,S,,,,,0,,,0,57,0,0,,0,,,,,,0,,,,,,,,,,,,,,,,,
8477452,,Ian McCoshen,McCoshen,D,MIN,500000,0,,,,,0,,I,,,,,0,,,0,44,0,0,,0,,,,,,0,,,,,,,,,0,,,,,,,,
8476323,,Max McCormick,McCormick,W,SEA,500000,1,,,,,0,,M,,,,,0,,,0,63,1,0,20250915,0,,,,,,0,,,,,,,,,-870000,,,,,,,2025-10-01,2025-10-01
8469591,,Cody McCormick,McCormick,C,BUF,500000,0,,,,,0,,C,,,,,0,,,0,33,0,0,,0,,,,,,0,,,,,,,,,0,,,,,,,,
8481087,,Adam McCormick,McCormick,D,DAL,500000,0,,,,,0,,A,,,,,0,,,0,39,0,0,,0,,,,,,0,,,,,,,,,0,,,,,,,,
8478475,,Hayden McCool,McCool,C,CHI,500000,0,,,,,0,,H,,,,,0,,,0,36,0,0,,0,,,,,,0,,,,,,,,,0,,,,,,,,
8483486,,Bryce McConnell-Barker,McConnell-Barker,C,NYR,500000,1,,,,,0,,B,,,,,0,,,0,47,0,0,,0,,,,,,0,,,,,,,,,,,,,,,,,
8474591,,Tom McCollum,McCollum,G,DET,500000,0,,,,,0,,T,,,,,0,,,0,40,0,0,,0,,,,,,0,,,,,,,,,0,,,,,,,,
8482220,,Connor McClennon,McClennon,W,COL,500000,0,,,,,0,,C,,,,,0,,,0,37,0,0,,0,,,,,,0,,,,,,,,,0,,,,,,,,
8469508,,Jay McClement,McClement,C,CAR,500000,0,,,,,0,,J,,,,,0,,,0,35,0,0,,0,,,,,,0,,,,,,,,,0,,,,,,,,
8482897,,Ryan McCleary,McCleary,D,TOR,500000,0,,,,,0,,R,,,,,0,,,0,57,0,0,,0,,,,,,0,,,,,,,,,0,,,,,,,,
8481827,,Ben McCartney,McCartney,W,UTA,500000,1,,,,,0,,B,,,,,0,,,0,64,0,0,,0,,,,,,0,,,,,,,,,0,,,,,,,,
8484192,,Gavin McCarthy,McCarthy,D,BUF,500000,1,,,,,0,,G,,,,,0,,,0,33,0,0,,0,,,,,,0,,,,,,,,,,,,,,,,,
8473562,,John McCarthy,McCarthy,C,SJS,500000,0,,,,,0,,J,,,,,0,,,0,54,0,0,,0,,,,,,0,,,,,,,,,0,,,,,,,,
8477848,,Chris McCarthy,McCarthy,C,NYR,500000,0,,,,,0,,C,,,,,0,,,0,47,0,0,,0,,,,,,0,,,,,,,,,0,,,,,,,,
8481566,,Case McCarthy,McCarthy,D,NJD,500000,0,,,,,0,,C,,,,,0,,,0,49,0,0,,0,,,,,,0,,,,,,,,,0,,,,,,,,
8477446,,Michael McCarron,McCarron,W,NSH,1950000,1,9,14.108108,60,,0,,M,0,5,1,0,0,149,13:45,0,48,0,0,,0,39,74,,0,0,0,,-21,102,1044.00,0,00:00,14,0,730000,0,80,0,,,,,
8480079,,Patrick McCarron,McCarron,D,DET,500000,0,,,,,0,,P,,,,,0,,,0,40,0,0,,0,,,,,,0,,,,,,,,,0,,,,,,,,
8477955,,Jared McCann,McCann,W,SEA,4060000,1,39,28.987805,50,,0,,J,0,22,3,0,0,47,17:13,0,63,1,0,20250923,0,40,82,,1,0,0,,8,18,2377.00,4,00:00,61,0,-450000,0,202,0,,,,2025-09-22,2025-09-22
8483006,,Landon McCallum,McCallum,C,STL,500000,0,,,,,0,,L,,,,,0,,,0,55,0,0,,0,,,,,,0,,,,,,,,,0,,,,,,,,
8483056,,Lynden McCallum,McCallum,W,VGK,500000,0,,,,,0,,L,,,,,0,,,0,62,0,0,,0,,,,,,0,,,,,,,,,0,,,,,,,,
8485189,,Braydon McCallum,McCallum,C,CAR,500000,0,,,,,0,,B,,,,,0,,,0,35,0,0,,0,,,,,,0,,,,,,,,,,,,,,,,,
8476931,,Jake McCabe,McCabe,D,TOR,3710000,1,25,22.582278,149,,0,,J,0,2,0,0,0,141,21:35,0,57,0,0,,0,23,79,,0,0,0,,22,42,1784.00,0,00:00,27,0,2140000,0,84,0,,,,,
8478958,,Nick McBride,McBride,G,LAK,500000,0,,,,,0,,N,,,,,0,,,0,43,0,0,,0,,,,,,0,,,,,,,,,0,,,,,,,,
8481494,,Shawn McBride,McBride,W,NYR,500000,0,,,,,0,,S,,,,,0,,,0,47,0,0,,0,,,,,,0,,,,,,,,,0,,,,,,,,
8480855,,Jack McBain,McBain,C,UTA,3210000,1,14,22.890244,48,,0,,J,0,13,1,0,0,291,13:34,0,64,0,0,,0,31,82,,0,0,0,,8,78,1877.00,1,00:00,27,0,2710000,0,90,0,,,,,
8473571,,Jamie McBain,McBain,D,TBL,500000,0,,,,,0,,J,,,,,0,,,0,56,0,0,,0,,,,,,0,,,,,,,,,0,,,,,,,,
8479325,,Charlie McAvoy,McAvoy,D,BOS,3480000,1,16,26.460000,78,,0,,C,0,7,2,0,0,89,23:40,0,32,0,0,,0,21,50,,0,0,0,,0,46,1323.00,2,00:00,23,0,-1570000,1,98,0,,,,,
8480105,,Colby McAuley,McAuley,C,SJS,500000,0,,,,,0,,C,,,,,0,,,0,54,0,0,,0,,,,,,0,,,,,,,,,0,,,,,,,,
8484271,,Ryan McAllister,McAllister,C,FLA,500000,1,,,,,0,,R,,,,,0,,,0,42,0,0,,0,,,,,,0,,,,,,,,,,,,,,,,,
8477438,,Eamon McAdam,McAdam,G,TOR,500000,0,,,,,0,,E,,,,,0,,,0,57,0,0,,0,,,,,,0,,,,,,,,,0,,,,,,,,
8485213,,Igor Mburanumwe,Mburanumwe,D,NJD,500000,0,,,,,0,,I,,,,,0,,,0,49,0,0,,0,,,,,,0,,,,,,,,,,,,,,,,,
8481752,,Tomas Mazura,Mazura,C,EDM,500000,1,,,,,0,,T,,,,,0,,,0,41,0,0,,0,,,,,,0,,,,,,,,,0,,,,,,,,
8482802,,Carter Mazur,Mazur,W,DET,500000,1,0,0.000000,0,,0,,C,0,0,0,0,0,0,01:10,0,40,0,0,,0,1,1,,0,0,0,,0,0,0.00,0,00:00,0,0,0,0,0,0,,,,,
8476992,,Marek Mazanec,Mazanec,G,VAN,500000,0,,,,,0,,M,,,,,0,,,0,58,0,0,,0,,,,,,0,,,,,,,,,0,,,,,,,,
8483758,,Maxim Mayorov,Mayorov,G,DAL,500000,1,,,,,0,,M,,,,,0,,,0,39,0,0,,0,,,,,,0,,,,,,,,,,,,,,,,,
8474195,,Maksim Mayorov,Mayorov,W,CBJ,500000,0,,,,,0,,M,,,,,0,,,0,38,0,0,,0,,,,,,0,,,,,,,,,0,,,,,,,,
8478062,,Dysin Mayo,Mayo,D,VGK,500000,1,,,,,0,,D,,,,,0,,,0,62,0,0,,0,,,,,,0,,,,,,,,,0,,,,,,,,
8484452,,Matthew Mayich,Mayich,D,STL,500000,1,,,,,0,,M,,,,,0,,,0,55,0,0,,0,,,,,,0,,,,,,,,,,,,,,,,,
8479933,,Gerald Mayhew,Mayhew,C,FLA,500000,0,,,,,0,,G,,,,,0,,,0,42,0,0,,0,,,,,,0,,,,,,,,,-340000,,,,,,,,
8476429,,Scott Mayfield,Mayfield,D,NYI,1990000,1,6,14.696970,92,,0,,S,0,3,0,0,0,89,17:00,0,46,0,0,,0,24,66,,0,0,0,,18,27,970.00,0,00:00,9,0,-1140000,1,51,0,,,,,
8485088,,Nathan Mayes,Mayes,D,TOR,500000,1,,,,,0,,N,,,,,0,,,0,57,0,0,,0,,,,,,0,,,,,,,,,,,,,,,,,
8483897,,Samuel Mayer,Mayer,D,VGK,500000,0,,,,,0,,S,,,,,0,,,0,62,0,0,,0,,,,,,0,,,,,,,,,,,,,,,,,
8468022,,Andrei Maximenko,Maximenko,W,DET,500000,0,,,,,0,,A,,,,,0,,,0,40,0,0,,0,,,,,,0,,,,,,,,,0,,,,,,,,
8485685,,Yan Matveiko,Matveiko,W,CAL,500000,1,,,,,0,,Y,,,,,0,,,0,34,0,0,,0,,,,,,0,,,,,,,,,,,,,,,,,
8478103,,Adam Ollas Mattsson,Mattsson,D,CAL,500000,0,,,,,0,,A,,,,,0,,,0,34,0,0,,0,,,,,,0,,,,,,,,,0,,,,,,,,
8475911,,Nick Mattson,Mattson,D,CHI,500000,0,,,,,0,,N,,,,,0,,,0,36,0,0,,0,,,,,,0,,,,,,,,,0,,,,,,,,
8479360,,Mitchell Mattson,Mattson,C,CAL,500000,0,,,,,0,,M,,,,,0,,,0,34,0,0,,0,,,,,,0,,,,,,,,,0,,,,,,,,
8479555,,Nicolas Mattinen,Mattinen,D,TOR,500000,0,,,,,0,,N,,,,,0,,,0,57,0,0,,0,,,,,,0,,,,,,,,,0,,,,,,,,
8473574,,Shawn Matthias,Matthias,W,WPG,500000,0,,,,,0,,S,,,,,0,,,0,60,0,0,,0,,,,,,0,,,,,,,,,0,,,,,,,,
8479318,,Auston Matthews,Matthews,C,TOR,7400000,1,52,44.975000,95,,0,,A,0,36,3,0,0,78,20:30,0,57,0,0,,0,24,80,,1,0,0,,11,22,3598.00,11,00:00,88,0,-820000,2,308,0,,,,,
8479989,,Stelio Mattheos,Mattheos,W,CAR,500000,0,,,,,0,,S,,,,,0,,,0,35,0,0,,0,,,,,,0,,,,,,,,,0,,,,,,,,
8476870,,Stefan Matteau,Matteau,C,COL,500000,0,,,,,0,,S,,,,,0,,,0,37,0,0,,0,,,,,,0,,,,,,,,,-290000,,,,,,,,
8484321,,Nikolas Matinpalo,Matinpalo,D,OTT,1170000,1,3,8.000000,36,,0,,N,0,1,0,0,0,28,12:40,0,50,0,0,,0,13,47,,0,0,0,,-1,22,376.00,0,00:00,4,0,,0,46,0,,,,,
8483671,,Miko Matikka,Matikka,W,UTA,500000,1,,,,,0,,M,,,,,0,,,0,64,0,0,,0,,,,,,0,,,,,,,,,,,,,,,,,
8482808,,Jack Matier,Matier,D,NSH,500000,1,,,,,0,,J,,,,,0,,,0,48,0,0,,0,,,,,,0,,,,,,,,,0,,,,,,,,
8483735,,Tnias Mathurin,Mathurin,D,DET,500000,0,,,,,0,,T,,,,,0,,,0,40,0,0,,0,,,,,,0,,,,,,,,,,,,,,,,,
8485606,,Alexis Mathieu,Mathieu,D,ANA,500000,1,,,,,0,,A,,,,,0,,,0,31,0,0,,0,,,,,,0,,,,,,,,,,,,,,,,,
8476875,,Mike Matheson,Matheson,D,MTL,3110000,1,26,19.811765,154,,0,,M,0,6,1,0,0,66,25:04,0,45,0,0,,0,33,85,,1,0,0,,-7,53,1684.00,1,00:00,32,0,370000,0,160,0,,,,,
8476290,,Derek Mathers,Mathers,W,PHI,500000,0,,,,,0,,D,,,,,0,,,0,51,0,0,,0,,,,,,0,,,,,,,,,0,,,,,,,,
8483485,,Denton Mateychuk,Mateychuk,D,CBJ,1930000,1,9,15.266667,61,,0,,D,0,4,0,0,0,26,18:02,0,38,0,0,,0,16,45,,0,0,0,,4,20,687.00,0,00:00,13,0,,0,44,0,,,,,
8484775,,Eriks Mateiko,Mateiko,W,WSH,500000,1,,,,,0,,E,,,,,0,,,0,59,0,0,,0,,,,,,0,,,,,,,,,,,,,,,,,
8481561,,Robert Mastrosimone,Mastrosimone,C,DET,500000,0,,,,,0,,R,,,,,0,,,0,40,0,0,,0,,,,,,0,,,,,,,,,0,,,,,,,,
8482807,,Ethan Del Mastro,Mastro,D,CHI,1550000,1,4,12.416667,21,,0,,E,0,2,0,0,0,40,18:19,0,36,0,0,,0,11,24,,0,0,0,,-3,6,298.00,0,00:00,6,0,1050000,0,19,0,,,,,
8482707,,Kyle Masters,Masters,D,MIN,500000,1,,,,,0,,K,,,,,0,,,0,44,0,0,,0,,,,,,0,,,,,,,,,0,,,,,,,,
8482893,,Ryan Mast,Mast,D,CHI,500000,1,,,,,0,,R,,,,,0,,,0,36,0,0,,0,,,,,,0,,,,,,,,,0,,,,,,,,
8478880,,Jake Massie,Massie,D,FLA,500000,0,,,,,0,,J,,,,,0,,,0,42,0,0,,0,,,,,,0,,,,,,,,,0,,,,,,,,
8483795,,Zachary Massicotte,Massicotte,D,OTT,500000,0,,,,,0,,Z,,,,,0,,,0,50,0,0,,0,,,,,,0,,,,,,,,,,,,,,,,,
8484776,,Maxim MassÃ©,MassÃ©,W,ANA,500000,1,,,,,0,,M,,,,,0,,,0,31,0,0,,0,,,,,,0,,,,,,,,,,,,,,,,,
8479579,,Joseph Masonius,Masonius,D,PIT,500000,1,,,,,0,,J,,,,,0,,,0,53,0,0,,0,,,,,,0,,,,,,,,,0,,,,,,,,
8473461,,Steve Mason,Mason,G,WPG,500000,0,,,,,0,,S,,,,,0,,,0,60,0,0,,0,,,,,,0,,,,,,,,,0,,,,,,,,
8477966,,Dominik Masin,Masin,D,TBL,500000,0,,,,,0,,D,,,,,0,,,0,56,0,0,,0,,,,,,0,,,,,,,,,0,,,,,,,,
8474850,,Brandon Mashinter,Mashinter,W,SJS,500000,0,,,,,0,,B,,,,,0,,,0,54,0,0,,0,,,,,,0,,,,,,,,,0,,,,,,,,
8479374,,Adam Mascherin,Mascherin,W,DAL,500000,0,,,,,0,,A,,,,,0,,,0,39,0,0,,0,,,,,,0,,,,,,,,,0,,,,,,,,
8482473,,Maxim Marushev,Marushev,C,VGK,500000,0,,,,,0,,M,,,,,0,,,0,62,0,0,,0,,,,,,0,,,,,,,,,0,,,,,,,,
8485406,,Porter Martone,Martone,W,PHI,2660000,1,,,,,0,,P,,,,,0,,,0,51,0,0,,0,,,,,,0,,,,,,,,,,,,,,,,,
8480924,,Eric Martinsson,Martinsson,D,MIN,500000,0,,,,,0,,E,,,,,0,,,0,44,0,0,,0,,,,,,0,,,,,,,,,0,,,,,,,,
8478561,,Andreas Martinsen,Martinsen,W,PIT,500000,0,,,,,0,,A,,,,,0,,,0,53,0,0,,0,,,,,,0,,,,,,,,,0,,,,,,,,
8476921,,Jordan Martinook,Martinook,W,CAR,3750000,1,26,21.925532,64,,0,,J,0,16,4,0,0,133,15:28,0,35,0,0,,0,31,94,,0,0,0,,17,26,2061.00,0,00:00,42,0,1260000,1,127,0,,,,,
8482690,,Ayrton Martino,Martino,W,DAL,500000,1,,,,,0,,A,,,,,0,,,0,39,0,0,,0,,,,,,0,,,,,,,,,0,,,,,,,,
8474166,,Alec Martinez,Martinez,D,CHI,1330000,1,7,10.272727,77,,0,,A,0,5,0,0,0,24,18:44,0,36,0,0,,0,24,44,,0,0,0,,-15,8,452.00,0,00:00,12,0,-3450000,0,38,0,,,,,
8477484,,Spencer Martin,Martin,G,CAR,1130000,1,0,12.888889,0,,0,,S,27,0,0,3,0,0,46:13,0,35,0,0,,0,5,9,,0,1,0,,0,0,116.00,0,00:00,0,148,630000,0,0,1,,84.6,,,
8485071,,Hunter St. Martin,Martin,W,FLA,500000,1,,,,,0,,H,,,,,0,,,0,42,0,0,,0,,,,,,0,,,,,,,,,,,,,,,,,
8485405,,Brady Martin,Martin,C,NSH,2740000,1,,,,,0,,B,,,,,0,,,0,48,0,0,,0,,,,,,0,,,,,,,,,,,,,,,,,
8485444,,Owen Martin,Martin,C,WPG,500000,1,,,,,0,,O,,,,,0,,,0,60,0,0,,0,,,,,,0,,,,,,,,,,,,,,,,,
8468542,,Paul Martin,Martin,D,SJS,500000,0,,,,,0,,P,,,,,0,,,0,54,0,0,,0,,,,,,0,,,,,,,,,0,,,,,,,,
8474709,,Matt Martin,Martin,W,NYI,1160000,0,2,8.312500,19,,0,,M,0,0,0,0,0,82,08:33,0,46,0,0,,0,13,32,,0,0,0,,-5,10,266.00,0,00:00,2,0,-1670000,0,17,0,,,,,
8478005,,Brycen Martin,Martin,D,BUF,500000,0,,,,,0,,B,,,,,0,,,0,33,0,0,,0,,,,,,0,,,,,,,,,0,,,,,,,,
8478165,,Jonathon Martin,Martin,W,SJS,500000,0,,,,,0,,J,,,,,0,,,0,54,0,0,,0,,,,,,0,,,,,,,,,0,,,,,,,,
8480050,,Luke Martin,Martin,D,CAR,500000,0,,,,,0,,L,,,,,0,,,0,35,0,0,,0,,,,,,0,,,,,,,,,0,,,,,,,,
8478552,,Christian Marti,Marti,D,PHI,500000,0,,,,,0,,C,,,,,0,,,0,51,0,0,,0,,,,,,0,,,,,,,,,0,,,,,,,,
8480296,,Kristian Roykas Marthinsen,Marthinsen,W,WSH,500000,0,,,,,0,,K,,,,,0,,,0,59,0,0,,0,,,,,,0,,,,,,,,,0,,,,,,,,
8478411,,Chris Martenet,Martenet,D,DAL,500000,0,,,,,0,,C,,,,,0,,,0,39,0,0,,0,,,,,,0,,,,,,,,,0,,,,,,,,
8478365,,Danick Martel,Martel,W,FLA,500000,0,,,,,0,,D,,,,,0,,,0,42,0,0,,0,,,,,,0,,,,,,,,,0,,,,,,,,
8478509,,Adam Marsh,Marsh,W,DET,500000,0,,,,,0,,A,,,,,0,,,0,40,0,0,,0,,,,,,0,,,,,,,,,0,,,,,,,,
8484777,,Luca Marrelli,Marrelli,D,CBJ,500000,1,,,,,0,,L,,,,,0,,,0,38,0,0,,0,,,,,,0,,,,,,,,,,,,,,,,,
8485140,,Frankie Marrelli,Marrelli,D,EDM,500000,0,,,,,0,,F,,,,,0,,,0,41,0,0,,0,,,,,,0,,,,,,,,,,,,,,,,,
8484778,,Miguel Marques,Marques,W,NSH,500000,1,,,,,0,,M,,,,,0,,,0,48,0,0,,0,,,,,,0,,,,,,,,,,,,,,,,,
8474034,,Pat Maroon,Maroon,W,CHI,2070000,1,14,15.176471,9,,0,,P,0,5,1,0,0,100,11:32,0,36,0,0,,0,36,68,,0,0,0,,-13,97,1032.00,1,00:00,19,0,-630000,0,74,0,,,,,
8478442,,Cooper Marody,Marody,C,PHI,500000,0,,,,,0,,C,,,,,0,,,0,51,0,0,,0,,,,,,0,,,,,,,,,0,,,,,,,,
8478483,,Mitchell Marner,Marner,W,TOR,7280000,1,86,43.648936,56,,0,,M,0,29,8,0,0,80,21:26,0,57,0,0,,0,29,94,,3,0,0,,17,16,4103.00,6,00:00,115,0,770000,1,189,0,,,,,
8466139,,Patrick Marleau,Marleau,C,SJS,500000,0,,,,,0,,P,,,,,0,,,0,54,0,0,,0,,,,,,0,,,,,,,,,-460000,,,,,,,,
8474593,,Jacob Markstrom,Markstrom,G,NJD,6090000,1,0,40.333333,0,,0,,J,137,0,0,27,0,0,01:09,0,49,0,0,,0,18,54,,0,7,0,,0,0,2178.00,0,00:00,0,1254,1010000,0,0,4,,90.2,,,
8467496,,Andrei Markov,Markov,D,MTL,500000,0,,,,,0,,A,,,,,0,,,0,45,0,0,,0,,,,,,0,,,,,,,,,0,,,,,,,,
8482450,,Juho Markkanen,Markkanen,G,LAK,500000,0,,,,,0,,J,,,,,0,,,0,43,0,0,,0,,,,,,0,,,,,,,,,0,,,,,,,,
8482759,,Viljami Marjala,Marjala,W,EDM,500000,1,,,,,0,,V,,,,,0,,,0,41,0,0,,0,,,,,,0,,,,,,,,,0,,,,,,,,
8478507,,John Marino,Marino,D,UTA,1920000,1,13,15.028571,42,,0,,J,0,1,0,0,0,9,21:10,0,64,0,0,,0,13,35,,0,0,0,,1,2,526.00,0,00:00,14,0,0,0,29,0,,,,,
8475716,,Martin Marincin,Marincin,D,TOR,500000,0,,,,,0,,M,,,,,0,,,0,57,0,0,,0,,,,,,0,,,,,,,,,0,,,,,,,,
8479428,,Dylan Margonari,Margonari,W,WSH,500000,0,,,,,0,,D,,,,,0,,,0,59,0,0,,0,,,,,,0,,,,,,,,,0,,,,,,,,
8484566,,Bradley Marek,Marek,W,MIN,500000,1,,,,,0,,B,,,,,0,,,0,44,0,0,,0,,,,,,0,,,,,,,,,,,,,,,,,
8478206,,Louick Marcotte,Marcotte,W,CAL,500000,0,,,,,0,,L,,,,,0,,,0,34,0,0,,0,,,,,,0,,,,,,,,,0,,,,,,,,
8480358,,Matt Marcinew,Marcinew,C,LAK,500000,0,,,,,0,,M,,,,,0,,,0,43,0,0,,0,,,,,,0,,,,,,,,,0,,,,,,,,
8478975,,Mason Marchment,Marchment,W,SEA,5230000,1,29,30.700000,32,,0,,M,0,23,4,0,0,149,15:19,0,63,0,0,,0,29,80,,0,0,0,,10,71,2456.00,5,00:00,52,0,2490000,0,168,0,,,,,
8478086,,Jake Marchment,Marchment,C,SJS,500000,0,,,,,0,,J,,,,,0,,,0,54,0,0,,0,,,,,,0,,,,,,,,,0,,,,,,,,
8476539,,Jonathan Marchessault,Marchessault,C,NSH,3620000,1,36,26.000000,24,,0,,J,0,21,4,0,0,77,17:59,0,48,0,0,,0,38,78,,1,0,0,,-29,37,2028.00,4,00:00,57,0,-2000000,0,205,0,,,,,
8480893,,Kirill Marchenko,Marchenko,W,CBJ,5100000,1,43,36.645570,38,,0,,K,0,31,2,0,0,55,18:35,0,38,1,0,20251004,0,30,79,,1,0,0,,29,20,2895.00,2,00:00,74,0,4600000,0,207,0,,,,2025-10-01,2025-10-01
8476289,,Alexey Marchenko,Marchenko,D,TOR,500000,0,,,,,0,,A,,,,,0,,,0,57,0,0,,0,,,,,,0,,,,,,,,,0,,,,,,,,
8473419,,Brad Marchand,Marchand,W,FLA,6080000,1,38,34.882979,47,,0,,B,0,33,8,0,0,117,17:55,0,42,0,0,,0,34,94,,4,0,0,,10,112,3279.00,6,00:00,71,0,-2110000,1,240,0,,,,,
8484420,,Marcel Marcel,Marcel,W,CHI,500000,0,,,,,0,,M,,,,,0,,,0,36,0,0,,0,,,,,,0,,,,,,,,,,,,,,,,,
8476978,,Matia Marcantuoni,Marcantuoni,C,ARI,500000,0,,,,,0,,M,,,,,0,,,0,52,0,0,,0,,,,,,0,,,,,,,,,0,,,,,,,,
8481045,,Artyom Manukyan,Manukyan,W,VAN,500000,0,,,,,0,,A,,,,,0,,,0,58,0,0,,0,,,,,,0,,,,,,,,,0,,,,,,,,
8481702,,Matias Mantykivi,Mantykivi,C,BOS,500000,0,,,,,0,,M,,,,,0,,,0,32,0,0,,0,,,,,,0,,,,,,,,,0,,,,,,,,
8477511,,Anthony Mantha,Mantha,W,CAL,2730000,1,3,30.307692,8,,0,,A,0,4,1,0,0,15,13:54,0,34,0,0,,0,5,13,,0,0,0,,6,11,394.00,1,00:00,7,0,-380000,1,15,0,,,,,
8478034,,Ryan Mantha,Mantha,D,NYR,500000,0,,,,,0,,R,,,,,0,,,0,47,0,0,,0,,,,,,0,,,,,,,,,0,,,,,,,,
8476312,,Josh Manson,Manson,D,COL,3210000,1,15,20.363636,69,,0,,J,0,3,0,0,0,129,18:09,0,37,0,0,,0,18,55,,0,0,0,,-2,36,1120.00,0,00:00,18,0,740000,1,83,0,,,,,
8475430,,Brandon Manning,Manning,D,EDM,500000,0,,,,,0,,B,,,,,0,,,0,41,0,0,,0,,,,,,0,,,,,,,,,0,,,,,,,,
8483813,,Sakari Manninen,Manninen,C,VGK,500000,0,,,,,0,,S,,,,,0,,,0,62,0,0,,0,,,,,,0,,,,,,,,,,,,,,,,,
8483582,,Strauss Mann,Mann,G,SJS,500000,0,,,,,0,,S,,,,,0,,,0,54,0,0,,0,,,,,,0,,,,,,,,,,,,,,,,,
8484191,,Matteo Mann,Mann,D,PHI,500000,0,,,,,0,,M,,,,,0,,,0,51,0,0,,0,,,,,,0,,,,,,,,,,,,,,,,,
8482439,,Josh Maniscalco,Maniscalco,D,PIT,500000,0,,,,,0,,J,,,,,0,,,0,53,0,0,,0,,,,,,0,,,,,,,,,0,,,,,,,,
8484435,,Matthew Mania,Mania,D,LAK,500000,0,,,,,0,,M,,,,,0,,,0,43,0,0,,0,,,,,,0,,,,,,,,,,,,,,,,,
8485139,,Calem Mangone,Mangone,W,PIT,500000,0,,,,,0,,C,,,,,0,,,0,53,0,0,,0,,,,,,0,,,,,,,,,,,,,,,,,
8478233,,Andrew Mangiapane,Mangiapane,W,WSH,2690000,1,15,15.802198,37,,0,,A,0,15,4,0,0,88,12:50,0,59,0,0,,0,24,91,,0,0,0,,1,38,1438.00,0,00:00,30,0,-120000,1,107,0,,,,,
8480867,,Kevin Mandolese,Mandolese,G,COL,500000,1,,,,,0,,K,,,,,0,,,0,37,0,0,,0,,,,,,0,,,,,,,,,0,,,,,,,,
8479008,,Jan Mandat,Mandat,C,COL,500000,0,,,,,0,,J,,,,,0,,,0,37,0,0,,0,,,,,,0,,,,,,,,,0,,,,,,,,
8483768,,Victor Mancini,Mancini,D,VAN,1560000,1,7,12.354839,39,,0,,V,0,2,0,0,0,38,15:18,0,58,0,0,,0,13,31,,0,0,0,,-9,10,383.00,1,00:00,9,0,,0,27,0,,,,,
8483814,,Roberto Mancini,Mancini,D,STL,500000,0,,,,,0,,R,,,,,0,,,0,55,0,0,,0,,,,,,0,,,,,,,,,,,,,,,,,
8478235,,Matthew Mancina,Mancina,G,DET,500000,0,,,,,0,,M,,,,,0,,,0,40,0,0,,0,,,,,,0,,,,,,,,,0,,,,,,,,
8479553,,Maxim Mamin,Mamin,C,FLA,500000,0,,,,,0,,M,,,,,0,,,0,42,0,0,,0,,,,,,0,,,,,,,,,0,,,,,,,,
8479573,,Mikhail Maltsev,Maltsev,W,LAK,500000,0,,,,,0,,M,,,,,0,,,0,43,0,0,,0,,,,,,0,,,,,,,,,-910000,,,,,,,,
8482408,,Jeff Malott,Malott,W,LAK,1140000,1,1,7.444444,13,,0,,J,0,0,0,0,0,31,08:29,0,43,0,0,,0,7,18,,0,0,0,,-3,7,134.00,0,00:00,1,0,,0,15,0,,,,,
8467988,,Ryan Malone,Malone,W,NYR,500000,0,,,,,0,,R,,,,,0,,,0,47,0,0,,0,,,,,,0,,,,,,,,,0,,,,,,,,
8474089,,Brad Malone,Malone,C,EDM,500000,0,,,,,0,,B,,,,,0,,,0,41,0,0,,0,,,,,,0,,,,,,,,,0,,,,,,,,
8477391,,Sean Malone,Malone,C,BUF,500000,0,,,,,0,,S,,,,,0,,,0,33,0,0,,0,,,,,,0,,,,,,,,,-530000,,,,,,,,
8481731,,Jack Malone,Malone,W,VAN,500000,0,,,,,0,,J,,,,,0,,,0,58,0,0,,0,,,,,,0,,,,,,,,,0,,,,,,,,
8479521,,Alfons Malmstrom,Malmstrom,D,DET,500000,0,,,,,0,,A,,,,,0,,,0,40,0,0,,0,,,,,,0,,,,,,,,,0,,,,,,,,
8484114,,Anton Malmstrom,Malmstrom,D,STL,500000,0,,,,,0,,A,,,,,0,,,0,55,0,0,,0,,,,,,0,,,,,,,,,,,,,,,,,
8471215,,Evgeni Malkin,Malkin,C,PIT,3360000,1,34,24.441176,47,,0,,E,0,16,3,0,0,32,17:47,0,53,0,0,,0,28,68,,1,0,0,,-24,42,1662.00,4,00:00,50,0,-1060000,0,124,0,,,,,
8484258,,Sam Malinski,Malinski,D,COL,2360000,1,11,14.172840,101,,0,,S,0,5,0,0,0,64,15:50,0,37,0,0,,0,27,81,,0,0,0,,11,20,1148.00,0,00:00,16,0,,0,124,0,,,,,
8484438,,Hudson Malinoski,Malinoski,C,TOR,500000,1,,,,,0,,H,,,,,0,,,0,57,0,0,,0,,,,,,0,,,,,,,,,,,,,,,,,
8482756,,Aleksi Malinen,Malinen,D,NYI,500000,0,,,,,0,,A,,,,,0,,,0,46,0,0,,0,,,,,,0,,,,,,,,,0,,,,,,,,
8483767,,Nick Malik,Malik,G,TBL,500000,0,,,,,0,,N,,,,,0,,,0,56,0,0,,0,,,,,,0,,,,,,,,,,,,,,,,,
8467334,,Manny Malhotra,Malhotra,C,MTL,500000,0,,,,,0,,M,,,,,0,,,0,45,0,0,,0,,,,,,0,,,,,,,,,0,,,,,,,,
8478843,,Denis Malgin,Malgin,C,COL,500000,0,,,,,0,,D,,,,,0,,,0,37,0,0,,0,,,,,,0,,,,,,,,,0,,,,,,,,
8477638,,Jordan Maletta,Maletta,C,CHI,500000,0,,,,,0,,J,,,,,0,,,0,36,0,0,,0,,,,,,0,,,,,,,,,0,,,,,,,,
8479359,,Beck Malenstyn,Malenstyn,W,BUF,1480000,1,6,10.644737,59,,0,,B,0,4,0,0,0,190,10:32,0,33,0,0,,0,33,76,,0,0,0,,-16,29,809.00,0,00:00,10,0,980000,0,67,0,,,,,
8468030,,Vladimir Malenkykh,Malenkykh,D,PIT,500000,0,,,,,0,,V,,,,,0,,,0,53,0,0,,0,,,,,,0,,,,,,,,,0,,,,,,,,
8482867,,Jakub Malek,Malek,G,NJD,500000,1,,,,,0,,J,,,,,0,,,0,49,0,0,,0,,,,,,0,,,,,,,,,0,,,,,,,,
8482744,,James Malatesta,Malatesta,W,CBJ,500000,1,0,2.000000,1,,0,,J,0,0,0,0,0,6,10:34,0,38,0,0,,0,0,2,,0,0,0,,-1,0,4.00,0,00:00,0,0,0,0,0,0,,,,,
8480439,,Kyle Maksimovich,Maksimovich,D,PIT,500000,1,,,,,0,,K,,,,,0,,,0,53,0,0,,0,,,,,,0,,,,,,,,,0,,,,,,,,
8480229,,Kirill Maksimov,Maksimov,W,EDM,500000,0,,,,,0,,K,,,,,0,,,0,41,0,0,,0,,,,,,0,,,,,,,,,0,,,,,,,,
8480199,,Eetu Makiniemi,Makiniemi,G,SJS,500000,0,,,,,0,,E,,,,,0,,,0,54,0,0,,0,,,,,,0,,,,,,,,,0,,,,,,,,
8477322,,Aleksi Makela,Makela,D,DAL,500000,0,,,,,0,,A,,,,,0,,,0,39,0,0,,0,,,,,,0,,,,,,,,,0,,,,,,,,
8482913,,Nikolai Makarov,Makarov,D,CBJ,500000,1,,,,,0,,N,,,,,0,,,0,38,0,0,,0,,,,,,0,,,,,,,,,0,,,,,,,,
8477092,,Andrey Makarov,Makarov,G,BUF,500000,0,,,,,0,,A,,,,,0,,,0,33,0,0,,0,,,,,,0,,,,,,,,,0,,,,,,,,
8480069,,Cale Makar,Makar,D,COL,7170000,1,66,45.045977,126,,0,,C,0,31,4,0,0,60,25:48,0,37,0,0,,0,28,87,,1,0,0,,27,16,3919.00,12,00:00,97,0,1030000,2,272,0,,,,,
8482953,,Taylor Makar,Makar,W,COL,500000,1,,,,,0,,T,,,,,0,,,0,37,0,0,,0,,,,,,0,,,,,,,,,0,,,,,,,,
8482733,,Logan Mailloux,Mailloux,D,STL,1450000,1,2,17.428571,8,,0,,L,0,2,0,0,0,9,16:12,0,55,0,0,,0,4,7,,0,0,0,,-5,6,122.00,0,00:00,4,0,950000,0,10,0,,,,,
8477544,,Philippe Maillet,Maillet,C,MTL,500000,0,,,,,0,,P,,,,,0,,,0,45,0,0,,0,,,,,,0,,,,,,,,,0,,,,,,,,
8483867,,Nolan Maier,Maier,G,PHI,500000,0,,,,,0,,N,,,,,0,,,0,51,0,0,,0,,,,,,0,,,,,,,,,,,,,,,,,
8479372,,Joshua Mahura,Mahura,D,SEA,1540000,1,9,11.390625,50,,0,,J,0,0,0,0,0,89,13:45,0,63,0,0,,0,32,64,,0,0,0,,5,20,729.00,0,00:00,9,0,290000,0,58,0,,,,,
8479007,,Raphael Maheux,Maheux,D,COL,500000,0,,,,,0,,R,,,,,0,,,0,37,0,0,,0,,,,,,0,,,,,,,,,0,,,,,,,,
8478023,,Nick Magyar,Magyar,W,COL,500000,0,,,,,0,,N,,,,,0,,,0,37,0,0,,0,,,,,,0,,,,,,,,,0,,,,,,,,
8481124,,Zachary Magwood,Magwood,C,OTT,500000,0,,,,,0,,Z,,,,,0,,,0,50,0,0,,0,,,,,,0,,,,,,,,,0,,,,,,,,
8476963,,Sean Maguire,Maguire,G,PIT,500000,0,,,,,0,,S,,,,,0,,,0,53,0,0,,0,,,,,,0,,,,,,,,,0,,,,,,,,
8485595,,Ilyas Magomedsultanov,Magomedsultanov,D,SJS,500000,1,,,,,0,,I,,,,,0,,,0,54,0,0,,0,,,,,,0,,,,,,,,,,,,,,,,,
8482509,,Oskar Magnusson,Magnusson,W,WSH,500000,0,,,,,0,,O,,,,,0,,,0,59,0,0,,0,,,,,,0,,,,,,,,,0,,,,,,,,
8483062,,Matthew Maggio,Maggio,W,NYI,500000,1,,,,,0,,M,,,,,0,,,0,46,0,0,,0,,,,,,0,,,,,,,,,0,,,,,,,,
8478255,,Brandon Magee,Magee,C,DAL,500000,0,,,,,0,,B,,,,,0,,,0,39,0,0,,0,,,,,,0,,,,,,,,,0,,,,,,,,
8477357,,Saku Maenalanen,Maenalanen,W,CAR,500000,0,,,,,0,,S,,,,,0,,,0,35,0,0,,0,,,,,,0,,,,,,,,,0,,,,,,,,
8477395,,Merrick Madsen,Madsen,G,ARI,500000,0,,,,,0,,M,,,,,0,,,0,52,0,0,,0,,,,,,0,,,,,,,,,0,,,,,,,,
8480805,,Tyler Madden,Madden,C,LAK,500000,1,,,,,0,,T,,,,,0,,,0,43,0,0,,0,,,,,,0,,,,,,,,,0,,,,,,,,
8475787,,Austin Madaisky,Madaisky,D,CBJ,500000,0,,,,,0,,A,,,,,0,,,0,38,0,0,,0,,,,,,0,,,,,,,,,0,,,,,,,,
8474748,,Andrew MacWilliam,MacWilliam,D,NJD,500000,0,,,,,0,,A,,,,,0,,,0,49,0,0,,0,,,,,,0,,,,,,,,,0,,,,,,,,
8484447,,Ryan MacPherson,MacPherson,C,PHI,500000,1,,,,,0,,R,,,,,0,,,0,51,0,0,,0,,,,,,0,,,,,,,,,,,,,,,,,
8485662,,Andrew MacNiel,MacNiel,D,MTL,500000,1,,,,,0,,A,,,,,0,,,0,45,0,0,,0,,,,,,0,,,,,,,,,,,,,,,,,
8475777,,Mark MacMillan,MacMillan,W,MTL,500000,0,,,,,0,,M,,,,,0,,,0,45,0,0,,0,,,,,,0,,,,,,,,,0,,,,,,,,
8477988,,Johnathan MacLeod,MacLeod,D,TBL,500000,0,,,,,0,,J,,,,,0,,,0,56,0,0,,0,,,,,,0,,,,,,,,,0,,,,,,,,
8481237,,Kyle MacLean,MacLean,C,NYI,1010000,1,7,6.950617,29,,0,,K,0,4,0,0,0,108,09:58,0,46,0,0,,0,33,81,,0,0,0,,-15,14,563.00,0,00:00,11,0,,0,61,0,,,,,
8474050,,Brett MacLean,MacLean,W,ARI,500000,0,,,,,0,,B,,,,,0,,,0,52,0,0,,0,,,,,,0,,,,,,,,,0,,,,,,,,
8477492,,Nathan MacKinnon,MacKinnon,C,COL,9480000,1,88,57.325581,57,,0,,N,0,39,7,0,0,49,22:47,0,37,0,0,,0,27,86,,1,0,0,,30,43,4930.00,12,00:00,127,0,1040000,0,357,0,,,,,
8484190,,Dylan MacKinnon,MacKinnon,D,NSH,500000,0,,,,,0,,D,,,,,0,,,0,48,0,0,,0,,,,,,0,,,,,,,,,,,,,,,,,
8482067,,Connor Mackey,Mackey,D,NYR,780000,1,0,13.500000,1,,0,,C,0,0,0,0,0,4,16:08,0,47,0,0,,0,2,2,,0,0,0,,0,5,27.00,0,00:00,0,0,-120000,0,1,0,,,,,
8468001,,Derek MacKenzie,MacKenzie,C,FLA,500000,0,,,,,0,,D,,,,,0,,,0,42,0,0,,0,,,,,,0,,,,,,,,,0,,,,,,,,
8469569,,Drew MacIntyre,MacIntyre,G,CAR,500000,0,,,,,0,,D,,,,,0,,,0,35,0,0,,0,,,,,,0,,,,,,,,,0,,,,,,,,
8480334,,Bobby MacIntyre,MacIntyre,W,FA,500000,0,,,,,0,,B,,,,,0,,,0,0,0,0,,0,,,,,,0,,,,,,,,,0,,,,,,,,
8477974,,Ryan MacInnis,MacInnis,C,BUF,500000,0,,,,,0,,R,,,,,0,,,0,33,0,0,,0,,,,,,0,,,,,,,,,0,,,,,,,,
8482954,,Tomas Machu,Machu,D,NYI,500000,1,,,,,0,,T,,,,,0,,,0,46,0,0,,0,,,,,,0,,,,,,,,,0,,,,,,,,
8479772,,Zack MacEwen,MacEwen,W,OTT,1780000,1,1,14.380952,7,,0,,Z,0,2,0,0,0,49,07:46,0,50,0,0,,0,10,21,,0,0,0,,0,21,302.00,0,00:00,3,0,400000,0,26,0,,,,,
8476907,,Mackenzie MacEachern,MacEachern,W,STL,500000,1,,,,,0,,M,,,,,0,,,0,55,0,0,,0,,,,,,0,,,,,,,,,-920000,,,,,,,,
8484283,,Connor MacEachern,MacEachern,C,SJS,500000,0,,,,,0,,C,,,,,0,,,0,54,0,0,,0,,,,,,0,,,,,,,,,,,,,,,,,
8481162,,Matthew MacDougall,MacDougall,W,TBL,500000,0,,,,,0,,M,,,,,0,,,0,56,0,0,,0,,,,,,0,,,,,,,,,0,,,,,,,,
8484468,,Angus MacDonell,MacDonell,C,DAL,500000,1,,,,,0,,A,,,,,0,,,0,39,0,0,,0,,,,,,0,,,,,,,,,,,,,,,,,
8479439,,Jacob MacDonald,MacDonald,D,COL,500000,1,,,,,0,,J,,,,,0,,,0,37,0,0,,0,,,,,,0,,,,,,,,,-1810000,,,,,,,,
8483484,,Ben MacDonald,MacDonald,C,SEA,500000,1,,,,,0,,B,,,,,0,,,0,63,0,0,,0,,,,,,0,,,,,,,,,,,,,,,,,
8485472,,Caleb MacDonald,MacDonald,D,CBJ,500000,1,,,,,0,,C,,,,,0,,,0,38,0,0,,0,,,,,,0,,,,,,,,,,,,,,,,,
8473584,,Andrew MacDonald,MacDonald,D,PHI,500000,0,,,,,0,,A,,,,,0,,,0,51,0,0,,0,,,,,,0,,,,,,,,,0,,,,,,,,
8482937,,Cameron MacDonald,MacDonald,C,TBL,500000,0,,,,,0,,C,,,,,0,,,0,56,0,0,,0,,,,,,0,,,,,,,,,0,,,,,,,,
8477073,,Kurtis MacDermid,MacDermid,W,NJD,690000,1,0,5.521739,8,,0,,K,0,0,0,0,0,39,05:47,0,49,0,0,,0,7,23,,0,0,0,,-5,23,127.00,0,00:00,0,0,-390000,0,7,0,,,,,
8475283,,Lane MacDermid,MacDermid,W,CAL,500000,0,,,,,0,,L,,,,,0,,,0,34,0,0,,0,,,,,,0,,,,,,,,,0,,,,,,,,
8481711,,Matias Maccelli,Maccelli,W,TOR,1320000,1,10,9.927273,10,,0,,M,0,8,0,0,0,6,13:44,0,57,0,0,,0,24,55,,0,0,0,,-13,8,546.00,0,00:00,18,0,820000,0,85,0,,,,,
8470667,,Clarke MacArthur,MacArthur,W,OTT,500000,0,,,,,0,,C,,,,,0,,,0,50,0,0,,0,,,,,,0,,,,,,,,,0,,,,,,,,
8483102,,Bennett MacArthur,MacArthur,W,PIT,500000,0,,,,,0,,B,,,,,0,,,0,53,0,0,,0,,,,,,0,,,,,,,,,0,,,,,,,,
8476874,,Olli Maatta,Maatta,D,UTA,1770000,1,16,12.753247,109,,0,,O,0,2,0,0,0,25,19:33,0,64,0,0,,0,29,77,,0,0,0,,7,16,982.00,0,00:00,18,0,890000,0,73,0,,,,,
8483693,,Joel Maatta,Maatta,C,EDM,500000,1,,,,,0,,J,,,,,0,,,0,41,0,0,,0,,,,,,0,,,,,,,,,,,,,,,,,
8480253,,Benton Maass,Maass,D,WSH,500000,0,,,,,0,,B,,,,,0,,,0,59,0,0,,0,,,,,,0,,,,,,,,,0,,,,,,,,
8478061,,Joonas Lyytinen,Lyytinen,D,NSH,500000,0,,,,,0,,J,,,,,0,,,0,48,0,0,,0,,,,,,0,,,,,,,,,0,,,,,,,,
8480950,,Ilya Lyubushkin,Lyubushkin,D,DAL,2010000,1,16,12.010638,143,,0,,I,0,1,0,0,0,102,17:20,0,39,0,0,,0,31,94,,0,0,0,,-2,36,1129.00,0,00:00,17,0,1010000,0,63,0,,,,,
8470234,,Mikhail Lyubushin,Lyubushin,D,LAK,500000,0,,,,,0,,M,,,,,0,,,0,43,0,0,,0,,,,,,0,,,,,,,,,0,,,,,,,,
8479648,,Roman Lyubimov,Lyubimov,W,TOR,500000,0,,,,,0,,R,,,,,0,,,0,57,0,0,,0,,,,,,0,,,,,,,,,0,,,,,,,,
8482763,,Fabian Lysell,Lysell,W,BOS,1140000,1,2,11.583333,2,,0,,F,0,1,1,0,0,5,13:27,0,32,0,0,,0,7,12,,0,0,0,,-4,6,139.00,1,00:00,3,0,590000,0,21,0,,,,,
8479312,,Alex Lyon,Lyon,G,BUF,3960000,1,0,31.400000,0,,0,,A,73,0,0,14,0,0,51:59,0,33,0,0,,0,14,30,,0,1,0,,0,0,942.00,0,00:00,0,631,2520000,0,0,1,,89.6,,,
8480245,,Olle Lycksell,Lycksell,W,PHI,870000,1,5,7.842105,5,,0,,O,0,0,0,0,0,9,11:53,0,51,0,0,,0,8,19,,0,0,0,,-3,2,149.00,0,00:00,5,0,370000,0,10,0,,,,,
8482503,,Albert Lyckasen,Lyckasen,D,BUF,500000,0,,,,,0,,A,,,,,0,,,0,33,0,0,,0,,,,,,0,,,,,,,,,0,,,,,,,,
8471271,,Kirill Lyamin,Lyamin,D,OTT,500000,0,,,,,0,,K,,,,,0,,,0,50,0,0,,0,,,,,,0,,,,,,,,,0,,,,,,,,
8482903,,Jalen Luypen,Luypen,C,CHI,500000,0,,,,,0,,J,,,,,0,,,0,36,0,0,,0,,,,,,0,,,,,,,,,0,,,,,,,,
8480045,,Ukko-Pekka Luukkonen,Luukkonen,G,BUF,3760000,1,1,28.272727,0,,0,,U,169,0,0,24,0,0,57:41,0,33,1,0,20251003,0,24,55,,0,5,0,,0,0,1555.00,0,00:00,1,1320,2590000,0,0,2,,88.7,,2025-10-02,2025-10-02
8483483,,Julian Lutz,Lutz,W,UTA,500000,1,,,,,0,,J,,,,,0,,,0,64,0,0,,0,,,,,,0,,,,,,,,,,,,,,,,,
8485674,,Roman Luttsev,Luttsev,C,TBL,500000,1,,,,,0,,R,,,,,0,,,0,56,0,0,,0,,,,,,0,,,,,,,,,,,,,,,,,
8470207,,Joffrey Lupul,Lupul,W,TOR,500000,0,,,,,0,,J,,,,,0,,,0,57,0,0,,0,,,,,,0,,,,,,,,,0,,,,,,,,
8481649,,Joona Luoto,Luoto,W,CBJ,500000,0,,,,,0,,J,,,,,0,,,0,38,0,0,,0,,,,,,0,,,,,,,,,0,,,,,,,,
8480185,,Eetu Luostarinen,Luostarinen,C,FLA,4320000,1,30,24.563107,83,,0,,E,0,14,3,0,0,270,15:19,0,42,0,0,,0,33,103,,0,0,0,,23,53,2530.00,0,00:00,44,0,3250000,1,120,0,,,,,
8466141,,Roberto Luongo,Luongo,G,FLA,500000,0,,,,,0,,R,,,,,0,,,0,42,0,0,,0,,,,,,0,,,,,,,,,0,,,,,,,,
8483482,,Tristan Luneau,Luneau,D,ANA,500000,1,0,-0.666667,9,,0,,T,0,0,0,0,0,5,16:33,0,31,0,0,,0,3,6,,0,0,0,,-5,2,-4.00,0,00:00,0,0,,0,6,0,,,,,
8476373,,Niklas Lundstrom,Lundstrom,G,STL,500000,0,,,,,0,,N,,,,,0,,,0,55,0,0,,0,,,,,,0,,,,,,,,,0,,,,,,,,
8468685,,Henrik Lundqvist,Lundqvist,G,WSH,500000,0,,,,,0,,H,,,,,0,,,0,59,0,0,,0,,,,,,0,,,,,,,,,-2760000,,,,,,,,
8481547,,Simon Lundmark,Lundmark,D,TBL,500000,1,,,,,0,,S,,,,,0,,,0,56,0,0,,0,,,,,,0,,,,,,,,,0,,,,,,,,
8485495,,Anton Lundmark,Lundmark,W,FLA,500000,1,,,,,0,,A,,,,,0,,,0,42,0,0,,0,,,,,,0,,,,,,,,,,,,,,,,,
8480878,,Nils Lundkvist,Lundkvist,D,DAL,1460000,1,5,11.358974,34,,0,,N,0,0,0,0,0,23,15:01,0,39,0,0,,0,12,39,,0,0,0,,4,20,443.00,0,00:00,5,0,960000,0,52,0,,,,,
8480806,,Isac Lundestrom,Lundestrom,C,ANA,1150000,1,11,8.240506,67,,0,,I,0,4,1,0,0,47,13:33,0,31,0,0,,0,35,79,,0,0,0,,-12,10,651.00,0,00:00,15,0,0,0,59,0,,,,,
8482113,,Anton Lundell,Lundell,C,FLA,5180000,1,40,29.500000,68,,0,,A,0,23,2,0,0,139,16:35,0,42,1,0,20251007,0,32,102,,0,0,0,,36,50,3009.00,2,00:00,63,0,4680000,2,205,0,,,,2025-10-03,2025-10-03
8479485,,Martin Lundberg,Lundberg,C,CHI,500000,0,,,,,0,,M,,,,,0,,,0,36,0,0,,0,,,,,,0,,,,,,,,,0,,,,,,,,
8483481,,Cam Lund,Lund,C,SJS,500000,1,1,3.545455,2,,0,,C,0,2,0,0,0,7,11:30,0,54,0,0,,0,7,11,,0,0,0,,-10,4,39.00,1,00:00,3,0,,0,12,0,,,,,
8481509,,Jarid Lukosevicius,Lukosevicius,W,DET,500000,0,,,,,0,,J,,,,,0,,,0,40,0,0,,0,,,,,,0,,,,,,,,,0,,,,,,,,
8482770,,Vladislav Lukashevich,Lukashevich,D,FLA,500000,1,,,,,0,,V,,,,,0,,,0,42,0,0,,0,,,,,,0,,,,,,,,,0,,,,,,,,
8479644,,Matt Luff,Luff,W,STL,500000,1,,,,,0,,M,,,,,0,,,0,55,0,0,,0,,,,,,0,,,,,,,,,-40000,,,,,,,,
8483480,,Paul Ludwinski,Ludwinski,C,CHI,500000,1,,,,,0,,P,,,,,0,,,0,36,0,0,,0,,,,,,0,,,,,,,,,,,,,,,,,
8481206,,John Ludvig,Ludvig,D,COL,1010000,0,2,11.250000,6,,0,,J,0,0,0,0,0,16,12:57,0,37,0,0,,0,4,8,,0,0,0,,-4,6,90.00,0,00:00,2,0,510000,0,9,0,,,,,
8484394,,Tanner Ludtke,Ludtke,C,UTA,500000,1,,,,,0,,T,,,,,0,,,0,64,0,0,,0,,,,,,0,,,,,,,,,,,,,,,,,
8482780,,Chaz Lucius,Lucius,C,WPG,500000,1,,,,,0,,C,,,,,0,,,0,60,0,0,,0,,,,,,0,,,,,,,,,0,,,,,,,,
8483479,,Cruz Lucius,Lucius,W,PIT,500000,1,,,,,0,,C,,,,,0,,,0,53,0,0,,0,,,,,,0,,,,,,,,,,,,,,,,,
8473473,,Milan Lucic,Lucic,W,BOS,500000,0,,,,,0,,M,,,,,0,,,0,32,0,0,,0,,,,,,0,,,,,,,,,-2020000,,,,,,,,
8476385,,Mario Lucia,Lucia,W,NJD,500000,0,,,,,0,,M,,,,,0,,,0,49,0,0,,0,,,,,,0,,,,,,,,,0,,,,,,,,
8480364,,Aaron Luchuk,Luchuk,C,MTL,500000,0,,,,,0,,A,,,,,0,,,0,45,0,0,,0,,,,,,0,,,,,,,,,0,,,,,,,,
8462236,,Sergei Luchinkin,Luchinkin,W,CBJ,500000,0,,,,,0,,S,,,,,0,,,0,38,0,0,,0,,,,,,0,,,,,,,,,0,,,,,,,,
8484779,,Jett Luchanko,Luchanko,C,PHI,500000,1,,,,,0,,J,,,,,0,,,0,51,0,0,,0,,,,,,0,,,,,,,,,,,,,,,,,
8481422,,Jake Lucchini,Lucchini,C,NSH,500000,1,0,-2.000000,0,,0,,J,0,0,0,0,0,2,11:29,0,48,0,0,,0,2,3,,0,0,0,,-2,2,-6.00,0,00:00,0,0,,0,2,0,,,,,
8476392,,Adam Lowry,Lowry,C,WPG,4210000,1,18,25.162791,62,,0,,A,0,20,5,0,0,201,15:44,0,60,0,0,,0,27,86,,2,0,0,,20,44,2164.00,0,00:00,38,0,280000,0,123,0,,,,,
8476382,,Joel Lowry,Lowry,W,LAK,500000,0,,,,,0,,J,,,,,0,,,0,43,0,0,,0,,,,,,0,,,,,,,,,0,,,,,,,,
8476397,,Keegan Lowe,Lowe,D,EDM,500000,0,,,,,0,,K,,,,,0,,,0,41,0,0,,0,,,,,,0,,,,,,,,,0,,,,,,,,
8485168,,Simon Lovsin,Lovsin,W,ANA,500000,0,,,,,0,,S,,,,,0,,,0,31,0,0,,0,,,,,,0,,,,,,,,,,,,,,,,,
8477147,,Vincent LoVerde,LoVerde,D,TOR,500000,0,,,,,0,,V,,,,,0,,,0,57,0,0,,0,,,,,,0,,,,,,,,,0,,,,,,,,
8473933,,Ben Lovejoy,Lovejoy,D,DAL,500000,0,,,,,0,,B,,,,,0,,,0,39,0,0,,0,,,,,,0,,,,,,,,,0,,,,,,,,
8466378,,Martin St. Louis,Louis,W,NYR,500000,0,,,,,0,,M,,,,,0,,,0,47,0,0,,0,,,,,,0,,,,,,,,,0,,,,,,,,
8477321,,Anthony Louis,Louis,C,CHI,500000,0,,,,,0,,A,,,,,0,,,0,36,0,0,,0,,,,,,0,,,,,,,,,0,,,,,,,,
8485043,,Veeti Louhivaara,Louhivaara,G,NJD,500000,1,,,,,0,,V,,,,,0,,,0,49,0,0,,0,,,,,,0,,,,,,,,,,,,,,,,,
8480096,,Kevin Lough,Lough,D,FA,500000,0,,,,,0,,K,,,,,0,,,0,0,0,0,,0,,,,,,0,,,,,,,,,0,,,,,,,,
8477630,,Austin Lotz,Lotz,G,CHI,500000,0,,,,,0,,A,,,,,0,,,0,36,0,0,,0,,,,,,0,,,,,,,,,0,,,,,,,,
8484415,,Andrei Loshko,Loshko,C,SEA,500000,1,,,,,0,,A,,,,,0,,,0,63,0,0,,0,,,,,,0,,,,,,,,,,,,,,,,,
8484557,,Yoan Loshing,Loshing,W,COL,500000,0,,,,,0,,Y,,,,,0,,,0,37,0,0,,0,,,,,,0,,,,,,,,,,,,,,,,,
8480349,,Vince Loschiavo,Loschiavo,W,FA,500000,0,,,,,0,,V,,,,,0,,,0,0,0,0,,0,,,,,,0,,,,,,,,,0,,,,,,,,
8478371,,Matt Lorito,Lorito,W,TOR,500000,0,,,,,0,,M,,,,,0,,,0,57,0,0,,0,,,,,,0,,,,,,,,,0,,,,,,,,
8483478,,Rieger Lorenz,Lorenz,W,MIN,500000,1,,,,,0,,R,,,,,0,,,0,44,0,0,,0,,,,,,0,,,,,,,,,,,,,,,,,
8478904,,Steven Lorentz,Lorentz,C,TOR,2610000,1,13,16.000000,62,,0,,S,0,8,5,0,0,241,10:46,0,57,0,0,,0,29,93,,0,0,0,,2,13,1488.00,0,00:00,21,0,1020000,1,89,0,,,,,
8485667,,Jeremy Loranger,Loranger,C,CBJ,500000,1,,,,,0,,J,,,,,0,,,0,38,0,0,,0,,,,,,0,,,,,,,,,,,,,,,,,
8485052,,Markus Loponen,Loponen,C,WPG,500000,1,,,,,0,,M,,,,,0,,,0,60,0,0,,0,,,,,,0,,,,,,,,,,,,,,,,,
8482925,,Josh Lopina,Lopina,C,ANA,500000,0,,,,,0,,J,,,,,0,,,0,31,0,0,,0,,,,,,0,,,,,,,,,0,,,,,,,,
8477033,,Viktor Loov,Loov,D,MIN,500000,0,,,,,0,,V,,,,,0,,,0,44,0,0,,0,,,,,,0,,,,,,,,,0,,,,,,,,
8478490,,Jens Looke,Looke,W,ARI,500000,0,,,,,0,,J,,,,,0,,,0,52,0,0,,0,,,,,,0,,,,,,,,,0,,,,,,,,
8484940,,Kyle Looft,Looft,D,DAL,500000,0,,,,,0,,K,,,,,0,,,0,39,0,0,,0,,,,,,0,,,,,,,,,,,,,,,,,
8482478,,Leo Loof,Loof,D,STL,500000,1,,,,,0,,L,,,,,0,,,0,55,0,0,,0,,,,,,0,,,,,,,,,0,,,,,,,,
8479066,,Ryan Lomberg,Lomberg,W,CAL,1450000,1,10,10.700000,19,,0,,R,0,3,0,0,0,120,08:39,0,34,0,0,,0,26,80,,0,0,0,,-5,57,856.00,0,00:00,13,0,-1270000,0,66,0,,,,,
8483695,,Amadeus Lombardi,Lombardi,C,DET,500000,1,,,,,0,,A,,,,,0,,,0,40,0,0,,0,,,,,,0,,,,,,,,,,,,,,,,,
8485602,,Jimmy Lombardi,Lombardi,C,LAK,500000,1,,,,,0,,J,,,,,0,,,0,43,0,0,,0,,,,,,0,,,,,,,,,,,,,,,,,
8482511,,Mason Lohrei,Lohrei,D,BOS,1580000,1,28,11.389610,95,,0,,M,0,5,0,0,0,25,19:32,0,32,0,0,,0,35,77,,0,0,0,,-43,16,877.00,1,00:00,33,0,1080000,0,92,0,,,,,
8479570,,Ryan Lohin,Lohin,C,TBL,500000,0,,,,,0,,R,,,,,0,,,0,56,0,0,,0,,,,,,0,,,,,,,,,0,,,,,,,,
8481081,,Luke Loheit,Loheit,W,OTT,500000,0,,,,,0,,L,,,,,0,,,0,50,0,0,,0,,,,,,0,,,,,,,,,0,,,,,,,,
8470792,,Denis Loginov,Loginov,C,WPG,500000,0,,,,,0,,D,,,,,0,,,0,60,0,0,,0,,,,,,0,,,,,,,,,0,,,,,,,,
8482883,,William Von Barnekow Lofberg,Lofberg,C,BUF,500000,0,,,,,0,,W,,,,,0,,,0,33,0,0,,0,,,,,,0,,,,,,,,,0,,,,,,,,
8479646,,Jermaine Loewen,Loewen,W,SJS,500000,0,,,,,0,,J,,,,,0,,,0,54,0,0,,0,,,,,,0,,,,,,,,,0,,,,,,,,
8480020,,Ivan Lodnia,Lodnia,W,MIN,500000,0,,,,,0,,I,,,,,0,,,0,44,0,0,,0,,,,,,0,,,,,,,,,0,,,,,,,,
8481657,,Viktor Lodin,Lodin,C,OTT,500000,0,,,,,0,,V,,,,,0,,,0,50,0,0,,0,,,,,,0,,,,,,,,,0,,,,,,,,
8477411,,Jimmy Lodge,Lodge,C,WPG,500000,0,,,,,0,,J,,,,,0,,,0,60,0,0,,0,,,,,,0,,,,,,,,,0,,,,,,,,
8483704,,Dans Locmelis,Locmelis,C,BOS,500000,1,,,,,0,,D,,,,,0,,,0,32,0,0,,0,,,,,,0,,,,,,,,,,,,,,,,,
8479367,,William Lockwood,Lockwood,W,FLA,500000,0,,,,,0,,W,,,,,0,,,0,42,0,0,,0,,,,,,0,,,,,,,,,0,,,,,,,,
8482743,,Connor Lockhart,Lockhart,W,CAR,500000,0,,,,,0,,C,,,,,0,,,0,35,0,0,,0,,,,,,0,,,,,,,,,0,,,,,,,,
8482491,,Daniel Ljungman,Ljungman,C,DAL,500000,0,,,,,0,,D,,,,,0,,,0,39,0,0,,0,,,,,,0,,,,,,,,,0,,,,,,,,
8482480,,Alexander Ljungkrantz,Ljungkrantz,W,NYI,500000,0,,,,,0,,A,,,,,0,,,0,46,0,0,,0,,,,,,0,,,,,,,,,0,,,,,,,,
8481481,,Blake Lizotte,Lizotte,C,PIT,1970000,1,9,14.711864,29,,0,,B,0,11,1,0,0,60,12:43,0,53,0,0,,0,22,59,,0,0,0,,-4,26,868.00,1,00:00,20,0,420000,1,51,0,,,,,
8479019,,Cameron Lizotte,Lizotte,D,TOR,500000,0,,,,,0,,C,,,,,0,,,0,57,0,0,,0,,,,,,0,,,,,,,,,0,,,,,,,,
8481489,,Jon Lizotte,Lizotte,D,PIT,500000,0,,,,,0,,J,,,,,0,,,0,53,0,0,,0,,,,,,0,,,,,,,,,0,,,,,,,,
8483904,,Mark Liwiski,Liwiski,C,SJS,500000,0,,,,,0,,M,,,,,0,,,0,54,0,0,,0,,,,,,0,,,,,,,,,,,,,,,,,
8484256,,Jake Livingstone,Livingstone,D,NSH,500000,0,,,,,0,,J,,,,,0,,,0,48,0,0,,0,,,,,,0,,,,,,,,,,,,,,,,,
8482882,,Eetu Liukas,Liukas,W,NYI,500000,1,,,,,0,,E,,,,,0,,,0,46,0,0,,0,,,,,,0,,,,,,,,,0,,,,,,,,
8468135,,Alexei Litvinenko,Litvinenko,D,ARI,500000,0,,,,,0,,A,,,,,0,,,0,52,0,0,,0,,,,,,0,,,,,,,,,0,,,,,,,,
8483698,,Cade Littler,Littler,C,CAL,500000,1,,,,,0,,C,,,,,0,,,0,34,0,0,,0,,,,,,0,,,,,,,,,,,,,,,,,
8473412,,Bryan Little,Little,C,ARI,500000,0,,,,,0,,B,,,,,0,,,0,52,0,0,,0,,,,,,0,,,,,,,,,0,,,,,,,,
8483700,,Brandon Lisowsky,Lisowsky,W,TOR,500000,0,,,,,0,,B,,,,,0,,,0,57,0,0,,0,,,,,,0,,,,,,,,,,,,,,,,,
8477076,,JC Lipon,Lipon,W,WPG,500000,0,,,,,0,,J,,,,,0,,,0,60,0,0,,0,,,,,,0,,,,,,,,,0,,,,,,,,
8482924,,Sam Lipkin,Lipkin,W,UTA,500000,1,,,,,0,,S,,,,,0,,,0,64,0,0,,0,,,,,,0,,,,,,,,,0,,,,,,,,
8484189,,Jaden Lipinski,Lipinski,C,CAL,500000,1,,,,,0,,J,,,,,0,,,0,34,0,0,,0,,,,,,0,,,,,,,,,,,,,,,,,
8480047,,Alexei Lipanov,Lipanov,C,DAL,500000,0,,,,,0,,A,,,,,0,,,0,39,0,0,,0,,,,,,0,,,,,,,,,0,,,,,,,,
8477991,,Alex Lintuniemi,Lintuniemi,D,CAR,500000,0,,,,,0,,A,,,,,0,,,0,35,0,0,,0,,,,,,0,,,,,,,,,0,,,,,,,,
8484780,,Cayden Lindstrom,Lindstrom,C,CBJ,2820000,1,,,,,0,,C,,,,,0,,,0,38,0,0,,0,,,,,,0,,,,,,,,,,,,,,,,,
8470152,,Joakim Lindstrom,Lindstrom,C,TOR,500000,0,,,,,0,,J,,,,,0,,,0,57,0,0,,0,,,,,,0,,,,,,,,,0,,,,,,,,
8479412,,Linus Lindstrom,Lindstrom,C,CAL,500000,0,,,,,0,,L,,,,,0,,,0,34,0,0,,0,,,,,,0,,,,,,,,,0,,,,,,,,
8480184,,Gustav Lindstrom,Lindstrom,D,ANA,500000,0,,,,,0,,G,,,,,0,,,0,31,0,0,,0,,,,,,0,,,,,,,,,-660000,,,,,,,,
8484188,,Theo Lindstein,Lindstein,D,STL,500000,1,,,,,0,,T,,,,,0,,,0,55,0,0,,0,,,,,,0,,,,,,,,,,,,,,,,,
8480922,,Michael Lindqvist,Lindqvist,C,NYR,500000,0,,,,,0,,M,,,,,0,,,0,47,0,0,,0,,,,,,0,,,,,,,,,0,,,,,,,,
8478101,,Jaden Lindo,Lindo,W,PIT,500000,0,,,,,0,,J,,,,,0,,,0,53,0,0,,0,,,,,,0,,,,,,,,,0,,,,,,,,
8481531,,Owen Lindmark,Lindmark,C,FLA,500000,0,,,,,0,,O,,,,,0,,,0,42,0,0,,0,,,,,,0,,,,,,,,,0,,,,,,,,
8476854,,Hampus Lindholm,Lindholm,D,BOS,1720000,1,4,16.529412,17,,0,,H,0,3,1,0,0,5,20:51,0,32,0,0,,0,6,17,,0,0,0,,-4,4,281.00,0,00:00,7,0,-140000,0,35,0,,,,,
8477496,,Elias Lindholm,Lindholm,C,BOS,3370000,1,30,24.000000,76,,0,,E,0,17,3,0,0,112,18:05,0,32,0,0,,0,38,82,,0,0,0,,-4,14,1968.00,2,00:00,47,0,-1110000,1,150,0,,,,,
8478073,,Anton Lindholm,Lindholm,D,CHI,500000,0,,,,,0,,A,,,,,0,,,0,36,0,0,,0,,,,,,0,,,,,,,,,0,,,,,,,,
8480944,,Par Lindholm,Lindholm,C,BOS,500000,0,,,,,0,,P,,,,,0,,,0,32,0,0,,0,,,,,,0,,,,,,,,,0,,,,,,,,
8479292,,Charlie Lindgren,Lindgren,G,WSH,4260000,1,0,33.100000,0,,0,,C,105,0,0,20,0,0,57:20,0,59,0,0,,0,15,40,,0,3,0,,0,0,1324.00,0,00:00,0,887,3760000,0,0,1,,89.4,,,
8479324,,Ryan Lindgren,Lindgren,D,SEA,2980000,1,21,17.784810,130,,0,,R,0,4,0,0,0,93,19:36,0,63,0,0,,0,31,79,,0,0,0,,5,48,1405.00,0,00:00,25,0,140000,0,70,0,,,,,
8485443,,Zeb Lindgren,Lindgren,D,NYR,500000,1,,,,,0,,Z,,,,,0,,,0,47,0,0,,0,,,,,,0,,,,,,,,,,,,,,,,,
8478505,,Jesper Lindgren,Lindgren,D,PIT,500000,0,,,,,0,,J,,,,,0,,,0,53,0,0,,0,,,,,,0,,,,,,,,,0,,,,,,,,
8483477,,Mats Lindgren,Lindgren,D,PIT,500000,0,,,,,0,,M,,,,,0,,,0,53,0,0,,0,,,,,,0,,,,,,,,,,,,,,,,,
8482469,,Jeremias Lindewall,Lindewall,W,EDM,500000,0,,,,,0,,J,,,,,0,,,0,41,0,0,,0,,,,,,0,,,,,,,,,0,,,,,,,,
8476902,,Esa Lindell,Lindell,D,DAL,3170000,1,22,18.428571,186,,0,,E,0,6,0,0,0,63,22:26,0,39,0,0,,0,33,98,,0,0,0,,31,18,1806.00,1,00:00,28,0,440000,0,117,0,,,,,
8482761,,Carl Lindbom,Lindbom,G,VGK,500000,1,,,,,0,,C,,,,,0,,,0,62,0,0,,0,,,,,,0,,,,,,,,,0,,,,,,,,
8481015,,Olof Lindbom,Lindbom,G,NYR,500000,0,,,,,0,,O,,,,,0,,,0,47,0,0,,0,,,,,,0,,,,,,,,,0,,,,,,,,
8476989,,Petteri Lindbohm,Lindbohm,D,STL,500000,0,,,,,0,,P,,,,,0,,,0,55,0,0,,0,,,,,,0,,,,,,,,,0,,,,,,,,
8478067,,Oskar Lindblom,Lindblom,W,SJS,500000,0,,,,,0,,O,,,,,0,,,0,54,0,0,,0,,,,,,0,,,,,,,,,-910000,,,,,,,,
8477228,,Matt Lindblad,Lindblad,C,NYR,500000,0,,,,,0,,M,,,,,0,,,0,47,0,0,,0,,,,,,0,,,,,,,,,0,,,,,,,,
8481758,,Filip Lindberg,Lindberg,G,PIT,500000,1,,,,,0,,F,,,,,0,,,0,53,0,0,,0,,,,,,0,,,,,,,,,0,,,,,,,,
8475715,,Oscar Lindberg,Lindberg,W,OTT,500000,0,,,,,0,,O,,,,,0,,,0,50,0,0,,0,,,,,,0,,,,,,,,,0,,,,,,,,
8477427,,Tobias Lindberg,Lindberg,W,VGK,500000,0,,,,,0,,T,,,,,0,,,0,62,0,0,,0,,,,,,0,,,,,,,,,0,,,,,,,,
8474765,,Anders Lindback,Lindback,G,NSH,500000,0,,,,,0,,A,,,,,0,,,0,48,0,0,,0,,,,,,0,,,,,,,,,0,,,,,,,,
8479986,,Kole Lind,Lind,W,DAL,500000,1,,,,,0,,K,,,,,0,,,0,39,0,0,,0,,,,,,0,,,,,,,,,0,,,,,,,,
8484187,,Kalan Lind,Lind,W,NSH,500000,1,,,,,0,,K,,,,,0,,,0,48,0,0,,0,,,,,,0,,,,,,,,,,,,,,,,,
8485442,,Kurban Limatov,Limatov,D,CAR,500000,1,,,,,0,,K,,,,,0,,,0,35,0,0,,0,,,,,,0,,,,,,,,,,,,,,,,,
8482929,,Emil Lilleberg,Lilleberg,D,TBL,2570000,1,19,16.061728,63,,0,,E,0,1,1,0,0,122,15:05,0,56,0,0,,0,27,81,,0,0,0,,-1,109,1301.00,0,00:00,20,0,2070000,0,47,0,,,,,
8480043,,Timothy Liljegren,Liljegren,D,SJS,1680000,1,11,12.338235,99,,0,,T,0,6,0,0,0,64,19:12,0,54,0,0,,0,41,68,,0,0,0,,-25,38,839.00,2,00:00,17,0,900000,0,102,0,,,,,
8481650,,Jakob Lilja,Lilja,W,CBJ,500000,0,,,,,0,,J,,,,,0,,,0,38,0,0,,0,,,,,,0,,,,,,,,,0,,,,,,,,
8468639,,John-Michael Liles,Liles,D,BOS,500000,0,,,,,0,,J,,,,,0,,,0,32,0,0,,0,,,,,,0,,,,,,,,,0,,,,,,,,
8476319,,Nathan Lieuwen,Lieuwen,G,BUF,500000,0,,,,,0,,N,,,,,0,,,0,33,0,0,,0,,,,,,0,,,,,,,,,0,,,,,,,,
8483817,,Justin Lies,Lies,W,VGK,500000,0,,,,,0,,J,,,,,0,,,0,62,0,0,,0,,,,,,0,,,,,,,,,,,,,,,,,
8477344,,Miles Liberati,Liberati,D,PIT,500000,0,,,,,0,,M,,,,,0,,,0,53,0,0,,0,,,,,,0,,,,,,,,,0,,,,,,,,
8475436,,Mike Liambas,Liambas,W,MIN,500000,0,,,,,0,,M,,,,,0,,,0,44,0,0,,0,,,,,,0,,,,,,,,,0,,,,,,,,
8473453,,Trevor Lewis,Lewis,C,LAK,1720000,1,6,11.741935,36,,0,,T,0,6,1,0,0,105,10:02,0,43,0,0,,0,23,62,,0,0,0,,-4,20,728.00,0,00:00,12,0,-10000,0,53,0,,,,,
8477343,,Tyler Lewington,Lewington,D,BOS,500000,0,,,,,0,,T,,,,,0,,,0,32,0,0,,0,,,,,,0,,,,,,,,,-1450000,,,,,,,,
8485441,,David Lewandowski,Lewandowski,W,EDM,500000,1,,,,,0,,D,,,,,0,,,0,41,0,0,,0,,,,,,0,,,,,,,,,,,,,,,,,
8483641,,Anton Levtchi,Levtchi,W,FLA,500000,0,,,,,0,,A,,,,,0,,,0,42,0,0,,0,,,,,,0,,,,,,,,,,,,,,,,,
8484783,,Artyom Levshunov,Levshunov,D,CHI,980000,1,6,8.888889,18,,0,,A,0,0,0,0,0,19,20:19,0,36,0,0,,0,11,18,,0,0,0,,-13,8,160.00,0,00:00,6,0,,0,21,0,,,,,
8484483,,Connor Levis,Levis,W,WPG,500000,1,,,,,0,,C,,,,,0,,,0,60,0,0,,0,,,,,,0,,,,,,,,,,,,,,,,,
8481171,,David Levin,Levin,W,CAR,500000,0,,,,,0,,D,,,,,0,,,0,35,0,0,,0,,,,,,0,,,,,,,,,0,,,,,,,,
8482221,,Devon Levi,Levi,G,BUF,650000,1,0,6.111111,0,,0,,D,33,0,0,2,0,0,53:24,0,33,0,0,,0,6,9,,0,0,0,,0,0,55.00,0,00:00,0,225,150000,0,0,0,,87.2,,,
8477983,,Maxim Letunov,Letunov,C,CAR,500000,0,,,,,0,,M,,,,,0,,,0,35,0,0,,0,,,,,,0,,,,,,,,,0,,,,,,,,
8479968,,Vinni Lettieri,Lettieri,C,TOR,1500000,1,2,11.961538,16,,0,,V,0,3,0,0,0,60,13:31,0,57,0,0,,0,14,26,,0,0,0,,-9,6,311.00,0,00:00,5,0,1000000,0,53,0,,,,,
8484879,,Dean Letourneau,Letourneau,C,BOS,500000,1,,,,,0,,D,,,,,0,,,0,32,0,0,,0,,,,,,0,,,,,,,,,,,,,,,,,
8473914,,Mark Letestu,Letestu,C,WPG,500000,0,,,,,0,,M,,,,,0,,,0,60,0,0,,0,,,,,,0,,,,,,,,,0,,,,,,,,
8471724,,Kris Letang,Letang,D,PIT,2900000,1,21,21.027027,87,,0,,K,0,9,0,0,0,119,23:32,0,53,0,0,,0,32,74,,0,0,0,,-15,52,1556.00,4,00:00,30,0,-2710000,1,164,0,,,,,
8476451,,Lucas Lessio,Lessio,W,MTL,500000,0,,,,,0,,L,,,,,0,,,0,45,0,0,,0,,,,,,0,,,,,,,,,0,,,,,,,,
8484631,,Mazden Leslie,Leslie,D,VGK,500000,1,,,,,0,,M,,,,,0,,,0,62,0,0,,0,,,,,,0,,,,,,,,,,,,,,,,,
8477318,,Zachary Leslie,Leslie,D,VGK,500000,0,,,,,0,,Z,,,,,0,,,0,62,0,0,,0,,,,,,0,,,,,,,,,0,,,,,,,,
8485074,,Stevie Leskovar,Leskovar,D,MIN,500000,1,,,,,0,,S,,,,,0,,,0,44,1,0,20251003,0,,,,,,0,,,,,,,,,,,,,,,,2025-09-21,2025-09-21
8481105,,Otto Leskinen,Leskinen,D,MTL,500000,0,,,,,0,,O,,,,,0,,,0,45,0,0,,0,,,,,,0,,,,,,,,,0,,,,,,,,
8479991,,Jake Leschyshyn,Leschyshyn,C,BUF,500000,1,,,,,0,,J,,,,,0,,,0,33,0,0,,0,,,,,,0,,,,,,,,,0,,,,,,,,
8478004,,Brett Lernout,Lernout,D,MTL,500000,0,,,,,0,,B,,,,,0,,,0,45,0,0,,0,,,,,,0,,,,,,,,,0,,,,,,,,
8474516,,Bryan Lerg,Lerg,C,SJS,500000,0,,,,,0,,B,,,,,0,,,0,54,0,0,,0,,,,,,0,,,,,,,,,0,,,,,,,,
8481625,,Carl-Johan Lerby,Lerby,D,CAL,500000,0,,,,,0,,C,,,,,0,,,0,34,0,0,,0,,,,,,0,,,,,,,,,0,,,,,,,,
8481170,,Jackson Leppard,Leppard,W,TBL,500000,0,,,,,0,,J,,,,,0,,,0,56,0,0,,0,,,,,,0,,,,,,,,,0,,,,,,,,
8485509,,Atro Leppanen,Leppanen,D,EDM,500000,1,,,,,0,,A,,,,,0,,,0,41,0,0,,0,,,,,,0,,,,,,,,,,,,,,,,,
8467917,,Jordan Leopold,Leopold,D,MIN,500000,0,,,,,0,,J,,,,,0,,,0,44,0,0,,0,,,,,,0,,,,,,,,,0,,,,,,,,
8480467,,Igor Leonenko,Leonenko,D,ANA,500000,0,,,,,0,,I,,,,,0,,,0,31,0,0,,0,,,,,,0,,,,,,,,,-600000,,,,,,,,
8481077,,John Leonard,Leonard,W,DET,500000,1,,,,,0,,J,,,,,0,,,0,40,0,0,,0,,,,,,0,,,,,,,,,-830000,,,,,,,,
8484186,,Ryan Leonard,Leonard,W,WSH,1290000,1,1,11.235294,8,,0,,R,0,1,0,0,0,29,12:17,0,59,0,0,,0,8,17,,0,0,0,,-3,13,191.00,0,00:00,2,0,,0,29,0,,,,,
8478029,,Chase De Leo,Leo,W,ANA,500000,0,,,,,0,,C,,,,,0,,,0,31,0,0,,0,,,,,,0,,,,,,,,,0,,,,,,,,
8482242,,Theodor Lennstrom,Lennstrom,D,EDM,500000,0,,,,,0,,T,,,,,0,,,0,41,0,0,,0,,,,,,0,,,,,,,,,0,,,,,,,,
8482668,,Tristan Lennox,Lennox,G,NYI,500000,1,0,-13.000000,0,,0,,T,1,0,0,0,0,0,04:43,0,46,0,0,,0,1,1,,0,0,0,,0,0,-13.00,0,00:00,0,1,0,0,0,0,,50.0,,,
8477962,,Brendan Lemieux,Lemieux,W,CAR,500000,1,,,,,0,,B,,,,,0,,,0,35,0,0,,0,,,,,,0,,,,,,,,,-1750000,,,,,,,,
8483800,,Jonathan Lemieux,Lemieux,G,PHI,500000,0,,,,,0,,J,,,,,0,,,0,51,0,0,,0,,,,,,0,,,,,,,,,,,,,,,,,
8478482,,Justin Lemcke,Lemcke,D,DET,500000,0,,,,,0,,J,,,,,0,,,0,40,0,0,,0,,,,,,0,,,,,,,,,0,,,,,,,,
8482931,,Joaquim Lemay,Lemay,D,WSH,500000,1,,,,,0,,J,,,,,0,,,0,59,0,0,,0,,,,,,0,,,,,,,,,0,,,,,,,,
8483476,,Jonathan LekkerimÃ¤ki,LekkerimÃ¤ki,W,VAN,1040000,1,3,8.333333,6,,0,,J,0,3,0,0,0,16,12:30,0,58,0,0,,0,12,24,,0,0,0,,-6,2,200.00,0,00:00,6,0,,0,30,0,,,,,
8482626,,Stefanos Lekkas,Lekkas,G,BUF,500000,0,,,,,0,,S,,,,,0,,,0,33,0,0,,0,,,,,,0,,,,,,,,,0,,,,,,,,
8476410,,Josh Leivo,Leivo,W,STL,500000,0,,,,,0,,J,,,,,0,,,0,55,0,0,,0,,,,,,0,,,,,,,,,-720000,,,,,,,,
8480257,,Nick Leivermann,Leivermann,D,COL,500000,0,,,,,0,,N,,,,,0,,,0,37,0,0,,0,,,,,,0,,,,,,,,,0,,,,,,,,
8476894,,Brendan Leipsic,Leipsic,W,WSH,500000,0,,,,,0,,B,,,,,0,,,0,59,0,0,,0,,,,,,0,,,,,,,,,0,,,,,,,,
8483475,,Topias Leinonen,Leinonen,G,BUF,500000,1,,,,,0,,T,,,,,0,,,0,33,0,0,,0,,,,,,0,,,,,,,,,,,,,,,,,
8468038,,Michael Leighton,Leighton,G,PIT,500000,0,,,,,0,,M,,,,,0,,,0,53,0,0,,0,,,,,,0,,,,,,,,,0,,,,,,,,
8476955,,Taylor Leier,Leier,W,BUF,500000,0,,,,,0,,T,,,,,0,,,0,33,0,0,,0,,,,,,0,,,,,,,,,0,,,,,,,,
8470140,,Kari Lehtonen,Lehtonen,G,DAL,500000,0,,,,,0,,K,,,,,0,,,0,39,0,0,,0,,,,,,0,,,,,,,,,0,,,,,,,,
8482247,,Mikko Lehtonen,Lehtonen,D,CBJ,500000,0,,,,,0,,M,,,,,0,,,0,38,0,0,,0,,,,,,0,,,,,,,,,-930000,,,,,,,,
8474627,,Jori Lehtera,Lehtera,C,PHI,500000,0,,,,,0,,J,,,,,0,,,0,51,0,0,,0,,,,,,0,,,,,,,,,0,,,,,,,,
8475215,,Robin Lehner,Lehner,G,VGK,500000,1,,,,,0,,R,,,,,0,,,0,62,0,0,,0,,,,,,0,,,,,,,,,-6890000,,,,,,,,
8477476,,Artturi Lehkonen,Lehkonen,W,COL,5070000,1,19,31.697368,42,,0,,A,0,30,5,0,0,49,20:17,0,37,0,0,,0,24,76,,0,0,0,,39,38,2409.00,1,00:00,49,0,2520000,1,169,0,,,,,
8467330,,David Legwand,Legwand,C,BUF,500000,0,,,,,0,,D,,,,,0,,,0,33,0,0,,0,,,,,,0,,,,,,,,,0,,,,,,,,
8481661,,Jacob Leguerrier,Leguerrier,D,FLA,500000,0,,,,,0,,J,,,,,0,,,0,42,0,0,,0,,,,,,0,,,,,,,,,0,,,,,,,,
8484428,,Charles Alexis Legault,Legault,D,CAR,500000,1,,,,,0,,C,,,,,0,,,0,35,0,0,,0,,,,,,0,,,,,,,,,,,,,,,,,
8485101,,Ryerson Leenders,Leenders,G,BUF,500000,1,,,,,0,,R,,,,,0,,,0,33,0,0,,0,,,,,,0,,,,,,,,,,,,,,,,,
8475314,,Anders Lee,Lee,W,NYI,4090000,1,25,28.939024,36,,0,,A,0,29,3,0,0,120,17:04,0,46,0,0,,0,34,82,,0,0,0,,3,35,2373.00,5,00:00,54,0,-290000,0,233,0,,,,,
8481732,,Andre Lee,Lee,W,LAK,1160000,1,2,10.736842,10,,0,,A,0,1,1,0,0,36,09:10,0,43,0,0,,0,7,19,,0,0,0,,-5,11,204.00,0,00:00,3,0,660000,0,17,0,,,,,
8485411,,Ryker Lee,Lee,W,NSH,1060000,1,,,,,0,,R,,,,,0,,,0,48,0,0,,0,,,,,,0,,,,,,,,,,,,,,,,,
8482058,,Cameron Lee,Lee,D,PIT,500000,0,,,,,0,,C,,,,,0,,,0,53,0,0,,0,,,,,,0,,,,,,,,,0,,,,,,,,
8475741,,Jerome Leduc,Leduc,D,BUF,500000,0,,,,,0,,J,,,,,0,,,0,33,0,0,,0,,,,,,0,,,,,,,,,0,,,,,,,,
8476965,,Loic Leduc,Leduc,D,NYI,500000,0,,,,,0,,L,,,,,0,,,0,46,0,0,,0,,,,,,0,,,,,,,,,0,,,,,,,,
8475181,,Nick Leddy,Leddy,D,STL,1240000,1,4,8.052632,29,,0,,N,0,2,0,0,0,11,17:51,0,55,0,0,,0,9,38,,0,0,0,,2,4,306.00,0,00:00,6,0,-1960000,0,22,0,,,,,
8483474,,Charlie Leddy,Leddy,D,NJD,500000,1,,,,,0,,C,,,,,0,,,0,49,0,0,,0,,,,,,0,,,,,,,,,,,,,,,,,
8467329,,Vincent Lecavalier,Lecavalier,C,LAK,500000,0,,,,,0,,V,,,,,0,,,0,43,0,0,,0,,,,,,0,,,,,,,,,0,,,,,,,,
8475183,,Louis Leblanc,Leblanc,C,NYI,500000,0,,,,,0,,L,,,,,0,,,0,46,0,0,,0,,,,,,0,,,,,,,,,0,,,,,,,,
8477394,,Chris Leblanc,Leblanc,W,OTT,500000,0,,,,,0,,C,,,,,0,,,0,50,0,0,,0,,,,,,0,,,,,,,,,0,,,,,,,,
8478124,,Olivier Leblanc,Leblanc,D,CBJ,500000,0,,,,,0,,O,,,,,0,,,0,38,0,0,,0,,,,,,0,,,,,,,,,0,,,,,,,,
8481517,,Brett Leason,Leason,W,ANA,1860000,0,12,13.790323,44,,0,,B,0,5,0,0,0,64,12:59,0,31,0,0,,0,26,62,,0,0,0,,-2,22,855.00,1,00:00,17,0,1360000,0,79,0,,,,,
8485677,,Jakob Leander,Leander,D,CAL,500000,1,,,,,0,,J,,,,,0,,,0,34,0,0,,0,,,,,,0,,,,,,,,,,,,,,,,,
8477508,,Curtis Lazar,Lazar,C,NJD,1110000,1,3,8.437500,17,,0,,C,0,2,0,0,0,105,10:34,0,49,0,0,,0,21,48,,0,0,0,,-6,14,405.00,0,00:00,5,0,-790000,0,27,0,,,,,
8483052,,Kaleb Lawrence,Lawrence,C,LAK,500000,1,,,,,0,,K,,,,,0,,,0,43,0,0,,0,,,,,,0,,,,,,,,,0,,,,,,,,
8469625,,Anton Lavrentiev,Lavrentiev,D,NSH,500000,0,,,,,0,,A,,,,,0,,,0,48,0,0,,0,,,,,,0,,,,,,,,,0,,,,,,,,
8481534,,Raphael Lavoie,Lavoie,C,VGK,500000,1,0,2.000000,0,,0,,R,0,0,0,0,0,16,10:05,0,62,0,0,,0,2,9,,0,0,0,,-4,2,18.00,0,00:00,0,0,0,0,10,0,,,,,
8484880,,Tomas Lavoie,Lavoie,D,UTA,500000,1,,,,,0,,T,,,,,0,,,0,64,0,0,,0,,,,,,0,,,,,,,,,,,,,,,,,
8483796,,Zakary Lavoie,Lavoie,W,CAR,500000,0,,,,,0,,Z,,,,,0,,,0,35,0,0,,0,,,,,,0,,,,,,,,,,,,,,,,,
8483788,,Peter Laviolette,Laviolette,W,WSH,500000,0,,,,,0,,P,,,,,0,,,0,59,0,0,,0,,,,,,0,,,,,,,,,,,,,,,,,
8483650,,Simon Lavigne,Lavigne,D,CAL,500000,0,,,,,0,,S,,,,,0,,,0,34,0,0,,0,,,,,,0,,,,,,,,,,,,,,,,,
8485184,,Mael Lavigne,Lavigne,W,CBJ,500000,0,,,,,0,,M,,,,,0,,,0,38,0,0,,0,,,,,,0,,,,,,,,,,,,,,,,,
8478468,,Jeremy Lauzon,Lauzon,D,NSH,2080000,1,1,16.571429,34,,0,,J,0,0,0,0,0,125,17:58,0,48,0,0,,0,13,28,,0,0,0,,-4,37,464.00,0,00:00,1,0,-460000,0,25,0,,,,,
8480187,,Zachary Lauzon,Lauzon,D,PIT,500000,0,,,,,0,,Z,,,,,0,,,0,53,0,0,,0,,,,,,0,,,,,,,,,0,,,,,,,,
8485440,,Sam Laurila,Laurila,D,NYI,500000,1,,,,,0,,S,,,,,0,,,0,46,0,0,,0,,,,,,0,,,,,,,,,,,,,,,,,
8478557,,Eetu Laurikainen,Laurikainen,G,EDM,500000,0,,,,,0,,E,,,,,0,,,0,41,0,0,,0,,,,,,0,,,,,,,,,0,,,,,,,,
8475342,,Oliver Lauridsen,Lauridsen,D,PHI,500000,0,,,,,0,,O,,,,,0,,,0,51,0,0,,0,,,,,,0,,,,,,,,,0,,,,,,,,
8480880,,Jakub Lauko,Lauko,C,BOS,1780000,1,6,13.357143,39,,0,,J,0,5,2,0,0,120,10:43,0,32,0,0,,0,24,56,,0,0,0,,-13,47,748.00,0,00:00,11,0,1280000,1,42,0,,,,,
8476872,,Scott Laughton,Laughton,C,TOR,2840000,1,20,17.784946,62,,0,,S,0,13,2,0,0,219,14:30,0,57,1,0,20251016,0,34,93,,1,0,0,,-21,40,1654.00,0,00:00,33,0,-450000,1,131,0,,,,2025-10-04,2025-10-04
8483702,,Reese Laubach,Laubach,C,SJS,500000,1,,,,,0,,R,,,,,0,,,0,54,0,0,,0,,,,,,0,,,,,,,,,,,,,,,,,
8475247,,Michael Latta,Latta,C,NJD,500000,0,,,,,0,,M,,,,,0,,,0,49,0,0,,0,,,,,,0,,,,,,,,,0,,,,,,,,
8479006,,Bradley Latour,Latour,C,TOR,500000,0,,,,,0,,B,,,,,0,,,0,57,0,0,,0,,,,,,0,,,,,,,,,0,,,,,,,,
8482872,,Carson Latimer,Latimer,W,OTT,500000,0,,,,,0,,C,,,,,0,,,0,50,0,0,,0,,,,,,0,,,,,,,,,0,,,,,,,,
8474873,,Brian Lashoff,Lashoff,D,DET,500000,0,,,,,0,,B,,,,,0,,,0,40,0,0,,0,,,,,,0,,,,,,,,,0,,,,,,,,
8476457,,Adam Larsson,Larsson,D,SEA,2990000,1,21,21.317073,135,,0,,A,0,7,1,0,0,104,21:11,0,63,0,0,,0,40,82,,0,0,0,,22,31,1748.00,0,00:00,28,0,560000,0,111,0,,,,,
8479548,,Filip Larsson,Larsson,G,PIT,500000,1,,,,,0,,F,,,,,0,,,0,53,0,0,,0,,,,,,0,,,,,,,,,0,,,,,,,,
8484436,,Rasmus Larsson,Larsson,D,NYR,500000,1,,,,,0,,R,,,,,0,,,0,47,0,0,,0,,,,,,0,,,,,,,,,,,,,,,,,
8475728,,Johan Larsson,Larsson,W,WSH,500000,0,,,,,0,,J,,,,,0,,,0,59,0,0,,0,,,,,,0,,,,,,,,,-1160000,,,,,,,,
8478491,,Jacob Larsson,Larsson,D,OTT,500000,0,,,,,0,,J,,,,,0,,,0,50,0,0,,0,,,,,,0,,,,,,,,,-540000,,,,,,,,
8485490,,Joey Larson,Larson,W,NYI,500000,1,,,,,0,,J,,,,,0,,,0,46,0,0,,0,,,,,,0,,,,,,,,,,,,,,,,,
8474707,,Philip Larsen,Larsen,D,VAN,500000,0,,,,,0,,P,,,,,0,,,0,58,0,0,,0,,,,,,0,,,,,,,,,0,,,,,,,,
8483780,,Kasper Larsen,Larsen,D,TOR,500000,0,,,,,0,,K,,,,,0,,,0,57,0,0,,0,,,,,,0,,,,,,,,,,,,,,,,,
8476280,,Zac Larraza,Larraza,W,FLA,500000,0,,,,,0,,Z,,,,,0,,,0,42,0,0,,0,,,,,,0,,,,,,,,,0,,,,,,,,
8485234,,Justin Larose,Larose,W,MTL,500000,0,,,,,0,,J,,,,,0,,,0,45,0,0,,0,,,,,,0,,,,,,,,,,,,,,,,,
8482927,,Gannon Laroque,Laroque,D,MTL,500000,1,,,,,0,,G,,,,,0,,,0,45,0,0,,0,,,,,,0,,,,,,,,,0,,,,,,,,
8481643,,Emil Larmi,Larmi,G,PIT,500000,0,,,,,0,,E,,,,,0,,,0,53,0,0,,0,,,,,,0,,,,,,,,,0,,,,,,,,
8477946,,Dylan Larkin,Larkin,C,DET,4400000,1,40,30.890244,32,,0,,D,0,30,3,0,0,44,20:04,0,40,0,0,,0,34,82,,0,0,0,,-16,40,2533.00,13,00:00,70,0,1730000,0,233,0,,,,,
8482977,,Cole Larkin,Larkin,D,STL,500000,0,,,,,0,,C,,,,,0,,,0,55,0,0,,0,,,,,,0,,,,,,,,,0,,,,,,,,
8484185,,Nick Lardis,Lardis,W,CHI,500000,1,,,,,0,,N,,,,,0,,,0,36,0,0,,0,,,,,,0,,,,,,,,,,,,,,,,,
8479250,,Nick Lappin,Lappin,W,STL,500000,0,,,,,0,,N,,,,,0,,,0,55,0,0,,0,,,,,,0,,,,,,,,,0,,,,,,,,
8479490,,Nolan Laporte,Laporte,W,WSH,500000,0,,,,,0,,N,,,,,0,,,0,59,0,0,,0,,,,,,0,,,,,,,,,0,,,,,,,,
8477483,,Yan Pavel Laplante,Laplante,C,VAN,500000,0,,,,,0,,Y,,,,,0,,,0,58,0,0,,0,,,,,,0,,,,,,,,,0,,,,,,,,
8482148,,Hendrix Lapierre,Lapierre,C,WSH,1260000,1,8,10.074074,14,,0,,H,0,0,0,0,0,13,09:48,0,59,0,0,,0,6,27,,0,0,0,,-3,4,272.00,0,00:00,8,0,760000,0,18,0,,,,,
8470654,,Maxim Lapierre,Lapierre,C,PIT,500000,0,,,,,0,,M,,,,,0,,,0,53,0,0,,0,,,,,,0,,,,,,,,,0,,,,,,,,
8483001,,Francesco Lapenna,Lapenna,G,ANA,500000,0,,,,,0,,F,,,,,0,,,0,31,0,0,,0,,,,,,0,,,,,,,,,0,,,,,,,,
8481819,,Robert Lantosi,Lantosi,W,BOS,500000,0,,,,,0,,R,,,,,0,,,0,32,0,0,,0,,,,,,0,,,,,,,,,0,,,,,,,,
8485672,,Matthew Lansing,Lansing,C,VAN,500000,1,,,,,0,,M,,,,,0,,,0,58,0,0,,0,,,,,,0,,,,,,,,,,,,,,,,,
8480947,,Kevin Lankinen,Lankinen,G,VAN,5600000,1,1,42.450980,0,,0,,K,132,0,0,25,0,0,59:13,0,58,0,0,,0,16,51,,0,10,0,,0,0,2165.00,0,00:00,1,1210,-110000,0,0,4,,90.2,,,
8477301,,Jeremy Langlois,Langlois,C,SJS,500000,0,,,,,0,,J,,,,,0,,,0,54,0,0,,0,,,,,,0,,,,,,,,,0,,,,,,,,
8483473,,Jeremy Langlois,Langlois,D,ARI,500000,0,,,,,0,,J,,,,,0,,,0,52,0,0,,0,,,,,,0,,,,,,,,,,,,,,,,,
8476986,,Marek Langhamer,Langhamer,G,ARI,500000,0,,,,,0,,M,,,,,0,,,0,52,0,0,,0,,,,,,0,,,,,,,,,0,,,,,,,,
8485745,,Mathis Langevin,Langevin,G,COL,500000,1,,,,,0,,M,,,,,0,,,0,37,0,0,,0,,,,,,0,,,,,,,,,,,,,,,,,
8482517,,Mason Langenbrunner,Langenbrunner,D,BOS,500000,1,,,,,0,,M,,,,,0,,,0,32,0,0,,0,,,,,,0,,,,,,,,,0,,,,,,,,
8478095,,Chase Lang,Lang,C,MIN,500000,0,,,,,0,,C,,,,,0,,,0,44,0,0,,0,,,,,,0,,,,,,,,,0,,,,,,,,
8485650,,Aidan Lane,Lane,W,CAL,500000,1,,,,,0,,A,,,,,0,,,0,34,0,0,,0,,,,,,0,,,,,,,,,,,,,,,,,
8475871,,Tanner Lane,Lane,C,WPG,500000,0,,,,,0,,T,,,,,0,,,0,60,0,0,,0,,,,,,0,,,,,,,,,0,,,,,,,,
8482689,,Manix Landry,Landry,C,ARI,500000,0,,,,,0,,M,,,,,0,,,0,52,0,0,,0,,,,,,0,,,,,,,,,0,,,,,,,,
8476455,,Gabriel Landeskog,Landeskog,W,COL,580000,1,3,39.200000,3,,0,,G,0,1,0,0,0,15,17:13,0,37,0,0,,0,2,5,,0,0,0,,4,0,196.00,0,00:00,4,0,-6220000,0,10,0,,,,,
8475165,,Anton Lander,Lander,C,EDM,500000,0,,,,,0,,A,,,,,0,,,0,41,0,0,,0,,,,,,0,,,,,,,,,0,,,,,,,,
8484413,,Axel Landen,Landen,D,SJS,500000,1,,,,,0,,A,,,,,0,,,0,54,0,0,,0,,,,,,0,,,,,,,,,,,,,,,,,
8483472,,Maveric Lamoureux,Lamoureux,D,UTA,2190000,1,2,21.400000,10,,0,,M,0,1,0,0,0,18,16:07,0,64,0,0,,0,8,15,,0,0,0,,3,42,321.00,0,00:00,3,0,,0,17,0,,,,,
8477996,,Juho Lammikko,Lammikko,C,VAN,500000,0,,,,,0,,J,,,,,0,,,0,58,0,0,,0,,,,,,0,,,,,,,,,-380000,,,,,,,,
8482781,,Carson Lambos,Lambos,D,MIN,500000,1,,,,,0,,C,,,,,0,,,0,44,0,0,,0,,,,,,0,,,,,,,,,0,,,,,,,,
8483471,,Brad Lambert,Lambert,C,WPG,930000,1,1,10.200000,4,,0,,B,0,0,0,0,0,5,11:36,0,60,0,0,,0,2,5,,0,0,0,,0,2,51.00,0,00:00,1,0,,0,1,0,,,,,
8482928,,Brody Lamb,Lamb,W,NYR,500000,1,,,,,0,,B,,,,,0,,,0,47,0,0,,0,,,,,,0,,,,,,,,,0,,,,,,,,
8477291,,Maxim Lamarche,Lamarche,D,PHI,500000,0,,,,,0,,M,,,,,0,,,0,51,0,0,,0,,,,,,0,,,,,,,,,0,,,,,,,,
8483869,,Nolan Lalonde,Lalonde,G,CBJ,500000,1,,,,,0,,N,,,,,0,,,0,38,0,0,,0,,,,,,0,,,,,,,,,,,,,,,,,
8474629,,Shawn Lalonde,Lalonde,D,CHI,500000,0,,,,,0,,S,,,,,0,,,0,36,0,0,,0,,,,,,0,,,,,,,,,0,,,,,,,,
8481185,,Bradley Lalonde,Lalonde,D,PHI,500000,0,,,,,0,,B,,,,,0,,,0,51,0,0,,0,,,,,,0,,,,,,,,,0,,,,,,,,
8476949,,Joey Laleggia,Laleggia,D,STL,500000,0,,,,,0,,J,,,,,0,,,0,55,0,0,,0,,,,,,0,,,,,,,,,0,,,,,,,,
8485412,,Lynden Lakovic,Lakovic,W,WSH,980000,1,,,,,0,,L,,,,,0,,,0,59,0,0,,0,,,,,,0,,,,,,,,,,,,,,,,,
8480235,,Dominik Lakatos,Lakatos,C,NYR,500000,0,,,,,0,,D,,,,,0,,,0,47,0,0,,0,,,,,,0,,,,,,,,,0,,,,,,,,
8479320,,Maxime Lajoie,Lajoie,D,SEA,500000,0,,,,,0,,M,,,,,0,,,0,63,0,0,,0,,,,,,0,,,,,,,,,0,,,,,,,,
8483055,,Marc Lajoie,Lajoie,D,EDM,500000,0,,,,,0,,M,,,,,0,,,0,41,0,0,,0,,,,,,0,,,,,,,,,0,,,,,,,,
8485065,,Hunter Laing,Laing,C,CAL,500000,1,,,,,0,,H,,,,,0,,,0,34,0,0,,0,,,,,,0,,,,,,,,,,,,,,,,,
8479339,,Patrik Laine,Laine,W,MTL,3720000,1,14,25.500000,25,,0,,P,0,20,5,0,0,30,14:13,0,45,0,0,,0,17,54,,1,0,0,,-16,16,1377.00,15,00:00,34,0,1710000,0,122,0,,,,,
8469639,,Brooks Laich,Laich,C,LAK,500000,0,,,,,0,,B,,,,,0,,,0,43,0,0,,0,,,,,,0,,,,,,,,,0,,,,,,,,
8485092,,Matt Lahey,Lahey,D,TOR,500000,1,,,,,0,,M,,,,,0,,,0,57,0,0,,0,,,,,,0,,,,,,,,,,,,,,,,,
8478021,,William Lagesson,Lagesson,D,DET,580000,1,1,8.428571,5,,0,,W,0,0,0,0,0,6,14:34,0,40,0,0,,0,4,7,,0,0,0,,-1,4,59.00,0,00:00,1,0,-280000,0,5,0,,,,,
8476509,,Maxime Lagace,Lagace,G,TBL,500000,0,,,,,0,,M,,,,,0,,,0,56,0,0,,0,,,,,,0,,,,,,,,,-4390000,,,,,,,,
8485062,,Ludvig Lafton,Lafton,D,UTA,500000,1,,,,,0,,L,,,,,0,,,0,64,0,0,,0,,,,,,0,,,,,,,,,,,,,,,,,
8485439,,Tommy Lafreniere,Lafreniere,W,EDM,500000,1,,,,,0,,T,,,,,0,,,0,41,0,0,,0,,,,,,0,,,,,,,,,,,,,,,,,
8482109,,Alexis LafreniÃ¨re,LafreniÃ¨re,W,NYR,3120000,1,28,22.012195,25,,0,,A,0,17,4,0,0,120,17:00,0,47,0,0,,0,36,82,,0,0,0,,-13,38,1805.00,2,00:00,45,0,1230000,0,153,0,,,,,
8484559,,Simon Lafrance,Lafrance,W,COL,500000,0,,,,,0,,S,,,,,0,,,0,37,0,0,,0,,,,,,0,,,,,,,,,,,,,,,,,
8479581,,Jack Lafontaine,Lafontaine,G,CAR,500000,0,,,,,0,,J,,,,,0,,,0,35,0,0,,0,,,,,,0,,,,,,,,,0,,,,,,,,
8478043,,Sam Lafferty,Lafferty,C,BUF,940000,1,3,6.916667,15,,0,,S,0,4,0,0,0,88,09:53,0,33,0,0,,0,26,60,,0,0,0,,-15,28,415.00,0,00:00,7,0,-630000,0,50,0,,,,,
8481000,,Mathias Laferriere,Laferriere,W,STL,500000,1,,,,,0,,M,,,,,0,,,0,55,0,0,,0,,,,,,0,,,,,,,,,0,,,,,,,,
8482155,,Alex Laferriere,Laferriere,W,LAK,4520000,1,26,27.819277,47,,0,,A,0,19,4,0,0,144,16:39,0,43,0,0,,0,26,83,,0,0,0,,23,22,2309.00,2,00:00,45,0,4020000,0,203,0,,,,,
8476983,,Paul LaDue,LaDue,D,NYI,500000,0,,,,,0,,P,,,,,0,,,0,46,0,0,,0,,,,,,0,,,,,,,,,0,,,,,,,,
8471217,,Andrew Ladd,Ladd,W,ARI,500000,0,,,,,0,,A,,,,,0,,,0,52,0,0,,0,,,,,,0,,,,,,,,,0,,,,,,,,
8479550,,Tanner Laczynski,Laczynski,C,VGK,640000,1,0,6.125000,3,,0,,T,0,1,0,0,0,3,08:36,0,62,0,0,,0,1,8,,0,0,0,,-1,6,49.00,0,00:00,1,0,-30000,0,2,0,,,,,
8481605,,Jackson Lacombe,Lacombe,D,ANA,3460000,1,29,25.040000,119,,0,,J,0,14,2,0,0,69,22:18,0,31,0,0,,0,33,75,,0,0,0,,0,28,1878.00,2,00:00,43,0,2960000,0,134,0,,,,,
8475663,,Eddie Lack,Lack,G,NJD,500000,0,,,,,0,,E,,,,,0,,,0,49,0,0,,0,,,,,,0,,,,,,,,,0,,,,,,,,
8482941,,Shane Lachance,Lachance,W,NJD,500000,1,,,,,0,,S,,,,,0,,,0,49,0,0,,0,,,,,,0,,,,,,,,,0,,,,,,,,
8474201,,Pierre-Cedric Labrie,Labrie,W,TBL,500000,0,,,,,0,,P,,,,,0,,,0,56,0,0,,0,,,,,,0,,,,,,,,,0,,,,,,,,
8478956,,Samuel Laberge,Laberge,W,SJS,500000,1,,,,,0,,S,,,,,0,,,0,54,0,0,,0,,,,,,0,,,,,,,,,0,,,,,,,,
8485607,,Noah Laberge,Laberge,D,BUF,500000,1,,,,,0,,N,,,,,0,,,0,33,0,0,,0,,,,,,0,,,,,,,,,,,,,,,,,
8479397,,Pascal Laberge,Laberge,C,PHI,500000,0,,,,,0,,P,,,,,0,,,0,51,0,0,,0,,,,,,0,,,,,,,,,0,,,,,,,,
8477432,,Dylan Labbe,Labbe,D,MIN,500000,0,,,,,0,,D,,,,,0,,,0,44,0,0,,0,,,,,,0,,,,,,,,,0,,,,,,,,
8476425,,Joseph LaBate,LaBate,C,CBJ,1650000,1,1,20.166667,11,,0,,J,0,0,0,0,0,14,09:06,0,38,0,0,,0,2,6,,0,0,0,,1,10,121.00,0,00:00,1,0,1150000,0,3,0,,,,,
8467391,,Jason LaBarbera,LaBarbera,G,PHI,500000,0,,,,,0,,J,,,,,0,,,0,51,0,0,,0,,,,,,0,,,,,,,,,0,,,,,,,,
8478099,,Kevin Labanc,Labanc,W,CBJ,1880000,1,10,14.764706,14,,0,,K,0,2,0,0,0,29,10:30,0,38,0,0,,0,12,34,,0,0,0,,1,12,502.00,0,00:00,12,0,-840000,0,35,0,,,,,
8483690,,Noah Laba,Laba,C,NYR,500000,1,,,,,0,,N,,,,,0,,,0,47,0,0,,0,,,,,,0,,,,,,,,,,,,,,,,,
8480207,,Roope Laavainen,Laavainen,D,CHI,500000,0,,,,,0,,R,,,,,0,,,0,36,0,0,,0,,,,,,0,,,,,,,,,0,,,,,,,,
8482952,,Daniel Laatsch,Laatsch,D,PIT,500000,1,,,,,0,,D,,,,,0,,,0,53,0,0,,0,,,,,,0,,,,,,,,,0,,,,,,,,
8483103,,Noah Laaouan,Laaouan,D,ARI,500000,0,,,,,0,,N,,,,,0,,,0,52,0,0,,0,,,,,,0,,,,,,,,,0,,,,,,,,
8480194,,Oskari Laaksonen,Laaksonen,D,BUF,500000,0,,,,,0,,O,,,,,0,,,0,33,0,0,,0,,,,,,0,,,,,,,,,0,,,,,,,,
8481594,,Nathan LÃ©garÃ©,LÃ©garÃ©,W,NJD,590000,1,0,7.333333,1,,0,,N,0,0,0,0,0,12,10:41,0,49,0,0,,0,1,3,,0,0,0,,-1,0,22.00,0,00:00,0,0,90000,0,3,0,,,,,
8482742,,Zachary L&#x27;Heureux,L&#x27;Heureux,W,NSH,2400000,1,10,17.838710,25,,0,,Z,0,5,0,0,0,198,12:03,0,48,0,0,,0,33,62,,0,0,0,,-6,63,1106.00,0,00:00,15,0,1900000,0,78,0,,,,,
8480769,,Joel L'Esperance,L'Esperance,C,DAL,500000,0,,,,,0,,J,,,,,0,,,0,39,0,0,,0,,,,,,0,,,,,,,,,-360000,,,,,,,,
8479385,,Jordan Kyrou,Kyrou,W,STL,5300000,1,34,33.707865,37,,0,,J,0,39,4,0,0,56,17:29,0,55,0,0,,0,32,89,,0,0,0,,20,20,3000.00,9,00:00,73,0,2360000,0,257,0,,,,,
8483470,,Christian Kyrou,Kyrou,D,DAL,500000,1,,,,,0,,C,,,,,0,,,0,39,0,0,,0,,,,,,0,,,,,,,,,,,,,,,,,
8478430,,Oliver Kylington,Kylington,D,ANA,1030000,1,4,9.421053,16,,0,,O,0,1,0,0,0,3,12:18,0,31,0,0,,0,8,19,,0,0,0,,-2,8,179.00,0,00:00,5,0,510000,0,6,0,,,,,
8485669,,Jacob Kvasnicka,Kvasnicka,W,NYI,500000,1,,,,,0,,J,,,,,0,,,0,46,0,0,,0,,,,,,0,,,,,,,,,,,,,,,,,
8480282,,Petr Kvaca,Kvaca,G,COL,500000,0,,,,,0,,P,,,,,0,,,0,37,0,0,,0,,,,,,0,,,,,,,,,0,,,,,,,,
8482165,,Yan Kuznetsov,Kuznetsov,D,CAL,500000,1,,,,,0,,Y,,,,,0,,,0,34,0,0,,0,,,,,,0,,,,,,,,,0,,,,,,,,
8475744,,Evgeny Kuznetsov,Kuznetsov,C,CAR,500000,0,,,,,0,,E,,,,,0,,,0,35,0,0,,0,,,,,,0,,,,,,,,,-3200000,,,,,,,,
8482920,,Dmitry Kuzmin,Kuzmin,D,CHI,500000,1,,,,,0,,D,,,,,0,,,0,36,0,0,,0,,,,,,0,,,,,,,,,0,,,,,,,,
8483808,,Andrei Kuzmenko,Kuzmenko,W,LAK,3580000,1,29,21.041667,25,,0,,A,0,14,5,0,0,24,15:51,0,43,0,0,,0,25,72,,0,0,0,,-11,18,1515.00,7,00:00,43,0,,0,99,0,,,,,
8480359,,Luke Kutkevicius,Kutkevicius,C,FA,500000,0,,,,,0,,L,,,,,0,,,0,0,0,0,,0,,,,,,0,,,,,,,,,0,,,,,,,,
8483727,,Connor Kurth,Kurth,W,TBL,500000,1,,,,,0,,C,,,,,0,,,0,56,0,0,,0,,,,,,0,,,,,,,,,,,,,,,,,
8476920,,Samuel Kurker,Kurker,W,LAK,500000,0,,,,,0,,S,,,,,0,,,0,43,0,0,,0,,,,,,0,,,,,,,,,0,,,,,,,,
8480798,,Philipp Kurashev,Kurashev,C,CHI,890000,1,7,6.725490,16,,0,,P,0,7,1,0,0,28,13:43,0,36,0,0,,0,30,51,,1,0,0,,-28,14,343.00,1,00:00,14,0,-590000,0,54,0,,,,,
8476374,,Sean Kuraly,Kuraly,C,CBJ,1800000,1,11,13.304878,42,,0,,S,0,6,0,0,0,163,11:46,0,38,0,0,,0,32,82,,0,0,0,,-4,40,1091.00,0,00:00,17,0,-100000,0,88,0,,,,,
8478910,,Jake Kupsky,Kupsky,G,SJS,500000,0,,,,,0,,J,,,,,0,,,0,54,0,0,,0,,,,,,0,,,,,,,,,0,,,,,,,,
8480845,,Rasmus Kupari,Kupari,C,WPG,1300000,1,3,9.728814,28,,0,,R,0,5,1,0,0,77,10:15,0,60,0,0,,0,16,59,,0,0,0,,-1,16,574.00,0,00:00,8,0,800000,0,53,0,,,,,
8479511,,Janne Kuokkanen,Kuokkanen,W,NJD,500000,0,,,,,0,,J,,,,,0,,,0,49,0,0,,0,,,,,,0,,,,,,,,,-1480000,,,,,,,,
8482198,,Jackson Kunz,Kunz,W,VAN,500000,0,,,,,0,,J,,,,,0,,,0,58,0,0,,0,,,,,,0,,,,,,,,,0,,,,,,,,
8482479,,Trevor Kuntar,Kuntar,C,BOS,500000,0,,,,,0,,T,,,,,0,,,0,32,0,0,,0,,,,,,0,,,,,,,,,0,,,,,,,,
8470543,,Chris Kunitz,Kunitz,W,CHI,500000,0,,,,,0,,C,,,,,0,,,0,36,0,0,,0,,,,,,0,,,,,,,,,0,,,,,,,,
8479316,,Luke Kunin,Kunin,C,FLA,1990000,1,7,14.360000,72,,0,,L,0,11,0,0,0,187,14:41,0,42,0,0,,0,43,75,,0,0,0,,-28,55,1077.00,0,00:00,18,0,-1680000,0,112,0,,,,,
8485527,,Michal Kunc,Kunc,W,UTA,500000,1,,,,,0,,M,,,,,0,,,0,64,0,0,,0,,,,,,0,,,,,,,,,,,,,,,,,
8484184,,Rasmus Kumpulainen,Kumpulainen,C,MIN,500000,1,,,,,0,,R,,,,,0,,,0,44,0,0,,0,,,,,,0,,,,,,,,,,,,,,,,,
8471454,,Denis Kulyash,Kulyash,D,NSH,500000,0,,,,,0,,D,,,,,0,,,0,48,0,0,,0,,,,,,0,,,,,,,,,0,,,,,,,,
8483469,,Kasper Kulonummi,Kulonummi,D,NSH,500000,1,,,,,0,,K,,,,,0,,,0,48,0,0,,0,,,,,,0,,,,,,,,,,,,,,,,,
8475179,,Dmitry Kulikov,Kulikov,D,FLA,2870000,1,12,16.645161,88,,0,,D,0,6,1,0,0,198,18:37,0,42,0,0,,0,29,93,,0,0,0,,18,52,1548.00,0,00:00,18,0,1500000,0,85,0,,,,,
8483468,,Jiri Kulich,Kulich,C,BUF,2470000,1,9,17.693548,35,,0,,J,0,15,3,0,0,40,14:48,0,33,0,0,,0,28,62,,1,0,0,,-4,18,1097.00,0,00:00,24,0,,0,134,0,,,,,
8479948,,Jake Kulevich,Kulevich,D,WPG,500000,0,,,,,0,,J,,,,,0,,,0,60,0,0,,0,,,,,,0,,,,,,,,,0,,,,,,,,
8473579,,Nikolay Kulemin,Kulemin,W,NYI,500000,0,,,,,0,,N,,,,,0,,,0,46,0,0,,0,,,,,,0,,,,,,,,,0,,,,,,,,
8473459,,Arturs Kulda,Kulda,D,WPG,500000,0,,,,,0,,A,,,,,0,,,0,60,0,0,,0,,,,,,0,,,,,,,,,0,,,,,,,,
8480333,,Ivan Kulbakov,Kulbakov,G,FA,500000,0,,,,,0,,I,,,,,0,,,0,0,0,0,,0,,,,,,0,,,,,,,,,0,,,,,,,,
8476967,,Brett Kulak,Kulak,D,EDM,2650000,1,22,14.865385,144,,0,,B,0,8,0,0,0,45,21:09,0,41,0,0,,0,34,104,,0,0,0,,2,26,1546.00,0,00:00,30,0,1040000,0,160,0,,,,,
8482810,,Kyle Kukkonen,Kukkonen,C,ANA,500000,1,,,,,0,,K,,,,,0,,,0,31,0,0,,0,,,,,,0,,,,,,,,,0,,,,,,,,
8480983,,Miska Kukkonen,Kukkonen,D,BUF,500000,0,,,,,0,,M,,,,,0,,,0,33,0,0,,0,,,,,,0,,,,,,,,,0,,,,,,,,
8478567,,Dean Kukan,Kukan,D,CBJ,500000,0,,,,,0,,D,,,,,0,,,0,38,0,0,,0,,,,,,0,,,,,,,,,-610000,,,,,,,,
8477400,,Ryan Kujawinski,Kujawinski,C,CBJ,500000,0,,,,,0,,R,,,,,0,,,0,38,0,0,,0,,,,,,0,,,,,,,,,0,,,,,,,,
8469722,,Roman Kuhtinov,Kuhtinov,D,NYI,500000,0,,,,,0,,R,,,,,0,,,0,46,0,0,,0,,,,,,0,,,,,,,,,0,,,,,,,,
8475832,,Tom Kuhnhackl,Kuhnhackl,W,NYI,500000,0,,,,,0,,T,,,,,0,,,0,46,0,0,,0,,,,,,0,,,,,,,,,0,,,,,,,,
8480901,,Karson Kuhlman,Kuhlman,C,SEA,500000,0,,,,,0,,K,,,,,0,,,0,63,0,0,,0,,,,,,0,,,,,,,,,-320000,,,,,,,,
8481426,,Ryan Kuffner,Kuffner,W,EDM,500000,0,,,,,0,,R,,,,,0,,,0,41,0,0,,0,,,,,,0,,,,,,,,,0,,,,,,,,
8475311,,Darcy Kuemper,Kuemper,G,LAK,8000000,1,1,53.214286,0,,0,,D,123,0,0,33,0,0,59:42,0,43,0,0,,0,15,56,,0,8,0,,0,0,2980.00,0,00:00,1,1350,3540000,0,0,5,,91.6,,,
8483104,,Daylan Kuefler,Kuefler,W,NYI,500000,1,,,,,0,,D,,,,,0,,,0,46,1,0,20250925,0,,,,,,0,,,,,,,,,0,,,,,,,2025-09-24,2025-09-24
8483467,,Kirill Kudryavtsev,Kudryavtsev,D,VAN,730000,1,0,12.000000,5,,0,,K,0,0,0,0,0,0,14:08,0,58,0,0,,0,1,2,,0,0,0,,1,0,24.00,0,00:00,0,0,,0,2,0,,,,,
8479593,,Patrick Kudla,Kudla,D,ARI,500000,0,,,,,0,,P,,,,,0,,,0,52,0,0,,0,,,,,,0,,,,,,,,,0,,,,,,,,
8476453,,Nikita Kucherov,Kucherov,W,TBL,8570000,1,88,54.686747,34,,0,,N,0,37,9,0,0,28,21:18,0,56,0,0,,0,30,83,,1,0,0,,22,47,4539.00,8,00:00,125,0,1480000,0,272,0,,,,,
8481050,,Jacob Kucharski,Kucharski,G,CAR,500000,1,,,,,0,,J,,,,,0,,,0,35,0,0,,0,,,,,,0,,,,,,,,,0,,,,,,,,
8485438,,Matous Jan Kucharcik,Kucharcik,C,BUF,500000,1,,,,,0,,M,,,,,0,,,0,33,0,0,,0,,,,,,0,,,,,,,,,,,,,,,,,
8483084,,Simon Kubicek,Kubicek,D,WPG,500000,0,,,,,0,,S,,,,,0,,,0,60,0,0,,0,,,,,,0,,,,,,,,,0,,,,,,,,
8480102,,Jeff Kubiak,Kubiak,C,FA,500000,0,,,,,0,,J,,,,,0,,,0,0,0,0,,0,,,,,,0,,,,,,,,,0,,,,,,,,
8474693,,Tomas Kubalik,Kubalik,W,WPG,500000,0,,,,,0,,T,,,,,0,,,0,60,0,0,,0,,,,,,0,,,,,,,,,0,,,,,,,,
8477330,,Dominik Kubalik,Kubalik,W,OTT,500000,0,,,,,0,,D,,,,,0,,,0,50,0,0,,0,,,,,,0,,,,,,,,,-3000000,,,,,,,,
8468495,,Artem Kryukov,Kryukov,C,BUF,500000,1,,,,,0,,A,,,,,0,,,0,33,0,0,,0,,,,,,0,,,,,,,,,0,,,,,,,,
8471809,,Anton Krysanov,Krysanov,C,ARI,500000,0,,,,,0,,A,,,,,0,,,0,52,0,0,,0,,,,,,0,,,,,,,,,0,,,,,,,,
8484822,,Luke Krys,Krys,D,DAL,500000,1,,,,,0,,L,,,,,0,,,0,39,0,0,,0,,,,,,0,,,,,,,,,,,,,,,,,
8479342,,Chad Krys,Krys,D,CHI,500000,0,,,,,0,,C,,,,,0,,,0,36,0,0,,0,,,,,,0,,,,,,,,,0,,,,,,,,
8481049,,Christian Krygier,Krygier,D,NYI,500000,0,,,,,0,,C,,,,,0,,,0,46,0,0,,0,,,,,,0,,,,,,,,,0,,,,,,,,
8481051,,Cole Krygier,Krygier,D,LAK,500000,0,,,,,0,,C,,,,,0,,,0,43,0,0,,0,,,,,,0,,,,,,,,,0,,,,,,,,
8485099,,Andrey Krutov,Krutov,W,CAR,500000,1,,,,,0,,A,,,,,0,,,0,35,0,0,,0,,,,,,0,,,,,,,,,,,,,,,,,
8482208,,Michael Krutil,Krutil,D,CHI,500000,0,,,,,0,,M,,,,,0,,,0,36,0,0,,0,,,,,,0,,,,,,,,,0,,,,,,,,
8481067,,Brandon Kruse,Kruse,W,VGK,500000,0,,,,,0,,B,,,,,0,,,0,62,0,0,,0,,,,,,0,,,,,,,,,0,,,,,,,,
8475323,,Marcus Kruger,Kruger,C,CHI,500000,0,,,,,0,,M,,,,,0,,,0,36,0,0,,0,,,,,,0,,,,,,,,,0,,,,,,,,
8483049,,Ethan Kruger,Kruger,G,EDM,500000,0,,,,,0,,E,,,,,0,,,0,41,0,0,,0,,,,,,0,,,,,,,,,0,,,,,,,,
8476792,,Torey Krug,Krug,D,STL,500000,1,,,,,0,,T,,,,,0,,,0,55,0,0,,0,,,,,,0,,,,,,,,,-3430000,,,,,,,,
8467492,,Andrei Kruchinin,Kruchinin,D,MTL,500000,0,,,,,0,,A,,,,,0,,,0,45,0,0,,0,,,,,,0,,,,,,,,,0,,,,,,,,
8468509,,Niklas Kronwall,Kronwall,D,DET,500000,0,,,,,0,,N,,,,,0,,,0,40,0,0,,0,,,,,,0,,,,,,,,,0,,,,,,,,
8474620,,Danny Kristo,Kristo,W,STL,500000,0,,,,,0,,D,,,,,0,,,0,55,0,0,,0,,,,,,0,,,,,,,,,0,,,,,,,,
8470080,,Ilia Krikunov,Krikunov,W,VAN,500000,0,,,,,0,,I,,,,,0,,,0,58,0,0,,0,,,,,,0,,,,,,,,,0,,,,,,,,
8481046,,William Worge Kreu,Kreu,D,BUF,500000,0,,,,,0,,W,,,,,0,,,0,33,0,0,,0,,,,,,0,,,,,,,,,0,,,,,,,,
8482741,,Braeden Kressler,Kressler,C,TOR,500000,1,,,,,0,,B,,,,,0,,,0,57,0,0,,0,,,,,,0,,,,,,,,,0,,,,,,,,
8471276,,David Krejci,Krejci,C,BOS,500000,0,,,,,0,,D,,,,,0,,,0,32,0,0,,0,,,,,,0,,,,,,,,,-4520000,,,,,,,,
8475184,,Chris Kreider,Kreider,W,NYR,2950000,1,8,22.676471,25,,0,,C,0,22,6,0,0,79,16:45,0,47,0,0,,0,31,68,,0,0,0,,-5,24,1542.00,6,00:00,30,0,-1150000,4,151,0,,,,,
8481522,,Peyton Krebs,Krebs,C,BUF,2330000,1,18,17.432099,32,,0,,P,0,10,0,0,0,134,13:56,0,33,0,0,,0,36,81,,0,0,0,,1,60,1412.00,1,00:00,28,0,1620000,1,80,0,,,,,
8482892,,Dru Krebs,Krebs,D,LAK,500000,0,,,,,0,,D,,,,,0,,,0,43,0,0,,0,,,,,,0,,,,,,,,,0,,,,,,,,
8484835,,Ben Kraws,Kraws,G,DAL,500000,1,,,,,0,,B,,,,,0,,,0,39,0,0,,0,,,,,,0,,,,,,,,,,,,,,,,,
8480833,,Vitali Kravtsov,Kravtsov,W,VAN,500000,1,,,,,0,,V,,,,,0,,,0,58,0,0,,0,,,,,,0,,,,,,,,,-240000,,,,,,,,
8485748,,Jayden Kraus,Kraus,G,COL,500000,1,,,,,0,,J,,,,,0,,,0,37,0,0,,0,,,,,,0,,,,,,,,,,,,,,,,,
8481137,,Renars Krastenbergs,Krastenbergs,W,PIT,500000,0,,,,,0,,R,,,,,0,,,0,53,0,0,,0,,,,,,0,,,,,,,,,0,,,,,,,,
8478092,,Pavel Kraskovsky,Kraskovsky,C,WPG,500000,1,,,,,0,,P,,,,,0,,,0,60,0,0,,0,,,,,,0,,,,,,,,,0,,,,,,,,
8485682,,Loke Krantz,Krantz,W,SEA,500000,1,,,,,0,,L,,,,,0,,,0,63,0,0,,0,,,,,,0,,,,,,,,,,,,,,,,,
8480820,,Filip Kral,Kral,D,PIT,500000,1,,,,,0,,F,,,,,0,,,0,53,0,0,,0,,,,,,0,,,,,,,,,0,,,,,,,,
8475295,,Brandon Kozun,Kozun,W,TOR,500000,0,,,,,0,,B,,,,,0,,,0,57,0,0,,0,,,,,,0,,,,,,,,,0,,,,,,,,
8478160,,Taran Kozun,Kozun,G,WSH,500000,0,,,,,0,,T,,,,,0,,,0,59,0,0,,0,,,,,,0,,,,,,,,,0,,,,,,,,
8482819,,Trevin Kozlowski,Kozlowski,G,MIN,500000,0,,,,,0,,T,,,,,0,,,0,44,0,0,,0,,,,,,0,,,,,,,,,0,,,,,,,,
8482896,,Tyson Kozak,Kozak,C,BUF,1360000,1,2,11.000000,18,,0,,T,0,3,0,0,0,26,10:29,0,33,0,0,,0,7,21,,0,0,0,,-2,2,231.00,1,00:00,5,0,860000,0,11,0,,,,,
8485188,,Carter Kowalyk,Kowalyk,D,CAR,500000,0,,,,,0,,C,,,,,0,,,0,35,0,0,,0,,,,,,0,,,,,,,,,,,,,,,,,
8481142,,Jan Kovar,Kovar,C,NYI,500000,0,,,,,0,,J,,,,,0,,,0,46,0,0,,0,,,,,,0,,,,,,,,,0,,,,,,,,
8458529,,Alex Kovalev,Kovalev,W,FLA,500000,0,,,,,0,,A,,,,,0,,,0,42,0,0,,0,,,,,,0,,,,,,,,,0,,,,,,,,
8481042,,Nikolai Kovalenko,Kovalenko,W,SJS,1890000,0,13,14.157895,24,,0,,N,0,7,0,0,0,83,12:20,0,54,0,0,,0,31,57,,0,0,0,,-9,16,807.00,3,00:00,20,0,1390000,0,45,0,,,,,
8469454,,Ilya Kovalchuk,Kovalchuk,W,WSH,500000,0,,,,,0,,I,,,,,0,,,0,59,0,0,,0,,,,,,0,,,,,,,,,-2100000,,,,,,,,
8478418,,Robin Kovacs,Kovacs,W,NYR,500000,0,,,,,0,,R,,,,,0,,,0,47,0,0,,0,,,,,,0,,,,,,,,,0,,,,,,,,
8480192,,Johnathan Kovacevic,Kovacevic,D,NJD,2350000,1,16,15.654762,93,,0,,J,0,1,1,0,0,108,19:36,0,49,0,0,,0,33,84,,0,0,0,,9,74,1315.00,0,00:00,17,0,1850000,0,78,0,,,,,
8485185,,Rilen Kovacevic,Kovacevic,W,COL,500000,1,,,,,0,,R,,,,,0,,,0,37,0,0,,0,,,,,,0,,,,,,,,,,,,,,,,,
8481062,,Demetrios Koumontzis,Koumontzis,W,CAL,500000,1,,,,,0,,D,,,,,0,,,0,34,0,0,,0,,,,,,0,,,,,,,,,0,,,,,,,,
8477553,,Miles Koules,Koules,C,WSH,500000,0,,,,,0,,M,,,,,0,,,0,59,0,0,,0,,,,,,0,,,,,,,,,0,,,,,,,,
8480335,,Brenden Kotyk,Kotyk,D,FA,500000,0,,,,,0,,B,,,,,0,,,0,0,0,0,,0,,,,,,0,,,,,,,,,0,,,,,,,,
8481136,,Vladislav Kotkov,Kotkov,W,SJS,500000,0,,,,,0,,V,,,,,0,,,0,54,0,0,,0,,,,,,0,,,,,,,,,0,,,,,,,,
8480000,,Kasper Kotkansalo,Kotkansalo,D,DET,500000,0,,,,,0,,K,,,,,0,,,0,40,0,0,,0,,,,,,0,,,,,,,,,0,,,,,,,,
8480829,,Jesperi Kotkaniemi,Kotkaniemi,C,CAR,3210000,1,25,19.206522,35,,0,,J,0,12,1,0,0,96,13:58,0,35,0,0,,0,31,92,,0,0,0,,10,64,1767.00,0,00:00,37,0,480000,0,134,0,,,,,
8485742,,Alex Kostov,Kostov,W,NSH,500000,1,,,,,0,,A,,,,,0,,,0,48,0,0,,0,,,,,,0,,,,,,,,,,,,,,,,,
8474497,,Michael Kostka,Kostka,D,OTT,500000,0,,,,,0,,M,,,,,0,,,0,50,0,0,,0,,,,,,0,,,,,,,,,0,,,,,,,,
8480011,,Klim Kostin,Kostin,C,SJS,1840000,0,6,14.400000,16,,0,,K,0,1,0,0,0,110,10:41,0,54,0,0,,0,20,35,,0,0,0,,-6,27,504.00,0,00:00,7,0,990000,0,28,0,,,,,
8481565,,Michael Koster,Koster,D,TOR,500000,0,,,,,0,,M,,,,,0,,,0,57,0,0,,0,,,,,,0,,,,,,,,,0,,,,,,,,
8482710,,Dmitri Kostenko,Kostenko,D,MTL,500000,1,,,,,0,,D,,,,,0,,,0,45,0,0,,0,,,,,,0,,,,,,,,,0,,,,,,,,
8477039,,Sergey Kostenko,Kostenko,G,WSH,500000,0,,,,,0,,S,,,,,0,,,0,59,0,0,,0,,,,,,0,,,,,,,,,0,,,,,,,,
8477440,,Jan Kostalek,Kostalek,D,WPG,500000,0,,,,,0,,J,,,,,0,,,0,60,0,0,,0,,,,,,0,,,,,,,,,0,,,,,,,,
8484496,,Kristian Kostadinski,Kostadinski,D,BOS,500000,1,,,,,0,,K,,,,,0,,,0,32,0,0,,0,,,,,,0,,,,,,,,,,,,,,,,,
8479290,,Kalle Kossila,Kossila,C,TOR,500000,0,,,,,0,,K,,,,,0,,,0,57,0,0,,0,,,,,,0,,,,,,,,,0,,,,,,,,
8476366,,Yaroslav Kosov,Kosov,W,FLA,500000,0,,,,,0,,Y,,,,,0,,,0,42,0,0,,0,,,,,,0,,,,,,,,,0,,,,,,,,
8480366,,Ivan Kosorenkov,Kosorenkov,W,PHI,500000,0,,,,,0,,I,,,,,0,,,0,51,0,0,,0,,,,,,0,,,,,,,,,0,,,,,,,,
8476910,,Scott Kosmachuk,Kosmachuk,W,WPG,500000,0,,,,,0,,S,,,,,0,,,0,60,0,0,,0,,,,,,0,,,,,,,,,0,,,,,,,,
8470664,,Dmitri Kosmachev,Kosmachev,D,CBJ,500000,0,,,,,0,,D,,,,,0,,,0,38,0,0,,0,,,,,,0,,,,,,,,,0,,,,,,,,
8475156,,Mikko Koskinen,Koskinen,G,EDM,500000,0,,,,,0,,M,,,,,0,,,0,41,0,0,,0,,,,,,0,,,,,,,,,-4080000,,,,,,,,
8482875,,Aku Koskenvuo,Koskenvuo,G,VAN,500000,1,,,,,0,,A,,,,,0,,,0,58,0,0,,0,,,,,,0,,,,,,,,,0,,,,,,,,
8482772,,Landon Kosior,Kosior,D,LAK,500000,0,,,,,0,,L,,,,,0,,,0,43,0,0,,0,,,,,,0,,,,,,,,,0,,,,,,,,
8470066,,Vasily Koshechkin,Koshechkin,G,TBL,500000,0,,,,,0,,V,,,,,0,,,0,56,0,0,,0,,,,,,0,,,,,,,,,0,,,,,,,,
8484784,,Ondrej Kos,Kos,W,STL,500000,1,,,,,0,,O,,,,,0,,,0,55,0,0,,0,,,,,,0,,,,,,,,,,,,,,,,,
8482894,,Jakub Kos,Kos,W,FLA,500000,0,,,,,0,,J,,,,,0,,,0,42,0,0,,0,,,,,,0,,,,,,,,,0,,,,,,,,
8469554,,Vladimir Korsunov,Korsunov,D,ANA,500000,0,,,,,0,,V,,,,,0,,,0,31,0,0,,0,,,,,,0,,,,,,,,,0,,,,,,,,
8479510,,Yegor Korshkov,Korshkov,W,FLA,500000,0,,,,,0,,Y,,,,,0,,,0,42,0,0,,0,,,,,,0,,,,,,,,,0,,,,,,,,
8476914,,Joonas Korpisalo,Korpisalo,G,BOS,4170000,1,0,33.296296,0,,0,,J,74,0,0,11,0,0,56:39,0,32,0,0,,0,12,27,,0,3,0,,0,0,899.00,0,00:00,0,617,1040000,0,0,3,,89.3,,,
8471232,,Lauri Korpikoski,Korpikoski,W,CBJ,500000,0,,,,,0,,L,,,,,0,,,0,38,0,0,,0,,,,,,0,,,,,,,,,0,,,,,,,,
8485104,,Matvei Korotky,Korotky,C,STL,500000,1,,,,,0,,M,,,,,0,,,0,55,0,0,,0,,,,,,0,,,,,,,,,,,,,,,,,
8485084,,Yaroslav Korostelyov,Korostelyov,G,SJS,500000,1,,,,,0,,Y,,,,,0,,,0,54,0,0,,0,,,,,,0,,,,,,,,,,,,,,,,,
8478478,,Nikita Korostelev,Korostelev,W,CBJ,500000,0,,,,,0,,N,,,,,0,,,0,38,0,0,,0,,,,,,0,,,,,,,,,0,,,,,,,,
8483705,,Arseni Koromyslov,Koromyslov,D,STL,500000,1,,,,,0,,A,,,,,0,,,0,55,0,0,,0,,,,,,0,,,,,,,,,,,,,,,,,
8477082,,Dmitry Korobov,Korobov,D,TBL,500000,0,,,,,0,,D,,,,,0,,,0,56,0,0,,0,,,,,,0,,,,,,,,,0,,,,,,,,
8470146,,Konstantin Korneev,Korneev,D,MTL,500000,0,,,,,0,,K,,,,,0,,,0,45,0,0,,0,,,,,,0,,,,,,,,,0,,,,,,,,
8482871,,Rasmus Korhonen,Korhonen,G,UTA,500000,0,,,,,0,,R,,,,,0,,,0,64,0,0,,0,,,,,,0,,,,,,,,,0,,,,,,,,
8480373,,Josef Korenar,Korenar,G,UTA,500000,1,,,,,0,,J,,,,,0,,,0,64,0,0,,0,,,,,,0,,,,,,,,,-1480000,,,,,,,,
8481527,,Kaedan Korczak,Korczak,D,VGK,2240000,1,10,16.341463,37,,0,,K,0,0,0,0,0,60,15:01,0,62,0,0,,0,11,41,,0,0,0,,15,2,670.00,0,00:00,10,0,1740000,0,35,0,,,,,
8482656,,Ryder Korczak,Korczak,C,NYR,500000,0,,,,,0,,R,,,,,0,,,0,47,0,0,,0,,,,,,0,,,,,,,,,0,,,,,,,,
8483466,,Kevin Korchinski,Korchinski,D,CHI,590000,1,1,5.000000,12,,0,,K,0,1,0,0,0,2,17:05,0,36,0,0,,0,9,16,,0,0,0,,-5,8,80.00,0,00:00,2,0,,0,14,0,,,,,
8479533,,Joona Koppanen,Koppanen,W,PIT,880000,1,0,9.181818,3,,0,,J,0,1,0,0,0,40,13:23,0,53,0,0,,0,5,11,,0,0,0,,-3,0,101.00,0,00:00,1,0,380000,0,10,0,,,,,
8471685,,Anze Kopitar,Kopitar,C,LAK,5190000,1,53,30.839080,68,,0,,A,0,23,7,0,0,39,19:08,0,43,0,0,,0,28,87,,0,0,0,,8,4,2683.00,5,00:00,76,0,1190000,0,106,0,,,,,
8485470,,Tyler Kopff,Kopff,C,BUF,500000,1,,,,,0,,T,,,,,0,,,0,33,0,0,,0,,,,,,0,,,,,,,,,,,,,,,,,
8468518,,Tomas Kopecky,Kopecky,W,FLA,500000,0,,,,,0,,T,,,,,0,,,0,42,0,0,,0,,,,,,0,,,,,,,,,0,,,,,,,,
8479391,,Jack Kopacka,Kopacka,W,ANA,500000,0,,,,,0,,J,,,,,0,,,0,31,0,0,,0,,,,,,0,,,,,,,,,0,,,,,,,,
8481010,,Jordan Kooy,Kooy,G,VGK,500000,0,,,,,0,,J,,,,,0,,,0,62,0,0,,0,,,,,,0,,,,,,,,,0,,,,,,,,
8484410,,Bogdan Konyushkov,Konyushkov,D,MTL,500000,1,,,,,0,,B,,,,,0,,,0,45,0,0,,0,,,,,,0,,,,,,,,,,,,,,,,,
8481709,,Ilya Konovalov,Konovalov,G,EDM,500000,0,,,,,0,,I,,,,,0,,,0,41,0,0,,0,,,,,,0,,,,,,,,,0,,,,,,,,
8483182,,Kyle Konin,Konin,G,TBL,500000,0,,,,,0,,K,,,,,0,,,0,56,0,0,,0,,,,,,0,,,,,,,,,,,,,,,,,
8478439,,Travis Konecny,Konecny,W,PHI,4720000,1,52,33.621951,42,,0,,T,0,24,3,0,0,94,20:36,0,51,0,0,,0,38,82,,0,0,0,,-17,53,2757.00,8,00:00,76,0,1300000,1,188,0,,,,,
8482526,,Jakub Konecny,Konecny,C,BUF,500000,0,,,,,0,,J,,,,,0,,,0,33,0,0,,0,,,,,,0,,,,,,,,,0,,,,,,,,
8481029,,Jachym Kondelik,Kondelik,C,NSH,500000,0,,,,,0,,J,,,,,0,,,0,48,0,0,,0,,,,,,0,,,,,,,,,0,,,,,,,,
8483732,,Vsevolod Komarov,Komarov,D,BUF,500000,1,,,,,0,,V,,,,,0,,,0,33,0,0,,0,,,,,,0,,,,,,,,,,,,,,,,,
8473463,,Leo Komarov,Komarov,W,NYI,500000,0,,,,,0,,L,,,,,0,,,0,46,0,0,,0,,,,,,0,,,,,,,,,-2110000,,,,,,,,
8481609,,Vladislav Kolyachonok,Kolyachonok,D,DAL,960000,1,5,7.285714,29,,0,,V,0,2,1,0,0,26,13:01,0,39,0,0,,0,15,35,,0,0,0,,-12,10,255.00,0,00:00,7,0,460000,0,20,0,,,,,
8480013,,Pavel Koltygin,Koltygin,C,NSH,500000,0,,,,,0,,P,,,,,0,,,0,48,0,0,,0,,,,,,0,,,,,,,,,0,,,,,,,,
8470117,,Kiril Koltsov,Koltsov,D,VAN,500000,0,,,,,0,,K,,,,,0,,,0,58,0,0,,0,,,,,,0,,,,,,,,,0,,,,,,,,
8470125,,Ivan Koltsov,Koltsov,D,EDM,500000,0,,,,,0,,I,,,,,0,,,0,41,0,0,,0,,,,,,0,,,,,,,,,0,,,,,,,,
8482783,,Aleksei Kolosov,Kolosov,G,PHI,1180000,1,0,9.941176,0,,0,,A,54,0,0,5,0,0,53:03,0,51,0,0,,0,10,17,,0,1,0,,0,0,169.00,0,00:00,0,352,680000,0,0,0,,86.7,,,
8478434,,Keegan Kolesar,Kolesar,W,VGK,3360000,1,19,20.408602,54,,0,,K,0,12,3,0,0,289,12:59,0,62,0,0,,0,26,93,,0,0,0,,1,59,1898.00,0,00:00,31,0,890000,0,95,0,,,,,
8485051,,Timur Kol,Kol,D,CAR,500000,1,,,,,0,,T,,,,,0,,,0,35,0,0,,0,,,,,,0,,,,,,,,,,,,,,,,,
8466185,,Dmitri Kokorev,Kokorev,D,CAL,500000,0,,,,,0,,D,,,,,0,,,0,34,0,0,,0,,,,,,0,,,,,,,,,0,,,,,,,,
8481614,,Mikko Kokkonen,Kokkonen,D,TOR,500000,0,,,,,0,,M,,,,,0,,,0,57,0,0,,0,,,,,,0,,,,,,,,,0,,,,,,,,
8483668,,Nikke Kokko,Kokko,G,SEA,500000,1,0,-22.000000,0,,0,,N,2,0,0,0,0,0,29:57,0,63,0,0,,0,1,1,,0,0,0,,0,0,-22.00,0,00:00,0,4,,0,0,0,,66.7,,,
8482758,,Ville Koivunen,Koivunen,W,PIT,1920000,1,7,29.375000,8,,0,,V,0,0,0,0,0,1,18:07,0,53,0,0,,0,2,8,,0,0,0,,0,4,235.00,0,00:00,7,0,1420000,0,15,0,,,,,
8479526,,Otto Koivula,Koivula,W,NYI,500000,0,,,,,0,,O,,,,,0,,,0,46,0,0,,0,,,,,,0,,,,,,,,,0,,,,,,,,
8484877,,Aatos Koivu,Koivu,C,MTL,500000,1,,,,,0,,A,,,,,0,,,0,45,0,0,,0,,,,,,0,,,,,,,,,,,,,,,,,
8469459,,Mikko Koivu,Koivu,C,CBJ,500000,0,,,,,0,,M,,,,,0,,,0,38,0,0,,0,,,,,,0,,,,,,,,,-560000,,,,,,,,
8481043,,Cole Koepke,Koepke,W,WPG,2080000,1,7,15.095890,26,,0,,C,0,10,2,0,0,177,11:15,0,60,0,0,,0,36,73,,0,0,0,,1,17,1102.00,0,00:00,17,0,1580000,0,85,0,,,,,
8476886,,Slater Koekkoek,Koekkoek,D,EDM,500000,0,,,,,0,,S,,,,,0,,,0,41,0,0,,0,,,,,,0,,,,,,,,,-60000,,,,,,,,
8481611,,Pyotr Kochetkov,Kochetkov,G,CAR,5300000,1,3,37.196078,0,,0,,P,133,0,0,28,0,0,58:38,0,35,0,0,,0,18,51,,0,3,0,,0,0,1897.00,0,00:00,3,1121,4800000,0,0,2,,89.4,,,
8484326,,Patrik Koch,Koch,D,UTA,500000,0,,,,,0,,P,,,,,0,,,0,64,0,0,,0,,,,,,0,,,,,,,,,,,,,,,,,
8485564,,Tinus Luc Koblar,Koblar,C,TOR,500000,1,,,,,0,,T,,,,,0,,,0,57,0,0,,0,,,,,,0,,,,,,,,,,,,,,,,,
8478054,,Nikolas Koberstein,Koberstein,D,MTL,500000,0,,,,,0,,N,,,,,0,,,0,45,0,0,,0,,,,,,0,,,,,,,,,0,,,,,,,,
8481812,,Nikolai Knyzhov,Knyzhov,D,SJS,500000,0,,,,,0,,N,,,,,0,,,0,54,0,0,,0,,,,,,0,,,,,,,,,-1020000,,,,,,,,
8469468,,Igor Knyazev,Knyazev,D,ARI,500000,0,,,,,0,,I,,,,,0,,,0,52,0,0,,0,,,,,,0,,,,,,,,,0,,,,,,,,
8480783,,Zeb Knutson,Knutson,W,MIN,500000,0,,,,,0,,Z,,,,,0,,,0,44,0,0,,0,,,,,,0,,,,,,,,,0,,,,,,,,
8483787,,Cole Knuble,Knuble,W,PHI,500000,1,,,,,0,,C,,,,,0,,,0,51,0,0,,0,,,,,,0,,,,,,,,,,,,,,,,,
8478484,,Graham Knott,Knott,W,PIT,500000,0,,,,,0,,G,,,,,0,,,0,53,0,0,,0,,,,,,0,,,,,,,,,0,,,,,,,,
8483625,,Ronald Knot,Knot,D,ARI,500000,0,,,,,0,,R,,,,,0,,,0,52,0,0,,0,,,,,,0,,,,,,,,,,,,,,,,,
8480062,,Nathan Knoepke,Knoepke,D,FA,500000,0,,,,,0,,N,,,,,0,,,0,0,0,0,,0,,,,,,0,,,,,,,,,0,,,,,,,,
8481519,,Spencer Knight,Knight,G,CHI,4710000,1,2,36.710526,0,,0,,S,100,0,0,17,0,0,57:58,0,36,0,0,,0,17,38,,0,3,0,,0,0,1395.00,0,00:00,2,910,2140000,0,0,2,,90.1,,,
8475260,,Corban Knight,Knight,C,PHI,500000,0,,,,,0,,C,,,,,0,,,0,51,0,0,,0,,,,,,0,,,,,,,,,0,,,,,,,,
8475743,,Jared Knight,Knight,C,MIN,500000,0,,,,,0,,J,,,,,0,,,0,44,0,0,,0,,,,,,0,,,,,,,,,0,,,,,,,,
8482720,,Matthew Knies,Knies,W,TOR,5300000,1,31,32.362637,46,,0,,M,0,34,7,0,0,212,18:42,0,57,0,0,,0,26,91,,1,0,0,,2,49,2945.00,7,00:00,65,0,4800000,0,181,0,,,,,
8481552,,Artemi Kniazev,Kniazev,D,SJS,500000,0,,,,,0,,A,,,,,0,,,0,54,0,0,,0,,,,,,0,,,,,,,,,0,,,,,,,,
8482448,,Samuel Knazko,Knazko,D,CBJ,500000,0,,,,,0,,S,,,,,0,,,0,38,0,0,,0,,,,,,0,,,,,,,,,0,,,,,,,,
8485138,,Viliam Kmec,Kmec,D,VGK,500000,1,,,,,0,,V,,,,,0,,,0,62,0,0,,0,,,,,,0,,,,,,,,,,,,,,,,,
8485588,,Mads Kongsbak Klyvo,Klyvo,W,FLA,500000,1,,,,,0,,M,,,,,0,,,0,42,0,0,,0,,,,,,0,,,,,,,,,,,,,,,,,
8481055,,Milan Kloucek,Kloucek,G,NSH,500000,0,,,,,0,,M,,,,,0,,,0,48,0,0,,0,,,,,,0,,,,,,,,,0,,,,,,,,
8480082,,Justin Kloos,Kloos,C,ANA,500000,0,,,,,0,,J,,,,,0,,,0,31,0,0,,0,,,,,,0,,,,,,,,,0,,,,,,,,
8483810,,Lukas Klok,Klok,D,ARI,500000,0,,,,,0,,L,,,,,0,,,0,52,0,0,,0,,,,,,0,,,,,,,,,,,,,,,,,
8485437,,Carter Klippenstein,Klippenstein,C,MIN,500000,1,,,,,0,,C,,,,,0,,,0,44,0,0,,0,,,,,,0,,,,,,,,,,,,,,,,,
8473970,,Rob Klinkhammer,Klinkhammer,W,EDM,500000,0,,,,,0,,R,,,,,0,,,0,41,0,0,,0,,,,,,0,,,,,,,,,0,,,,,,,,
8485436,,Viktor Klingsell,Klingsell,W,WPG,500000,1,,,,,0,,V,,,,,0,,,0,60,0,0,,0,,,,,,0,,,,,,,,,,,,,,,,,
8475906,,John Klingberg,Klingberg,D,EDM,2060000,1,6,16.800000,44,,0,,J,0,2,0,0,0,31,18:26,0,41,0,0,,0,12,30,,0,0,0,,3,10,504.00,1,00:00,8,0,-1110000,0,42,0,,,,,
8475159,,Carl Klingberg,Klingberg,W,NYR,500000,0,,,,,0,,C,,,,,0,,,0,47,0,0,,0,,,,,,0,,,,,,,,,0,,,,,,,,
8482918,,Danila Klimovich,Klimovich,W,VAN,500000,1,,,,,0,,D,,,,,0,,,0,58,0,0,,0,,,,,,0,,,,,,,,,0,,,,,,,,
8471493,,Valeri Klimov,Klimov,D,NJD,500000,0,,,,,0,,V,,,,,0,,,0,49,0,0,,0,,,,,,0,,,,,,,,,0,,,,,,,,
8477449,,Morgan Klimchuk,Klimchuk,W,OTT,500000,0,,,,,0,,M,,,,,0,,,0,50,0,0,,0,,,,,,0,,,,,,,,,0,,,,,,,,
8481153,,Kelly Klima,Klima,W,ARI,500000,0,,,,,0,,K,,,,,0,,,0,52,0,0,,0,,,,,,0,,,,,,,,,0,,,,,,,,
8481154,,Kevin Klima,Klima,W,ARI,500000,0,,,,,0,,K,,,,,0,,,0,52,0,0,,0,,,,,,0,,,,,,,,,0,,,,,,,,
8482095,,Tyler Kleven,Kleven,D,OTT,1750000,1,8,10.552941,92,,0,,T,0,4,1,0,0,120,14:34,0,50,1,0,20250923,0,31,85,,0,0,0,,-11,33,897.00,0,00:00,12,0,1250000,0,82,0,,,,2025-09-22,2025-09-22
8470630,,Kevin Klein,Klein,D,NYR,500000,0,,,,,0,,K,,,,,0,,,0,47,0,0,,0,,,,,,0,,,,,,,,,0,,,,,,,,
8476472,,Oscar Klefbom,Klefbom,D,EDM,500000,0,,,,,0,,O,,,,,0,,,0,41,0,0,,0,,,,,,0,,,,,,,,,-1140000,,,,,,,,
8484474,,David Klee,Klee,C,SJS,500000,1,,,,,0,,D,,,,,0,,,0,54,0,0,,0,,,,,,0,,,,,,,,,,,,,,,,,
8484875,,Adam Kleber,Kleber,D,BUF,500000,1,,,,,0,,A,,,,,0,,,0,33,0,0,,0,,,,,,0,,,,,,,,,,,,,,,,,
8483105,,Gabriel Klassen,Klassen,C,PIT,500000,0,,,,,0,,G,,,,,0,,,0,53,0,0,,0,,,,,,0,,,,,,,,,0,,,,,,,,
8483609,,Adam Klapka,Klapka,W,CAL,2610000,1,4,21.258065,25,,0,,A,0,6,0,0,0,107,09:39,0,34,0,0,,0,10,31,,0,0,0,,-3,29,659.00,0,00:00,10,0,,0,44,0,,,,,
8481038,,Simon Kjellberg,Kjellberg,D,NYR,500000,0,,,,,0,,S,,,,,0,,,0,47,0,0,,0,,,,,,0,,,,,,,,,0,,,,,,,,
8481054,,Semyon Kizimov,Kizimov,W,TOR,500000,1,,,,,0,,S,,,,,0,,,0,57,0,0,,0,,,,,,0,,,,,,,,,0,,,,,,,,
8480162,,Matiss Kivlenieks,Kivlenieks,G,CBJ,500000,0,,,,,0,,M,,,,,0,,,0,38,0,0,,0,,,,,,0,,,,,,,,,-920000,,,,,,,,
8481641,,Joel Kiviranta,Kiviranta,W,COL,2600000,1,7,16.406977,39,,0,,J,0,16,2,0,0,133,12:19,0,37,0,0,,0,28,86,,0,0,0,,15,22,1411.00,0,00:00,23,0,270000,1,93,0,,,,,
8484787,,Aron Kiviharju,Kiviharju,D,MIN,500000,1,,,,,0,,A,,,,,0,,,0,44,0,0,,0,,,,,,0,,,,,,,,,,,,,,,,,
8477372,,Teemu Kivihalme,Kivihalme,D,TOR,500000,0,,,,,0,,T,,,,,0,,,0,57,0,0,,0,,,,,,0,,,,,,,,,0,,,,,,,,
8477026,,Henri Kiviaho,Kiviaho,G,DAL,500000,0,,,,,0,,H,,,,,0,,,0,39,0,0,,0,,,,,,0,,,,,,,,,0,,,,,,,,
8481047,,Otto Kivenmaki,Kivenmaki,W,DET,500000,0,,,,,0,,O,,,,,0,,,0,40,0,0,,0,,,,,,0,,,,,,,,,0,,,,,,,,
8475861,,Maxim Kitsyn,Kitsyn,W,LAK,500000,0,,,,,0,,M,,,,,0,,,0,43,0,0,,0,,,,,,0,,,,,,,,,0,,,,,,,,
8474165,,Scott Kishel,Kishel,D,MTL,500000,0,,,,,0,,S,,,,,0,,,0,45,0,0,,0,,,,,,0,,,,,,,,,0,,,,,,,,
8480955,,Bogdan Kiselevich,Kiselevich,D,WPG,500000,0,,,,,0,,B,,,,,0,,,0,60,0,0,,0,,,,,,0,,,,,,,,,0,,,,,,,,
8482697,,Aleksandr Kisakov,Kisakov,W,BUF,500000,0,,,,,0,,A,,,,,0,,,0,33,0,0,,0,,,,,,0,,,,,,,,,0,,,,,,,,
8480454,,Luke Kirwan,Kirwan,C,SJS,500000,0,,,,,0,,L,,,,,0,,,0,54,0,0,,0,,,,,,0,,,,,,,,,0,,,,,,,,
8485018,,Christian Kirsch,Kirsch,G,SJS,500000,1,,,,,0,,C,,,,,0,,,0,54,0,0,,0,,,,,,0,,,,,,,,,,,,,,,,,
8482922,,Kirill Kirsanov,Kirsanov,D,LAK,500000,1,,,,,0,,K,,,,,0,,,0,43,0,0,,0,,,,,,0,,,,,,,,,0,,,,,,,,
8477993,,Justin Kirkland,Kirkland,C,CAL,2550000,1,6,20.619048,16,,0,,J,0,2,0,0,0,45,09:42,0,34,0,0,,0,7,21,,0,0,0,,6,11,433.00,0,00:00,8,0,2050000,0,9,0,,,,,
8480892,,Liam Kirk,Kirk,W,ARI,500000,0,,,,,0,,L,,,,,0,,,0,52,0,0,,0,,,,,,0,,,,,,,,,0,,,,,,,,
8480339,,Clayton Kirichenko,Kirichenko,D,LAK,500000,0,,,,,0,,C,,,,,0,,,0,43,0,0,,0,,,,,,0,,,,,,,,,0,,,,,,,,
8462147,,Miikka Kiprusoff,Kiprusoff,G,CAL,500000,0,,,,,0,,M,,,,,0,,,0,34,0,0,,0,,,,,,0,,,,,,,,,0,,,,,,,,
8484434,,Justin Kipkie,Kipkie,D,MIN,500000,1,,,,,0,,J,,,,,0,,,0,44,0,0,,0,,,,,,0,,,,,,,,,,,,,,,,,
8482244,,Johannes Kinnvall,Kinnvall,D,CAL,500000,0,,,,,0,,J,,,,,0,,,0,34,0,0,,0,,,,,,0,,,,,,,,,0,,,,,,,,
8481009,,Santtu Kinnunen,Kinnunen,D,FLA,500000,0,,,,,0,,S,,,,,0,,,0,42,0,0,,0,,,,,,0,,,,,,,,,0,,,,,,,,
8484558,,Gunner Kinniburgh,Kinniburgh,D,CBJ,500000,0,,,,,0,,G,,,,,0,,,0,38,0,0,,0,,,,,,0,,,,,,,,,,,,,,,,,
8476234,,Keith Kinkaid,Kinkaid,G,NJD,500000,0,,,,,0,,K,,,,,0,,,0,49,0,0,,0,,,,,,0,,,,,,,,,-1860000,,,,,,,,
8485510,,Carter King,King,C,CAL,500000,1,,,,,0,,C,,,,,0,,,0,34,0,0,,0,,,,,,0,,,,,,,,,,,,,,,,,
8474100,,Dwight King,King,W,MTL,500000,0,,,,,0,,D,,,,,0,,,0,45,0,0,,0,,,,,,0,,,,,,,,,0,,,,,,,,
8482976,,Benjamin King,King,C,ANA,500000,0,,,,,0,,B,,,,,0,,,0,31,0,0,,0,,,,,,0,,,,,,,,,0,,,,,,,,
8481815,,Bryce Kindopp,Kindopp,W,ANA,500000,0,,,,,0,,B,,,,,0,,,0,31,0,0,,0,,,,,,0,,,,,,,,,0,,,,,,,,
8471693,,Jakub Kindl,Kindl,D,FLA,500000,0,,,,,0,,J,,,,,0,,,0,42,0,0,,0,,,,,,0,,,,,,,,,0,,,,,,,,
8485414,,Ben Kindel,Kindel,C,PIT,2260000,1,,,,,0,,B,,,,,0,,,0,53,0,0,,0,,,,,,0,,,,,,,,,,,,,,,,,
8484130,,Roman Kinal,Kinal,D,SJS,500000,0,,,,,0,,R,,,,,0,,,0,54,0,0,,0,,,,,,0,,,,,,,,,,,,,,,,,
8480307,,Michael Kim,Kim,D,FA,500000,0,,,,,0,,M,,,,,0,,,0,0,0,0,,0,,,,,,0,,,,,,,,,0,,,,,,,,
8483726,,Maximilian Kilpinen,Kilpinen,W,DET,500000,1,,,,,0,,M,,,,,0,,,0,40,0,0,,0,,,,,,0,,,,,,,,,,,,,,,,,
8473986,,Alex Killorn,Killorn,W,ANA,2950000,1,18,21.024390,22,,0,,A,0,19,5,0,0,77,17:17,0,31,0,0,,0,37,82,,1,0,0,,12,30,1724.00,0,00:00,37,0,-1220000,1,133,0,,,,,
8481027,,Lenni Killinen,Killinen,W,CAR,500000,0,,,,,0,,L,,,,,0,,,0,35,0,0,,0,,,,,,0,,,,,,,,,0,,,,,,,,
8484183,,Jesse Kiiskinen,Kiiskinen,W,DET,500000,1,,,,,0,,J,,,,,0,,,0,40,0,0,,0,,,,,,0,,,,,,,,,,,,,,,,,
8482641,,Matt Kiersted,Kiersted,D,MIN,1110000,1,1,24.500000,1,,0,,M,0,0,0,0,0,3,12:41,0,44,0,0,,0,2,2,,0,0,0,,1,2,49.00,0,00:00,1,0,610000,0,0,0,,,,,
8478422,,Kameron Kielly,Kielly,W,LAK,500000,0,,,,,0,,K,,,,,0,,,0,43,0,0,,0,,,,,,0,,,,,,,,,0,,,,,,,,
8481478,,Jake Kielly,Kielly,G,VAN,500000,0,,,,,0,,J,,,,,0,,,0,58,0,0,,0,,,,,,0,,,,,,,,,0,,,,,,,,
8482828,,Riley Kidney,Kidney,C,MTL,500000,1,,,,,0,,R,,,,,0,,,0,45,0,0,,0,,,,,,0,,,,,,,,,0,,,,,,,,
8476006,,Brenden Kichton,Kichton,D,CAR,500000,0,,,,,0,,B,,,,,0,,,0,35,0,0,,0,,,,,,0,,,,,,,,,0,,,,,,,,
8482177,,Marat Khusnutdinov,Khusnutdinov,C,BOS,990000,1,7,7.146667,47,,0,,M,0,5,0,0,0,55,12:05,0,32,0,0,,0,32,75,,0,0,0,,-11,20,536.00,0,00:00,12,0,490000,0,41,0,,,,,
8471418,,Anton Khudobin,Khudobin,G,CHI,500000,0,,,,,0,,A,,,,,0,,,0,36,0,0,,0,,,,,,0,,,,,,,,,-4480000,,,,,,,,
8480824,,Alexander Khovanov,Khovanov,C,MIN,500000,0,,,,,0,,A,,,,,0,,,0,44,0,0,,0,,,,,,0,,,,,,,,,0,,,,,,,,
8470686,,Ivan Khomutov,Khomutov,C,NJD,500000,0,,,,,0,,I,,,,,0,,,0,49,0,0,,0,,,,,,0,,,,,,,,,0,,,,,,,,
8468603,,Vadim Khomitski,Khomitski,D,DAL,500000,0,,,,,0,,V,,,,,0,,,0,39,0,0,,0,,,,,,0,,,,,,,,,0,,,,,,,,
8476435,,Alex Khokhlachev,Khokhlachev,C,BOS,500000,0,,,,,0,,A,,,,,0,,,0,32,0,0,,0,,,,,,0,,,,,,,,,0,,,,,,,,
8482054,,Patrick Khodorenko,Khodorenko,C,NYR,500000,0,,,,,0,,P,,,,,0,,,0,47,0,0,,0,,,,,,0,,,,,,,,,0,,,,,,,,
8481672,,Arsen Khisamutdinov,Khisamutdinov,C,MTL,500000,0,,,,,0,,A,,,,,0,,,0,45,0,0,,0,,,,,,0,,,,,,,,,0,,,,,,,,
8484440,,Ruslan Khazheyev,Khazheyev,G,CAR,500000,1,,,,,0,,R,,,,,0,,,0,35,0,0,,0,,,,,,0,,,,,,,,,,,,,,,,,
8485082,,Makar Khanin,Khanin,W,MTL,500000,1,,,,,0,,M,,,,,0,,,0,45,0,0,,0,,,,,,0,,,,,,,,,,,,,,,,,
8476915,,Jujhar Khaira,Khaira,W,MIN,500000,0,,,,,0,,J,,,,,0,,,0,44,0,0,,0,,,,,,0,,,,,,,,,-2620000,,,,,,,,
8480356,,Kyle Keyser,Keyser,G,BOS,500000,0,,,,,0,,K,,,,,0,,,0,32,0,0,,0,,,,,,0,,,,,,,,,0,,,,,,,,
8485435,,Ben Kevan,Kevan,W,NJD,500000,1,,,,,0,,B,,,,,0,,,0,49,0,0,,0,,,,,,0,,,,,,,,,,,,,,,,,
8485413,,Peyton Kettles,Kettles,D,PIT,500000,1,,,,,0,,P,,,,,0,,,0,53,0,0,,0,,,,,,0,,,,,,,,,,,,,,,,,
8476353,,Kale Kessy,Kessy,W,EDM,500000,0,,,,,0,,K,,,,,0,,,0,41,0,0,,0,,,,,,0,,,,,,,,,0,,,,,,,,
8480891,,Michael Kesselring,Kesselring,D,UTA,2850000,1,22,20.353659,65,,0,,M,0,7,1,0,0,86,17:41,0,64,1,0,20251003,0,31,82,,1,0,0,,4,89,1669.00,1,00:00,29,0,2350000,0,150,0,,,,2025-10-02,2025-10-02
8482516,,Matthew Kessel,Kessel,D,STL,850000,1,3,6.724138,22,,0,,M,0,0,0,0,0,21,13:08,0,55,0,0,,0,13,29,,0,0,0,,-3,10,195.00,0,00:00,3,0,350000,0,17,0,,,,,
8473548,,Phil Kessel,Kessel,W,VGK,500000,0,,,,,0,,P,,,,,0,,,0,62,0,0,,0,,,,,,0,,,,,,,,,-2670000,,,,,,,,
8470616,,Ryan Kesler,Kesler,C,VGK,500000,0,,,,,0,,R,,,,,0,,,0,62,0,0,,0,,,,,,0,,,,,,,,,0,,,,,,,,
8484472,,Oiva Keskinen,Keskinen,C,CBJ,500000,1,,,,,0,,O,,,,,0,,,0,38,0,0,,0,,,,,,0,,,,,,,,,,,,,,,,,
8478528,,Tanner Kero,Kero,C,DAL,500000,0,,,,,0,,T,,,,,0,,,0,39,0,0,,0,,,,,,0,,,,,,,,,-1040000,,,,,,,,
8482209,,Rory Kerins,Kerins,C,CAL,2320000,1,4,29.600000,2,,0,,R,0,0,0,0,0,4,12:14,0,34,0,0,,0,2,5,,0,0,0,,3,0,148.00,0,00:00,4,0,1820000,0,3,0,,,,,
8477021,,Alexander Kerfoot,Kerfoot,C,UTA,2100000,1,17,15.000000,66,,0,,A,0,11,1,0,0,58,15:15,0,64,1,0,20250930,0,31,81,,0,0,0,,-5,14,1215.00,0,00:00,28,0,-850000,2,100,0,,,,2025-09-26,2025-09-26
8476866,,Nicolas Kerdiles,Kerdiles,W,ANA,500000,0,,,,,0,,N,,,,,0,,,0,31,0,0,,0,,,,,,0,,,,,,,,,0,,,,,,,,
8477923,,Michael Keranen,Keranen,W,MIN,500000,0,,,,,0,,M,,,,,0,,,0,44,0,0,,0,,,,,,0,,,,,,,,,0,,,,,,,,
8481660,,Ethan Keppen,Keppen,W,VAN,500000,0,,,,,0,,E,,,,,0,,,0,58,0,0,,0,,,,,,0,,,,,,,,,0,,,,,,,,
8484454,,Sean Keohane,Keohane,D,BUF,500000,1,,,,,0,,S,,,,,0,,,0,33,0,0,,0,,,,,,0,,,,,,,,,,,,,,,,,
8471311,,Tyler Kennedy,Kennedy,C,NJD,500000,0,,,,,0,,T,,,,,0,,,0,49,0,0,,0,,,,,,0,,,,,,,,,0,,,,,,,,
8477589,,Ronalds Kenins,Kenins,W,VAN,500000,0,,,,,0,,R,,,,,0,,,0,58,0,0,,0,,,,,,0,,,,,,,,,0,,,,,,,,
8478564,,Joonas Kemppainen,Kemppainen,C,BOS,500000,0,,,,,0,,J,,,,,0,,,0,32,0,0,,0,,,,,,0,,,,,,,,,0,,,,,,,,
8479482,,Michal Kempny,Kempny,D,SEA,500000,0,,,,,0,,M,,,,,0,,,0,63,0,0,,0,,,,,,0,,,,,,,,,0,,,,,,,,
8482950,,Hank Kempf,Kempf,D,COL,500000,1,,,,,0,,H,,,,,0,,,0,37,0,0,,0,,,,,,0,,,,,,,,,0,,,,,,,,
8485023,,Nicholas Kempf,Kempf,G,WSH,500000,1,,,,,0,,N,,,,,0,,,0,59,0,0,,0,,,,,,0,,,,,,,,,,,,,,,,,
8477960,,Adrian Kempe,Kempe,W,LAK,6330000,1,44,38.678161,42,,0,,A,0,39,5,0,0,111,19:20,0,43,0,0,,0,27,87,,1,0,0,,14,40,3365.00,7,00:00,83,0,3640000,1,257,0,,,,,
8474131,,Mario Kempe,Kempe,W,LAK,500000,0,,,,,0,,M,,,,,0,,,0,43,0,0,,0,,,,,,0,,,,,,,,,0,,,,,,,,
8480274,,Philip Kemp,Kemp,D,EDM,500000,1,,,,,0,,P,,,,,0,,,0,41,0,0,,0,,,,,,0,,,,,,,,,0,,,,,,,,
8481092,,Brett Kemp,Kemp,C,VGK,500000,0,,,,,0,,B,,,,,0,,,0,62,0,0,,0,,,,,,0,,,,,,,,,0,,,,,,,,
8483465,,Joakim Kemell,Kemell,W,NSH,760000,1,0,13.000000,1,,0,,J,0,0,0,0,0,4,10:21,0,48,0,0,,0,1,2,,0,0,0,,0,0,26.00,0,00:00,0,0,,0,8,0,,,,,
8467967,,Chris Kelly,Kelly,C,OTT,500000,0,,,,,0,,C,,,,,0,,,0,50,0,0,,0,,,,,,0,,,,,,,,,0,,,,,,,,
8474219,,Dan Kelly,Kelly,D,SJS,500000,0,,,,,0,,D,,,,,0,,,0,54,0,0,,0,,,,,,0,,,,,,,,,0,,,,,,,,
8481516,,Joel Kellman,Kellman,C,SJS,500000,0,,,,,0,,J,,,,,0,,,0,54,0,0,,0,,,,,,0,,,,,,,,,-680000,,,,,,,,
8482948,,Connor Kelley,Kelley,D,COL,500000,1,,,,,0,,C,,,,,0,,,0,37,0,0,,0,,,,,,0,,,,,,,,,0,,,,,,,,
8479343,,Clayton Keller,Keller,W,UTA,5150000,1,60,36.814815,29,,0,,C,0,30,5,0,0,11,19:07,0,64,0,0,,0,30,81,,1,0,0,,-12,28,2982.00,10,00:00,90,0,2130000,0,219,0,,,,,
8484480,,Antoine Keller,Keller,G,WSH,500000,1,,,,,0,,A,,,,,0,,,0,59,0,0,,0,,,,,,0,,,,,,,,,,,,,,,,,
8483597,,Milos Kelemen,Kelemen,W,UTA,500000,0,,,,,0,,M,,,,,0,,,0,64,0,0,,0,,,,,,0,,,,,,,,,,,,,,,,,
8470281,,Duncan Keith,Keith,D,EDM,500000,0,,,,,0,,D,,,,,0,,,0,41,0,0,,0,,,,,,0,,,,,,,,,-1390000,,,,,,,,
8485463,,Anthony Kehrer,Kehrer,D,STL,500000,1,,,,,0,,A,,,,,0,,,0,55,0,0,,0,,,,,,0,,,,,,,,,,,,,,,,,
8481442,,Brady Keeper,Keeper,D,VAN,500000,0,,,,,0,,B,,,,,0,,,0,58,0,0,,0,,,,,,0,,,,,,,,,0,,,,,,,,
8484182,,Larry Keenan,Keenan,D,DET,500000,1,,,,,0,,L,,,,,0,,,0,40,0,0,,0,,,,,,0,,,,,,,,,,,,,,,,,
8485116,,Marcus Kearsey,Kearsey,D,CBJ,500000,1,,,,,0,,M,,,,,0,,,0,38,0,0,,0,,,,,,0,,,,,,,,,,,,,,,,,
8471996,,Bracken Kearns,Kearns,C,NJD,500000,0,,,,,0,,B,,,,,0,,,0,49,0,0,,0,,,,,,0,,,,,,,,,0,,,,,,,,
8483064,,Gerard Keane,Keane,D,CBJ,500000,0,,,,,0,,G,,,,,0,,,0,38,0,0,,0,,,,,,0,,,,,,,,,0,,,,,,,,
8476901,,Justin Kea,Kea,C,BUF,500000,0,,,,,0,,J,,,,,0,,,0,33,0,0,,0,,,,,,0,,,,,,,,,0,,,,,,,,
8470067,,Dimitri Kazionov,Kazionov,C,TBL,500000,0,,,,,0,,D,,,,,0,,,0,56,0,0,,0,,,,,,0,,,,,,,,,0,,,,,,,,
8473469,,Denis Kazionov,Kazionov,W,TBL,500000,0,,,,,0,,D,,,,,0,,,0,56,0,0,,0,,,,,,0,,,,,,,,,0,,,,,,,,
8460744,,Mikhail Kazakevich,Kazakevich,C,PIT,500000,0,,,,,0,,M,,,,,0,,,0,53,0,0,,0,,,,,,0,,,,,,,,,0,,,,,,,,
8479426,,Artur Kayumov,Kayumov,W,CHI,500000,1,,,,,0,,A,,,,,0,,,0,36,0,0,,0,,,,,,0,,,,,,,,,0,,,,,,,,
8480822,,Martin Kaut,Kaut,W,SJS,500000,1,,,,,0,,M,,,,,0,,,0,54,0,0,,0,,,,,,0,,,,,,,,,0,,,,,,,,
8474063,,Mark Katic,Katic,D,NYI,500000,0,,,,,0,,M,,,,,0,,,0,46,0,0,,0,,,,,,0,,,,,,,,,0,,,,,,,,
8481107,,Alexander Katerinakis,Katerinakis,W,MTL,500000,0,,,,,0,,A,,,,,0,,,0,45,0,0,,0,,,,,,0,,,,,,,,,0,,,,,,,,
8479383,,Boris Katchouk,Katchouk,W,TBL,500000,1,,,,,0,,B,,,,,0,,,0,56,0,0,,0,,,,,,0,,,,,,,,,0,,,,,,,,
8480355,,Mark Kastelic,Kastelic,C,BOS,2850000,1,9,21.196721,36,,0,,M,0,5,0,0,0,217,10:44,0,32,0,0,,0,26,61,,0,0,0,,-3,106,1293.00,0,00:00,14,0,2350000,0,67,0,,,,,
8475178,,Zack Kassian,Kassian,W,ARI,500000,0,,,,,0,,Z,,,,,0,,,0,52,0,0,,0,,,,,,0,,,,,,,,,-1330000,,,,,,,,
8479349,,Tanner Kaspick,Kaspick,C,STL,500000,0,,,,,0,,T,,,,,0,,,0,55,0,0,,0,,,,,,0,,,,,,,,,0,,,,,,,,
8483464,,Marco Kasper,Kasper,C,DET,3200000,1,18,23.558442,45,,0,,M,0,19,3,0,0,156,15:27,0,40,0,0,,0,32,77,,1,0,0,,1,34,1814.00,2,00:00,37,0,,0,145,0,,,,,
8482959,,Matej Kaslik,Kaslik,C,COL,500000,0,,,,,0,,M,,,,,0,,,0,37,0,0,,0,,,,,,0,,,,,,,,,0,,,,,,,,
8479288,,Kasimir Kaskisuo,Kaskisuo,G,NSH,500000,0,,,,,0,,K,,,,,0,,,0,48,0,0,,0,,,,,,0,,,,,,,,,-50000,,,,,,,,
8483463,,Aleksanteri Kaskimaki,Kaskimaki,C,STL,500000,1,,,,,0,,A,,,,,0,,,0,55,0,0,,0,,,,,,0,,,,,,,,,,,,,,,,,
8481639,,Oliwer Kaski,Kaski,D,CAR,500000,0,,,,,0,,O,,,,,0,,,0,35,0,0,,0,,,,,,0,,,,,,,,,0,,,,,,,,
8482898,,Evgenii Kashnikov,Kashnikov,D,SJS,500000,0,,,,,0,,E,,,,,0,,,0,54,0,0,,0,,,,,,0,,,,,,,,,0,,,,,,,,
8478131,,Ondrej Kase,Kase,W,CAR,500000,0,,,,,0,,O,,,,,0,,,0,35,0,0,,0,,,,,,0,,,,,,,,,-210000,,,,,,,,
8478436,,David Kase,Kase,W,CAR,500000,0,,,,,0,,D,,,,,0,,,0,35,0,0,,0,,,,,,0,,,,,,,,,0,,,,,,,,
8476309,,Jason Kasdorf,Kasdorf,G,BUF,500000,0,,,,,0,,J,,,,,0,,,0,33,0,0,,0,,,,,,0,,,,,,,,,0,,,,,,,,
8481789,,Tye Kartye,Kartye,W,SEA,1820000,1,7,13.492063,28,,0,,T,0,6,0,0,0,175,09:41,0,63,0,0,,0,28,63,,0,0,0,,-14,43,850.00,0,00:00,13,0,,1,55,0,,,,,
8484465,,Daniil Karpovich,Karpovich,D,NJD,500000,1,,,,,0,,D,,,,,0,,,0,49,0,0,,0,,,,,,0,,,,,,,,,,,,,,,,,
8483730,,Zakary Karpa,Karpa,C,NYR,500000,0,,,,,0,,Z,,,,,0,,,0,47,0,0,,0,,,,,,0,,,,,,,,,,,,,,,,,
8480211,,Michael Karow,Karow,D,DAL,500000,0,,,,,0,,M,,,,,0,,,0,39,0,0,,0,,,,,,0,,,,,,,,,0,,,,,,,,
8478865,,Pavel Karnaukhov,Karnaukhov,W,CAL,500000,1,,,,,0,,P,,,,,0,,,0,34,0,0,,0,,,,,,0,,,,,,,,,0,,,,,,,,
8477333,,Marcus Karlstrom,Karlstrom,D,WPG,500000,0,,,,,0,,M,,,,,0,,,0,60,0,0,,0,,,,,,0,,,,,,,,,0,,,,,,,,
8479518,,Fredrik Karlstrom,Karlstrom,C,NYI,500000,0,,,,,0,,F,,,,,0,,,0,46,0,0,,0,,,,,,0,,,,,,,,,0,,,,,,,,
8474578,,Erik Karlsson,Karlsson,D,PIT,3100000,1,42,22.280488,91,,0,,E,0,11,1,0,0,29,23:14,0,53,0,0,,0,34,82,,1,0,0,,-24,20,1827.00,2,00:00,53,0,1040000,0,191,0,,,,,
8476448,,William Karlsson,Karlsson,C,VGK,4150000,1,23,26.031250,44,,0,,W,0,12,4,0,0,22,17:17,0,62,0,0,,0,18,64,,0,0,0,,22,4,1666.00,0,00:00,35,0,-570000,3,136,0,,,,,
8481024,,Linus Karlsson,Karlsson,C,VAN,2020000,1,3,16.260870,8,,0,,L,0,3,1,0,0,27,10:56,0,58,0,0,,0,7,23,,0,0,0,,5,6,374.00,1,00:00,6,0,1520000,0,28,0,,,,,
8483739,,Gustav Karlsson,Karlsson,C,BUF,500000,1,,,,,0,,G,,,,,0,,,0,33,0,0,,0,,,,,,0,,,,,,,,,,,,,,,,,
8476973,,Erik Karlsson,Karlsson,W,CAR,500000,0,,,,,0,,E,,,,,0,,,0,35,0,0,,0,,,,,,0,,,,,,,,,0,,,,,,,,
8477922,,Melker Karlsson,Karlsson,C,SJS,500000,0,,,,,0,,M,,,,,0,,,0,54,0,0,,0,,,,,,0,,,,,,,,,0,,,,,,,,
8478018,,Anton Karlsson,Karlsson,W,ARI,500000,0,,,,,0,,A,,,,,0,,,0,52,0,0,,0,,,,,,0,,,,,,,,,0,,,,,,,,
8478417,,Jakob Forsbacka Karlsson,Karlsson,C,BOS,500000,0,,,,,0,,J,,,,,0,,,0,32,0,0,,0,,,,,,0,,,,,,,,,0,,,,,,,,
8481022,,Marcus Karlberg,Karlberg,W,CBJ,500000,0,,,,,0,,M,,,,,0,,,0,38,0,0,,0,,,,,,0,,,,,,,,,0,,,,,,,,
8484397,,Arttu Karki,Karki,D,VGK,500000,1,,,,,0,,A,,,,,0,,,0,62,0,0,,0,,,,,,0,,,,,,,,,,,,,,,,,
8478064,,Miro Karjalainen,Karjalainen,D,DAL,500000,0,,,,,0,,M,,,,,0,,,0,39,0,0,,0,,,,,,0,,,,,,,,,0,,,,,,,,
8483462,,Jake Karabela,Karabela,C,WSH,500000,0,,,,,0,,J,,,,,0,,,0,59,0,0,,0,,,,,,0,,,,,,,,,,,,,,,,,
8477980,,Vaclav Karabacek,Karabacek,W,BUF,500000,0,,,,,0,,V,,,,,0,,,0,33,0,0,,0,,,,,,0,,,,,,,,,0,,,,,,,,
8480284,,Vladislav Kara,Kara,W,TOR,500000,1,,,,,0,,V,,,,,0,,,0,57,0,0,,0,,,,,,0,,,,,,,,,0,,,,,,,,
8478864,,Kirill Kaprizov,Kaprizov,W,MIN,8040000,1,35,53.021277,27,,0,,K,0,30,5,0,0,22,22:33,0,44,0,0,,0,15,47,,2,0,0,,18,20,2492.00,7,00:00,65,0,2910000,0,167,0,,,,,
8483461,,Devin Kaplan,Kaplan,W,PHI,500000,1,0,-8.000000,0,,0,,D,0,0,0,0,0,1,12:12,0,51,0,0,,0,1,1,,0,0,0,,-1,0,-8.00,0,00:00,0,0,,0,0,0,,,,,
8480081,,Michael Kapla,Kapla,D,MIN,500000,0,,,,,0,,M,,,,,0,,,0,44,0,0,,0,,,,,,0,,,,,,,,,0,,,,,,,,
8477953,,Kasperi Kapanen,Kapanen,W,EDM,2140000,1,11,12.341772,19,,0,,K,0,9,3,0,0,133,12:09,0,41,0,0,,0,24,79,,1,0,0,,-18,34,975.00,0,00:00,20,0,-2010000,0,92,0,,,,,
8482775,,Oliver Kapanen,Kapanen,C,MTL,560000,1,3,4.047619,8,,0,,O,0,0,0,0,0,3,10:20,0,45,0,0,,0,9,21,,0,0,0,,-5,2,85.00,0,00:00,3,0,60000,0,16,0,,,,,
8477489,,Keegan Kanzig,Kanzig,D,CAR,500000,0,,,,,0,,K,,,,,0,,,0,35,0,0,,0,,,,,,0,,,,,,,,,0,,,,,,,,
8484390,,Roman Kantserov,Kantserov,W,CHI,500000,1,,,,,0,,R,,,,,0,,,0,36,0,0,,0,,,,,,0,,,,,,,,,,,,,,,,,
8475927,,Michael Kantor,Kantor,W,NYR,500000,0,,,,,0,,M,,,,,0,,,0,47,0,0,,0,,,,,,0,,,,,,,,,0,,,,,,,,
8480998,,Alex Kannok-Leipert,Kannok-Leipert,D,WSH,500000,0,,,,,0,,A,,,,,0,,,0,59,0,0,,0,,,,,,0,,,,,,,,,0,,,,,,,,
8484490,,Kalle Kangas,Kangas,D,PIT,500000,1,,,,,0,,K,,,,,0,,,0,53,0,0,,0,,,,,,0,,,,,,,,,,,,,,,,,
8474141,,Patrick Kane,Kane,W,DET,3980000,1,38,28.680556,23,,0,,P,0,21,6,0,0,19,17:59,0,40,0,0,,0,33,72,,2,0,0,,-16,12,2065.00,12,00:00,59,0,-1100000,0,175,0,,,,,
8475169,,Evander Kane,Kane,W,EDM,1450000,1,6,37.380952,7,,0,,E,0,6,0,0,0,95,16:29,0,41,0,0,,0,6,21,,0,0,0,,4,44,785.00,0,00:00,12,0,-3490000,0,47,0,,,,,
8485656,,Ilya Kanarsky,Kanarsky,G,CHI,500000,1,,,,,0,,I,,,,,0,,,0,36,0,0,,0,,,,,,0,,,,,,,,,,,,,,,,,
8474000,,Steven Kampfer,Kampfer,D,ARI,500000,0,,,,,0,,S,,,,,0,,,0,52,0,0,,0,,,,,,0,,,,,,,,,-1400000,,,,,,,,
8480144,,David Kampf,Kampf,C,TOR,1190000,1,8,10.083333,25,,0,,D,0,5,0,0,0,53,12:24,0,57,0,0,,0,19,60,,0,0,0,,-3,14,605.00,0,00:00,13,0,-150000,1,46,0,,,,,
8480932,,Maximilian Kammerer,Kammerer,C,WSH,500000,0,,,,,0,,M,,,,,0,,,0,59,0,0,,0,,,,,,0,,,,,,,,,0,,,,,,,,
8477973,,Vladislav Kamenev,Kamenev,C,COL,500000,0,,,,,0,,V,,,,,0,,,0,37,0,0,,0,,,,,,0,,,,,,,,,0,,,,,,,,
8482979,,Dino Kambeitz,Kambeitz,W,EDM,500000,0,,,,,0,,D,,,,,0,,,0,41,0,0,,0,,,,,,0,,,,,,,,,0,,,,,,,,
8480293,,Wyatt Kalynuk,Kalynuk,D,NYR,500000,0,,,,,0,,W,,,,,0,,,0,47,0,0,,0,,,,,,0,,,,,,,,,-1290000,,,,,,,,
8483658,,Brooklyn Kalmikov,Kalmikov,W,PIT,500000,0,,,,,0,,B,,,,,0,,,0,53,0,0,,0,,,,,,0,,,,,,,,,,,,,,,,,
8481573,,Marcus Kallionkieli,Kallionkieli,W,VGK,500000,0,,,,,0,,M,,,,,0,,,0,62,0,0,,0,,,,,,0,,,,,,,,,0,,,,,,,,
8478902,,Erik Kallgren,Kallgren,G,NJD,500000,0,,,,,0,,E,,,,,0,,,0,49,0,0,,0,,,,,,0,,,,,,,,,0,,,,,,,,
8481560,,Arthur Kaliyev,Kaliyev,W,OTT,1280000,1,1,13.285714,2,,0,,A,0,3,0,0,0,7,11:13,0,50,0,0,,0,4,14,,0,0,0,,2,2,186.00,0,00:00,4,0,360000,0,21,0,,,,,
8478566,,Sergey Kalinin,Kalinin,C,NJD,500000,0,,,,,0,,S,,,,,0,,,0,49,0,0,,0,,,,,,0,,,,,,,,,0,,,,,,,,
8471388,,Patrick Kaleta,Kaleta,W,BUF,500000,0,,,,,0,,P,,,,,0,,,0,33,0,0,,0,,,,,,0,,,,,,,,,0,,,,,,,,
8475611,,Zane Kalemba,Kalemba,G,WPG,500000,0,,,,,0,,Z,,,,,0,,,0,60,0,0,,0,,,,,,0,,,,,,,,,0,,,,,,,,
8481554,,Kaapo Kakko,Kakko,W,SEA,3030000,1,30,21.734177,28,,0,,K,0,14,2,0,0,68,15:37,0,63,1,0,20250926,0,39,79,,0,0,0,,-2,38,1717.00,4,00:00,44,0,1080000,0,118,0,,,,2025-09-25,2025-09-25
8482176,,Wyatt Kaiser,Kaiser,D,CHI,1550000,1,4,11.614035,91,,0,,W,0,4,0,0,0,53,18:07,0,36,0,0,,0,32,57,,0,0,0,,0,14,662.00,0,00:00,8,0,1050000,0,66,0,,,,,
8470267,,Alexei Kaigorodov,Kaigorodov,C,ARI,500000,0,,,,,0,,A,,,,,0,,,0,52,0,0,,0,,,,,,0,,,,,,,,,0,,,,,,,,
8480946,,Dominik Kahun,Kahun,C,EDM,500000,0,,,,,0,,D,,,,,0,,,0,41,0,0,,0,,,,,,0,,,,,,,,,-1150000,,,,,,,,
8478039,,Kaapo Kahkonen,Kahkonen,G,WPG,500000,1,0,-28.000000,0,,0,,K,4,0,0,0,0,0,58:16,0,60,0,0,,0,1,1,,0,0,0,,0,0,-28.00,0,00:00,0,16,-5230000,0,0,0,,80.0,,,
8475172,,Nazem Kadri,Kadri,C,CAL,4460000,1,32,32.463415,30,,0,,N,0,35,5,0,0,55,19:21,0,34,0,0,,0,27,82,,2,0,0,,-17,72,2662.00,9,00:00,67,0,810000,0,278,0,,,,,
8478127,,Alexander Kadeykin,Kadeykin,C,DET,500000,1,,,,,0,,A,,,,,0,,,0,40,0,0,,0,,,,,,0,,,,,,,,,0,,,,,,,,
8474081,,Ilja Kablukov,Kablukov,W,VAN,500000,0,,,,,0,,I,,,,,0,,,0,58,0,0,,0,,,,,,0,,,,,,,,,0,,,,,,,,
8477342,,Janne Juvonen,Juvonen,G,NSH,500000,0,,,,,0,,J,,,,,0,,,0,48,0,0,,0,,,,,,0,,,,,,,,,0,,,,,,,,
8478454,,Noah Juulsen,Juulsen,D,VAN,1080000,1,0,8.485714,50,,0,,N,0,0,0,0,0,101,16:17,0,58,0,0,,0,14,35,,0,0,0,,-12,21,297.00,0,00:00,0,0,580000,0,26,0,,,,,
8482170,,Joni Jurmo,Jurmo,D,CAL,500000,0,,,,,0,,J,,,,,0,,,0,34,0,0,,0,,,,,,0,,,,,,,,,0,,,,,,,,
8476430,,Tomas Jurco,Jurco,W,VGK,500000,0,,,,,0,,T,,,,,0,,,0,62,0,0,,0,,,,,,0,,,,,,,,,-220000,,,,,,,,
8479355,,Olli Juolevi,Juolevi,D,ANA,500000,0,,,,,0,,O,,,,,0,,,0,31,0,0,,0,,,,,,0,,,,,,,,,-760000,,,,,,,,
8483737,,Nils Juntorp,Juntorp,W,CAR,500000,1,,,,,0,,N,,,,,0,,,0,35,0,0,,0,,,,,,0,,,,,,,,,,,,,,,,,
8485632,,Samuel Jung,Jung,W,NYR,500000,1,,,,,0,,S,,,,,0,,,0,47,0,0,,0,,,,,,0,,,,,,,,,,,,,,,,,
8484430,,Jacob Julien,Julien,C,WPG,500000,1,,,,,0,,J,,,,,0,,,0,60,0,0,,0,,,,,,0,,,,,,,,,,,,,,,,,
8483684,,Tyson Jugnauth,Jugnauth,D,SEA,500000,1,,,,,0,,T,,,,,0,,,0,63,0,0,,0,,,,,,0,,,,,,,,,,,,,,,,,
8478836,,Brent Gates Jr.,Jr.,C,ANA,500000,0,,,,,0,,B,,,,,0,,,0,31,0,0,,0,,,,,,0,,,,,,,,,0,,,,,,,,
8480331,,Kris Joyce,Joyce,G,LAK,500000,0,,,,,0,,K,,,,,0,,,0,43,0,0,,0,,,,,,0,,,,,,,,,0,,,,,,,,
8470665,,Mishail Joukov,Joukov,C,EDM,500000,0,,,,,0,,M,,,,,0,,,0,41,0,0,,0,,,,,,0,,,,,,,,,0,,,,,,,,
8479370,,Tyson Jost,Jost,C,CAR,1730000,1,5,14.410256,15,,0,,T,0,4,0,0,0,46,10:22,0,35,0,0,,0,16,39,,0,0,0,,3,33,562.00,0,00:00,9,0,-960000,0,43,0,,,,,
8480361,,Sean Josling,Josling,W,FA,500000,0,,,,,0,,S,,,,,0,,,0,0,0,0,,0,,,,,,0,,,,,,,,,0,,,,,,,,
8474600,,Roman Josi,Josi,D,NSH,3330000,1,29,25.169811,83,,0,,R,0,9,1,0,0,42,25:02,0,48,0,0,,0,27,53,,0,0,0,,-26,18,1334.00,2,00:00,38,0,-680000,0,150,0,,,,,
8478057,,Dakota Joshua,Joshua,C,VAN,2130000,1,7,16.000000,29,,0,,D,0,7,0,0,0,193,12:58,0,58,0,0,,0,22,57,,0,0,0,,-13,38,912.00,1,00:00,14,0,1400000,1,52,0,,,,,
8484789,,Ollie Josephson,Josephson,C,SEA,500000,1,,,,,0,,O,,,,,0,,,0,63,0,0,,0,,,,,,0,,,,,,,,,,,,,,,,,
8477349,,Troy Josephs,Josephs,C,PIT,500000,0,,,,,0,,T,,,,,0,,,0,53,0,0,,0,,,,,,0,,,,,,,,,0,,,,,,,,
8478472,,Mathieu Joseph,Joseph,W,STL,2650000,1,10,15.285714,44,,0,,M,0,5,0,0,0,133,11:59,0,55,0,0,,0,20,63,,0,0,0,,-5,38,963.00,0,00:00,15,0,200000,1,75,0,,,,,
8480058,,P.O Joseph,Joseph,D,VAN,610000,1,3,4.638298,36,,0,,P,0,0,0,0,0,36,15:16,0,58,1,0,20251009,0,20,47,,0,0,0,,-22,45,218.00,0,00:00,3,0,-1140000,0,42,0,,,,2025-10-03,2025-10-03
8475185,,Jacob Josefson,Josefson,C,BUF,500000,0,,,,,0,,J,,,,,0,,,0,33,0,0,,0,,,,,,0,,,,,,,,,0,,,,,,,,
8475898,,Mauro Jorg,Jorg,W,NJD,500000,0,,,,,0,,M,,,,,0,,,0,49,0,0,,0,,,,,,0,,,,,,,,,0,,,,,,,,
8474661,,Michal Jordan,Jordan,D,CAR,500000,0,,,,,0,,M,,,,,0,,,0,35,0,0,,0,,,,,,0,,,,,,,,,0,,,,,,,,
8482876,,Cole Jordan,Jordan,D,CAL,500000,0,,,,,0,,C,,,,,0,,,0,34,0,0,,0,,,,,,0,,,,,,,,,0,,,,,,,,
8477591,,Josh Jooris,Jooris,W,TOR,500000,0,,,,,0,,J,,,,,0,,,0,57,0,0,,0,,,,,,0,,,,,,,,,0,,,,,,,,
8479536,,Axel Jonsson-Fjallby,Jonsson-Fjallby,W,WPG,500000,0,,,,,0,,A,,,,,0,,,0,60,0,0,,0,,,,,,0,,,,,,,,,0,,,,,,,,
8483769,,Samuel Jonsson,Jonsson,G,EDM,500000,1,,,,,0,,S,,,,,0,,,0,41,0,0,,0,,,,,,0,,,,,,,,,,,,,,,,,
8477336,,Nolan De Jong,Jong,D,COL,500000,0,,,,,0,,N,,,,,0,,,0,37,0,0,,0,,,,,,0,,,,,,,,,0,,,,,,,,
8480243,,Brendan De Jong,Jong,D,CAR,500000,0,,,,,0,,B,,,,,0,,,0,35,0,0,,0,,,,,,0,,,,,,,,,0,,,,,,,,
8477495,,Seth Jones,Jones,D,FLA,4200000,1,32,24.220930,136,,0,,S,0,13,3,0,0,144,24:52,0,42,0,0,,0,40,86,,0,0,0,,-13,32,2083.00,6,00:00,45,0,1170000,0,156,0,,,,,
8478452,,Caleb Jones,Jones,D,LAK,650000,1,0,6.333333,5,,0,,C,0,0,0,0,0,10,12:34,0,43,0,0,,0,3,6,,0,0,0,,-1,2,38.00,0,00:00,0,0,-130000,0,6,0,,,,,
8479368,,Max Jones,Jones,W,EDM,800000,1,1,6.384615,8,,0,,M,0,1,0,0,0,71,09:23,0,41,1,0,20251003,0,10,26,,0,0,0,,-13,18,166.00,0,00:00,2,0,-1170000,0,17,0,,,,2025-10-01,2025-10-01
8480259,,Ben Jones,Jones,C,MIN,840000,1,0,6.692308,11,,0,,B,0,0,0,0,0,51,08:23,0,44,0,0,,0,10,26,,0,0,0,,-3,10,174.00,0,00:00,0,0,340000,0,25,0,,,,,
8481708,,Zac Jones,Jones,D,BUF,1700000,1,10,12.978261,46,,0,,Z,0,1,0,0,0,28,17:15,0,33,0,0,,0,23,46,,0,0,0,,0,24,597.00,0,00:00,11,0,390000,0,51,0,,,,,
8470877,,David Jones,Jones,W,MIN,500000,0,,,,,0,,D,,,,,0,,,0,44,0,0,,0,,,,,,0,,,,,,,,,0,,,,,,,,
8471767,,Blair Jones,Jones,C,VAN,500000,0,,,,,0,,B,,,,,0,,,0,58,0,0,,0,,,,,,0,,,,,,,,,0,,,,,,,,
8474889,,Martin Jones,Jones,G,TOR,910000,0,,,,,0,,M,,,,,0,,,0,57,0,0,,0,,,,,,0,,,,,,,,,-3210000,,,,,,,,
8477881,,Connor Jones,Jones,C,NYI,500000,0,,,,,0,,C,,,,,0,,,0,46,0,0,,0,,,,,,0,,,,,,,,,0,,,,,,,,
8479527,,Ryan Jones,Jones,D,PIT,500000,0,,,,,0,,R,,,,,0,,,0,53,0,0,,0,,,,,,0,,,,,,,,,0,,,,,,,,
8481545,,Hunter Jones,Jones,G,MIN,500000,0,,,,,0,,H,,,,,0,,,0,44,0,0,,0,,,,,,0,,,,,,,,,0,,,,,,,,
8478189,,Michael Joly,Joly,W,TOR,500000,0,,,,,0,,M,,,,,0,,,0,57,0,0,,0,,,,,,0,,,,,,,,,0,,,,,,,,
8480057,,D'Artagnan Joly,Joly,W,CAL,500000,0,,,,,0,,D,,,,,0,,,0,34,0,0,,0,,,,,,0,,,,,,,,,0,,,,,,,,
8476279,,Jyrki Jokipakka,Jokipakka,D,OTT,500000,0,,,,,0,,J,,,,,0,,,0,50,0,0,,0,,,,,,0,,,,,,,,,0,,,,,,,,
8466140,,Olli Jokinen,Jokinen,C,STL,500000,0,,,,,0,,O,,,,,0,,,0,55,0,0,,0,,,,,,0,,,,,,,,,0,,,,,,,,
8469638,,Jussi Jokinen,Jokinen,W,VAN,500000,0,,,,,0,,J,,,,,0,,,0,58,0,0,,0,,,,,,0,,,,,,,,,0,,,,,,,,
8480035,,Henri Jokiharju,Jokiharju,D,BOS,1750000,1,7,13.066667,53,,0,,H,0,3,2,0,0,49,17:50,0,32,0,0,,0,29,60,,0,0,0,,13,14,784.00,0,00:00,10,0,690000,0,59,0,,,,,
8485617,,Atte Joki,Joki,C,DAL,500000,1,,,,,0,,A,,,,,0,,,0,39,0,0,,0,,,,,,0,,,,,,,,,,,,,,,,,
8483401,,Marc Johnstone,Johnstone,W,PIT,500000,0,,,,,0,,M,,,,,0,,,0,53,0,0,,0,,,,,,0,,,,,,,,,,,,,,,,,
8477527,,Ross Johnston,Johnston,W,ANA,1940000,1,3,14.930233,20,,0,,R,0,1,1,0,0,134,08:41,0,31,0,0,,0,20,43,,0,0,0,,-2,72,642.00,0,00:00,4,0,360000,0,9,0,,,,,
8482740,,Wyatt Johnston,Johnston,C,DAL,5280000,1,44,30.590000,52,,0,,W,0,37,5,0,0,82,19:00,0,39,0,0,,0,35,100,,1,0,0,,-14,20,3059.00,13,00:00,81,0,4780000,3,238,0,,,,,
8478963,,Ryan Johnston,Johnston,D,MTL,500000,0,,,,,0,,R,,,,,0,,,0,45,0,0,,0,,,,,,0,,,,,,,,,0,,,,,,,,
8477341,,Andreas Johnsson,Johnsson,W,PIT,500000,0,,,,,0,,A,,,,,0,,,0,53,0,0,,0,,,,,,0,,,,,,,,,-920000,,,,,,,,
8471677,,Jack Johnson,Johnson,D,CBJ,540000,1,6,4.195122,34,,0,,J,0,0,0,0,0,21,12:52,0,38,0,0,,0,19,41,,0,0,0,,-14,2,172.00,0,00:00,6,0,-290000,0,23,0,,,,,
8473446,,Erik Johnson,Johnson,D,COL,1690000,1,3,11.631579,26,,0,,E,0,2,0,0,0,64,14:36,0,37,0,0,,0,14,38,,0,0,0,,1,15,442.00,0,00:00,5,0,-320000,0,41,0,,,,,
8474870,,Tyler Johnson,Johnson,C,BOS,970000,1,2,10.666667,2,,0,,T,0,0,0,0,0,5,13:05,0,32,0,0,,0,4,9,,0,0,0,,-1,10,96.00,0,00:00,2,0,-1730000,0,6,0,,,,,
8481564,,Ryan Johnson,Johnson,D,BUF,500000,1,0,2.666667,4,,0,,R,0,0,0,0,0,1,17:40,0,33,0,0,,0,2,3,,0,0,0,,-2,4,8.00,0,00:00,0,0,0,0,3,0,,,,,
8482660,,Kent Johnson,Johnson,C,CBJ,3940000,1,33,28.735294,27,,0,,K,0,24,4,0,0,3,17:18,0,38,0,0,,0,25,68,,0,0,0,,2,16,1954.00,4,00:00,57,0,1890000,1,123,0,,,,,
8485638,,Ludvig Johnson,Johnson,D,UTA,500000,1,,,,,0,,L,,,,,0,,,0,64,0,0,,0,,,,,,0,,,,,,,,,,,,,,,,,
8473434,,Chad Johnson,Johnson,G,ANA,500000,0,,,,,0,,C,,,,,0,,,0,31,0,0,,0,,,,,,0,,,,,,,,,0,,,,,,,,
8476936,,Ben Johnson,Johnson,C,NJD,500000,0,,,,,0,,B,,,,,0,,,0,49,0,0,,0,,,,,,0,,,,,,,,,0,,,,,,,,
8477366,,Luke Johnson,Johnson,C,WPG,500000,0,,,,,0,,L,,,,,0,,,0,60,0,0,,0,,,,,,0,,,,,,,,,-110000,,,,,,,,
8478050,,Steven Johnson,Johnson,D,MIN,500000,0,,,,,0,,S,,,,,0,,,0,44,0,0,,0,,,,,,0,,,,,,,,,0,,,,,,,,
8480341,,Adam Johnson,Johnson,C,PIT,500000,0,,,,,0,,A,,,,,0,,,0,53,0,0,,0,,,,,,0,,,,,,,,,0,,,,,,,,
8480362,,Isaac Johnson,Johnson,W,FA,500000,0,,,,,0,,I,,,,,0,,,0,0,0,0,,0,,,,,,0,,,,,,,,,0,,,,,,,,
8480760,,Cameron Johnson,Johnson,G,CBJ,500000,0,,,,,0,,C,,,,,0,,,0,38,0,0,,0,,,,,,0,,,,,,,,,0,,,,,,,,
8481147,,Reese Johnson,Johnson,C,MIN,570000,0,0,6.666667,3,,0,,R,0,0,0,0,0,6,09:32,0,44,0,0,,0,1,3,,0,0,0,,0,0,20.00,0,00:00,0,0,-500000,0,1,0,,,,,
8482723,,Brent Johnson,Johnson,D,WSH,500000,0,,,,,0,,B,,,,,0,,,0,59,0,0,,0,,,,,,0,,,,,,,,,0,,,,,,,,
8475730,,Stephen Johns,Johns,D,DAL,500000,0,,,,,0,,S,,,,,0,,,0,39,0,0,,0,,,,,,0,,,,,,,,,0,,,,,,,,
8475149,,Marcus Johansson,Johansson,C,MIN,2750000,1,25,17.376623,28,,0,,M,0,11,1,0,0,57,16:14,0,44,0,0,,0,28,77,,0,0,0,,-7,12,1338.00,1,00:00,36,0,1010000,1,126,0,,,,,
8477992,,Jonas Johansson,Johansson,G,TBL,4220000,1,0,36.368421,0,,0,,J,58,0,0,9,0,0,58:26,0,56,0,0,,0,7,19,,0,3,0,,0,0,691.00,0,00:00,0,493,1370000,0,0,1,,89.5,,,
8481607,,Albert Johansson,Johansson,D,DET,1440000,1,6,10.409836,77,,0,,A,0,3,2,0,0,70,16:22,0,40,0,0,,0,27,61,,0,0,0,,-11,30,635.00,0,00:00,9,0,940000,0,48,0,,,,,
8483679,,Anton Johansson,Johansson,D,DET,500000,1,,,,,0,,A,,,,,0,,,0,40,0,0,,0,,,,,,0,,,,,,,,,,,,,,,,,
8485029,,Victor Johansson,Johansson,D,TOR,500000,1,,,,,0,,V,,,,,0,,,0,57,0,0,,0,,,,,,0,,,,,,,,,,,,,,,,,
8485072,,Loke Johansson,Johansson,D,BOS,500000,1,,,,,0,,L,,,,,0,,,0,32,0,0,,0,,,,,,0,,,,,,,,,,,,,,,,,
8478132,,Emil Johansson,Johansson,D,BOS,500000,0,,,,,0,,E,,,,,0,,,0,32,0,0,,0,,,,,,0,,,,,,,,,0,,,,,,,,
8479481,,Lars Johansson,Johansson,G,CHI,500000,0,,,,,0,,L,,,,,0,,,0,36,0,0,,0,,,,,,0,,,,,,,,,0,,,,,,,,
8480872,,Filip Johansson,Johansson,D,VAN,500000,0,,,,,0,,F,,,,,0,,,0,58,0,0,,0,,,,,,0,,,,,,,,,0,,,,,,,,
8481037,,Simon Johansson,Johansson,D,MIN,500000,0,,,,,0,,S,,,,,0,,,0,44,0,0,,0,,,,,,0,,,,,,,,,0,,,,,,,,
8482862,,Oliver Johansson,Johansson,W,OTT,500000,0,,,,,0,,O,,,,,0,,,0,50,0,0,,0,,,,,,0,,,,,,,,,0,,,,,,,,
8475793,,Ryan Johansen,Johansen,C,COL,500000,0,,,,,0,,R,,,,,0,,,0,37,1,0,Expected to be out until at least Sep 15,0,,,,,,0,,,,,,,,,-2540000,,,,,,,2024-04-19,2024-04-19
8479321,,Lucas Johansen,Johansen,D,WSH,500000,0,,,,,0,,L,,,,,0,,,0,59,0,0,,0,,,,,,0,,,,,,,,,0,,,,,,,,
8482499,,Samuel Johannesson,Johannesson,D,STL,500000,1,,,,,0,,S,,,,,0,,,0,55,0,0,,0,,,,,,0,,,,,,,,,0,,,,,,,,
8482486,,Anton Johannesson,Johannesson,D,WPG,500000,0,,,,,0,,A,,,,,0,,,0,60,0,0,,0,,,,,,0,,,,,,,,,0,,,,,,,,
8484904,,Hunter Johannes,Johannes,W,DET,500000,0,,,,,0,,H,,,,,0,,,0,40,0,0,,0,,,,,,0,,,,,,,,,,,,,,,,,
8473514,,Jesse Joensuu,Joensuu,W,EDM,500000,0,,,,,0,,J,,,,,0,,,0,41,0,0,,0,,,,,,0,,,,,,,,,0,,,,,,,,
8483460,,David Jiricek,Jiricek,D,MIN,1200000,1,2,12.416667,7,,0,,D,0,1,0,0,0,12,12:07,0,44,0,0,,0,7,12,,0,0,0,,0,6,149.00,0,00:00,3,0,,0,9,0,,,,,
8484790,,Adam Jiricek,Jiricek,D,STL,1860000,1,,,,,0,,A,,,,,0,,,0,55,0,0,,0,,,,,,0,,,,,,,,,,,,,,,,,
8478249,,Nikita Jevpalovs,Jevpalovs,W,SJS,500000,0,,,,,0,,N,,,,,0,,,0,54,0,0,,0,,,,,,0,,,,,,,,,0,,,,,,,,
8483112,,David Jesus,Jesus,D,ARI,500000,0,,,,,0,,D,,,,,0,,,0,52,0,0,,0,,,,,,0,,,,,,,,,0,,,,,,,,
8480143,,Jakub Jerabek,Jerabek,D,STL,500000,0,,,,,0,,J,,,,,0,,,0,55,0,0,,0,,,,,,0,,,,,,,,,0,,,,,,,,
8478126,,Pavel Jenys,Jenys,C,LAK,500000,0,,,,,0,,P,,,,,0,,,0,43,0,0,,0,,,,,,0,,,,,,,,,0,,,,,,,,
8475324,,Nick Jensen,Jensen,D,OTT,2380000,1,18,15.415584,92,,0,,N,0,3,0,0,0,62,20:17,0,50,0,0,,0,29,77,,0,0,0,,17,8,1187.00,0,00:00,21,0,230000,0,80,0,,,,,
8476482,,Nicklas Jensen,Jensen,W,NYR,500000,0,,,,,0,,N,,,,,0,,,0,47,0,0,,0,,,,,,0,,,,,,,,,0,,,,,,,,
8476432,,Boone Jenner,Jenner,C,CBJ,4170000,1,12,32.769231,16,,0,,B,0,7,1,0,0,43,17:59,0,38,0,0,,0,11,26,,0,0,0,,3,4,852.00,2,00:00,19,0,1780000,1,71,0,,,,,
8478114,,Kyle Jenkins,Jenkins,D,CAR,500000,0,,,,,0,,K,,,,,0,,,0,35,0,0,,0,,,,,,0,,,,,,,,,0,,,,,,,,
8480799,,Blade Jenkins,Jenkins,W,NYI,500000,0,,,,,0,,B,,,,,0,,,0,46,0,0,,0,,,,,,0,,,,,,,,,0,,,,,,,,
8485724,,Noah Jenken,Jenken,D,CBJ,500000,1,,,,,0,,N,,,,,0,,,0,38,0,0,,0,,,,,,0,,,,,,,,,,,,,,,,,
8480890,,Jan Jenik,Jenik,C,OTT,500000,1,0,-3.000000,0,,0,,J,0,0,0,0,0,2,07:42,0,50,0,0,,0,1,2,,0,0,0,,-1,0,-6.00,0,00:00,0,0,-1160000,0,0,0,,,,,
8482907,,Oskar Jellvik,Jellvik,W,BOS,500000,1,,,,,0,,O,,,,,0,,,0,32,0,0,,0,,,,,,0,,,,,,,,,0,,,,,,,,
8474138,,Dustin Jeffrey,Jeffrey,W,ARI,500000,0,,,,,0,,D,,,,,0,,,0,52,0,0,,0,,,,,,0,,,,,,,,,0,,,,,,,,
8482154,,Alex Jefferies,Jefferies,W,NYI,500000,1,,,,,0,,A,,,,,0,,,0,46,0,0,,0,,,,,,0,,,,,,,,,0,,,,,,,,
8484497,,Maros Jedlicka,Jedlicka,C,COL,500000,0,,,,,0,,M,,,,,0,,,0,37,0,0,,0,,,,,,0,,,,,,,,,,,,,,,,,
8484792,,Adam Jecho,Jecho,C,STL,500000,1,,,,,0,,A,,,,,0,,,0,55,0,0,,0,,,,,,0,,,,,,,,,,,,,,,,,
8479661,,Tanner Jeannot,Jeannot,W,BOS,2460000,1,6,18.089552,35,,0,,T,0,7,1,0,0,209,11:01,0,32,0,0,,0,19,67,,0,0,0,,0,89,1212.00,0,00:00,13,0,-550000,0,56,0,,,,,
8480466,,Tanner Jeannot,Jeannot,D,CAR,500000,0,,,,,0,,T,,,,,0,,,0,35,0,0,,0,,,,,,0,,,,,,,,,0,,,,,,,,
8484407,,Juha Jatkola,Jatkola,G,NSH,500000,0,,,,,0,,J,,,,,0,,,0,48,0,0,,0,,,,,,0,,,,,,,,,,,,,,,,,
8476436,,Dmitrij Jaskin,Jaskin,W,WSH,500000,0,,,,,0,,D,,,,,0,,,0,59,1,0,,0,,,,,,0,,,,,,,,,0,,,,,,,2021-11-13,2021-11-14
8478895,,Lukas Jasek,Jasek,W,VAN,500000,0,,,,,0,,L,,,,,0,,,0,58,0,0,,0,,,,,,0,,,,,,,,,0,,,,,,,,
8482093,,Seth Jarvis,Jarvis,C,CAR,6540000,1,45,38.750000,62,,0,,S,0,38,2,0,0,140,19:27,0,35,0,0,,0,30,88,,0,0,0,,14,22,3410.00,9,00:00,83,0,6040000,5,240,0,,,,,
8476842,,Joonas Jarvinen,Jarvinen,D,NSH,500000,0,,,,,0,,J,,,,,0,,,0,48,0,0,,0,,,,,,0,,,,,,,,,0,,,,,,,,
8482162,,Roby Jarventie,Jarventie,W,EDM,500000,1,,,,,0,,R,,,,,0,,,0,41,0,0,,0,,,,,,0,,,,,,,,,0,,,,,,,,
8484492,,Emil Jarventie,Jarventie,W,PIT,500000,1,,,,,0,,E,,,,,0,,,0,53,0,0,,0,,,,,,0,,,,,,,,,,,,,,,,,
8477465,,Tristan Jarry,Jarry,G,PIT,4380000,1,1,34.277778,0,,0,,T,105,0,0,16,0,0,56:07,0,53,0,0,,0,12,36,,0,6,0,,0,0,1234.00,0,00:00,1,867,-2760000,0,0,2,,89.2,,,
8479691,,Ralph Jarratt,Jarratt,D,NJD,500000,0,,,,,0,,R,,,,,0,,,0,49,0,0,,0,,,,,,0,,,,,,,,,0,,,,,,,,
8478868,,Christian Jaros,Jaros,D,CBJ,500000,1,,,,,0,,C,,,,,0,,,0,38,0,0,,0,,,,,,0,,,,,,,,,0,,,,,,,,
8475714,,Calle Jarnkrok,Jarnkrok,C,TOR,1500000,1,7,10.451613,14,,0,,C,0,1,0,0,0,37,13:01,0,57,0,0,,0,7,31,,0,0,0,,-3,6,324.00,1,00:00,8,0,-1960000,0,12,0,,,,,
8482994,,Jake Jaremko,Jaremko,W,NSH,500000,0,,,,,0,,J,,,,,0,,,0,48,0,0,,0,,,,,,0,,,,,,,,,0,,,,,,,,
8476321,,Sam Jardine,Jardine,D,CHI,500000,0,,,,,0,,S,,,,,0,,,0,36,0,0,,0,,,,,,0,,,,,,,,,0,,,,,,,,
8475312,,Jaroslav Janus,Janus,G,TBL,500000,0,,,,,0,,J,,,,,0,,,0,56,0,0,,0,,,,,,0,,,,,,,,,0,,,,,,,,
8483712,,Ludvig Jansson,Jansson,D,FLA,500000,1,,,,,0,,L,,,,,0,,,0,42,0,0,,0,,,,,,0,,,,,,,,,,,,,,,,,
8477406,,Mattias Janmark,Janmark,C,EDM,1830000,1,17,10.421569,47,,0,,M,0,5,1,0,0,77,13:05,0,41,1,0,20251011,0,32,102,,0,0,0,,-1,36,1063.00,0,00:00,22,0,-660000,0,66,0,,,,2025-10-04,2025-10-04
8476873,,Mark Jankowski,Jankowski,C,CAR,2090000,1,6,13.447761,38,,0,,M,0,12,1,0,0,37,12:28,0,35,0,0,,0,28,67,,0,0,0,,4,33,901.00,0,00:00,18,0,640000,0,71,0,,,,,
8482694,,Justin Janicke,Janicke,W,SEA,500000,1,,,,,0,,J,,,,,0,,,0,63,0,0,,0,,,,,,0,,,,,,,,,0,,,,,,,,
8481620,,Trevor Janicke,Janicke,C,CAL,500000,0,,,,,0,,T,,,,,0,,,0,34,0,0,,0,,,,,,0,,,,,,,,,0,,,,,,,,
8482466,,Aatu Jamsen,Jamsen,W,LAK,500000,1,,,,,0,,A,,,,,0,,,0,43,0,0,,0,,,,,,0,,,,,,,,,0,,,,,,,,
8484640,,Eric Jamieson,Jamieson,D,CAL,500000,1,,,,,0,,E,,,,,0,,,0,34,0,0,,0,,,,,,0,,,,,,,,,,,,,,,,,
8479005,,Aiden Jamieson,Jamieson,D,TOR,500000,0,,,,,0,,A,,,,,0,,,0,57,0,0,,0,,,,,,0,,,,,,,,,0,,,,,,,,
8483459,,Dylan James,James,W,DET,500000,1,,,,,0,,D,,,,,0,,,0,40,0,0,,0,,,,,,0,,,,,,,,,,,,,,,,,
8483752,,Dominic James,James,C,TBL,500000,1,,,,,0,,D,,,,,0,,,0,56,0,0,,0,,,,,,0,,,,,,,,,,,,,,,,,
8479015,,Maxwell James,James,W,NYI,500000,0,,,,,0,,M,,,,,0,,,0,46,0,0,,0,,,,,,0,,,,,,,,,0,,,,,,,,
8482991,,Brady James,James,G,NSH,500000,0,,,,,0,,B,,,,,0,,,0,48,0,0,,0,,,,,,0,,,,,,,,,0,,,,,,,,
8448208,,Jaromir Jagr,Jagr,W,CAL,500000,0,,,,,0,,J,,,,,0,,,0,34,0,0,,0,,,,,,0,,,,,,,,,0,,,,,,,,
8482909,,Theo Jacobsson,Jacobsson,C,SJS,500000,0,,,,,0,,T,,,,,0,,,0,54,0,0,,0,,,,,,0,,,,,,,,,0,,,,,,,,
8476349,,Colin Jacobs,Jacobs,C,BUF,500000,0,,,,,0,,C,,,,,0,,,0,33,0,0,,0,,,,,,0,,,,,,,,,0,,,,,,,,
8477972,,Josh Jacobs,Jacobs,D,STL,500000,0,,,,,0,,J,,,,,0,,,0,55,0,0,,0,,,,,,0,,,,,,,,,0,,,,,,,,
8477340,,Jacob Jackson,Jackson,W,SJS,500000,0,,,,,0,,J,,,,,0,,,0,54,0,0,,0,,,,,,0,,,,,,,,,0,,,,,,,,
8481500,,Robby Jackson,Jackson,C,STL,500000,0,,,,,0,,R,,,,,0,,,0,55,0,0,,0,,,,,,0,,,,,,,,,0,,,,,,,,
8483013,,Kyle Jackson,Jackson,W,SEA,500000,0,,,,,0,,K,,,,,0,,,0,63,0,0,,0,,,,,,0,,,,,,,,,0,,,,,,,,
8467890,,Barret Jackman,Jackman,D,NSH,500000,0,,,,,0,,B,,,,,0,,,0,48,0,0,,0,,,,,,0,,,,,,,,,0,,,,,,,,
8469490,,Tim Jackman,Jackman,W,ANA,500000,0,,,,,0,,T,,,,,0,,,0,31,0,0,,0,,,,,,0,,,,,,,,,0,,,,,,,,
8484929,,Juha Jaaska,Jaaska,W,CAR,1160000,1,4,10.833333,3,,0,,J,0,0,0,0,0,20,08:56,0,35,1,0,20250924,0,5,18,,0,0,0,,0,9,195.00,0,00:00,4,0,,0,11,0,,,,2025-09-22,2025-09-22
8478016,,Keegan Iverson,Iverson,W,NYR,500000,0,,,,,0,,K,,,,,0,,,0,47,0,0,,0,,,,,,0,,,,,,,,,0,,,,,,,,
8481030,,Jack St. Ivany,Ivany,D,PIT,1120000,1,1,10.315789,25,,0,,J,0,0,0,0,0,38,16:22,0,53,1,0,20251003,0,6,19,,0,0,0,,-3,17,196.00,0,00:00,1,0,620000,0,12,0,,,,2025-10-02,2025-10-02
8483738,,Sergei Ivanov,Ivanov,G,CBJ,500000,1,,,,,0,,S,,,,,0,,,0,38,0,0,,0,,,,,,0,,,,,,,,,,,,,,,,,
8485399,,Jack Ivankovic,Ivankovic,G,NSH,500000,1,,,,,0,,J,,,,,0,,,0,48,0,0,,0,,,,,,0,,,,,,,,,,,,,,,,,
8483930,,Ivan Ivan,Ivan,C,COL,850000,1,3,6.600000,9,,0,,I,0,5,0,0,0,12,10:02,0,37,0,0,,0,14,40,,0,0,0,,-9,8,264.00,2,00:00,8,0,,0,34,0,,,,,
8481116,,Michal Ivan,Ivan,D,LAK,500000,0,,,,,0,,M,,,,,0,,,0,43,0,0,,0,,,,,,0,,,,,,,,,0,,,,,,,,
8471779,,Denis Istomin,Istomin,W,CHI,500000,0,,,,,0,,D,,,,,0,,,0,36,0,0,,0,,,,,,0,,,,,,,,,0,,,,,,,,
8481016,,Ruslan Iskhakov,Iskhakov,C,NYI,500000,1,,,,,0,,R,,,,,0,,,0,46,0,0,,0,,,,,,0,,,,,,,,,0,,,,,,,,
8484431,,Nikita Ishimnikov,Ishimnikov,D,COL,500000,1,,,,,0,,N,,,,,0,,,0,37,0,0,,0,,,,,,0,,,,,,,,,,,,,,,,,
8485621,,Dmitri Isayev,Isayev,W,OTT,500000,1,,,,,0,,D,,,,,0,,,0,50,0,0,,0,,,,,,0,,,,,,,,,,,,,,,,,
8470753,,Evgeni Isakov,Isakov,W,PIT,500000,0,,,,,0,,E,,,,,0,,,0,53,0,0,,0,,,,,,0,,,,,,,,,0,,,,,,,,
8475625,,Matt Irwin,Irwin,D,VAN,500000,0,,,,,0,,M,,,,,0,,,0,58,0,0,,0,,,,,,0,,,,,,,,,-720000,,,,,,,,
8478090,,Aaron Irving,Irving,D,NSH,500000,0,,,,,0,,A,,,,,0,,,0,48,0,0,,0,,,,,,0,,,,,,,,,0,,,,,,,,
8482861,,Vincent Iorio,Iorio,D,WSH,500000,1,,,,,0,,V,,,,,0,,,0,59,0,0,,0,,,,,,0,,,,,,,,,0,,,,,,,,
8484976,,Jere Innala,Innala,W,COL,500000,0,0,2.588235,6,,0,,J,0,0,0,0,0,20,07:09,0,37,0,0,,0,5,17,,0,0,0,,-3,2,44.00,0,00:00,0,0,,0,8,0,,,,,
8478971,,Connor Ingram,Ingram,G,UTA,3360000,1,2,27.090909,0,,0,,C,66,0,0,9,0,0,55:00,0,64,0,0,,0,8,22,,0,4,0,,0,0,596.00,0,00:00,2,493,2860000,0,0,0,,88.2,,,
8483458,,Adam Ingram,Ingram,C,NSH,500000,1,,,,,0,,A,,,,,0,,,0,48,0,0,,0,,,,,,0,,,,,,,,,,,,,,,,,
8480857,,Jacob Ingham,Ingham,G,LAK,500000,0,,,,,0,,J,,,,,0,,,0,43,0,0,,0,,,,,,0,,,,,,,,,0,,,,,,,,
8480065,,Tyler Inamoto,Inamoto,D,CAR,500000,0,,,,,0,,T,,,,,0,,,0,35,0,0,,0,,,,,,0,,,,,,,,,0,,,,,,,,
8478147,,Bokondji Imama,Imama,W,PIT,1790000,1,0,17.312500,6,,0,,B,0,1,1,0,0,45,05:40,0,53,0,0,,0,5,16,,0,0,0,,2,30,277.00,0,00:00,1,0,1290000,0,10,0,,,,,
8484427,,Mikhail Ilyin,Ilyin,W,PIT,500000,1,,,,,0,,M,,,,,0,,,0,53,0,0,,0,,,,,,0,,,,,,,,,,,,,,,,,
8477386,,Henri Ikonen,Ikonen,W,TBL,500000,0,,,,,0,,H,,,,,0,,,0,56,0,0,,0,,,,,,0,,,,,,,,,0,,,,,,,,
8480038,,Joni Ikonen,Ikonen,C,MTL,500000,0,,,,,0,,J,,,,,0,,,0,45,0,0,,0,,,,,,0,,,,,,,,,0,,,,,,,,
8480923,,Juuso Ikonen,Ikonen,W,WSH,500000,0,,,,,0,,J,,,,,0,,,0,59,0,0,,0,,,,,,0,,,,,,,,,0,,,,,,,,
8470228,,Igor Ignatushkin,Ignatushkin,W,WSH,500000,0,,,,,0,,I,,,,,0,,,0,59,0,0,,0,,,,,,0,,,,,,,,,0,,,,,,,,
8484939,,Waltteri Ignatjew,Ignatjew,G,CAL,500000,0,,,,,0,,W,,,,,0,,,0,34,0,0,,0,,,,,,0,,,,,,,,,,,,,,,,,
8484795,,Tij Iginla,Iginla,C,UTA,2660000,1,,,,,0,,T,,,,,0,,,0,64,1,0,20251004,0,,,,,,0,,,,,,,,,,,,,,,,2025-10-03,2025-10-03
8462042,,Jarome Iginla,Iginla,W,LAK,500000,0,,,,,0,,J,,,,,0,,,0,43,0,0,,0,,,,,,0,,,,,,,,,0,,,,,,,,
8485647,,Bruno Idzan,Idzan,W,OTT,500000,1,,,,,0,,B,,,,,0,,,0,50,0,0,,0,,,,,,0,,,,,,,,,,,,,,,,,
8481669,,Timur Ibragimov,Ibragimov,W,NJD,500000,0,,,,,0,,T,,,,,0,,,0,49,0,0,,0,,,,,,0,,,,,,,,,0,,,,,,,,
8483858,,Francesco Iasenza,Iasenza,D,COL,500000,0,,,,,0,,F,,,,,0,,,0,37,0,0,,0,,,,,,0,,,,,,,,,,,,,,,,,
8480948,,Egor Iakovlev,Iakovlev,D,NJD,500000,0,,,,,0,,E,,,,,0,,,0,49,0,0,,0,,,,,,0,,,,,,,,,0,,,,,,,,
8477066,,Max Iafrate,Iafrate,D,BOS,500000,0,,,,,0,,M,,,,,0,,,0,32,0,0,,0,,,,,,0,,,,,,,,,0,,,,,,,,
8480113,,Alex Iafallo,Iafallo,W,WPG,3090000,1,17,18.463158,65,,0,,A,0,16,2,0,0,101,13:40,0,60,0,0,,0,28,95,,0,0,0,,17,25,1754.00,6,00:00,33,0,440000,0,126,0,,,,,
8478014,,Matt Iacopelli,Iacopelli,W,CHI,500000,0,,,,,0,,M,,,,,0,,,0,36,0,0,,0,,,,,,0,,,,,,,,,0,,,,,,,,
8484938,,Arttu Hyry,Hyry,W,DAL,900000,1,1,9.800000,3,,0,,A,0,0,0,0,0,4,09:05,0,39,0,0,,0,0,5,,0,0,0,,0,0,49.00,0,00:00,1,0,,0,5,0,,,,,
8475786,,Zach Hyman,Hyman,W,EDM,5340000,1,23,31.454545,29,,0,,Z,0,32,8,0,0,167,18:41,0,41,0,0,,0,28,88,,1,0,0,,19,38,2768.00,6,00:00,55,0,100000,0,236,0,,,,,
8483007,,Brett Hyland,Hyland,C,WSH,500000,1,,,,,0,,B,,,,,0,,,0,59,0,0,,0,,,,,,0,,,,,,,,,0,,,,,,,,
8476617,,Tomas Hyka,Hyka,W,VGK,500000,0,,,,,0,,T,,,,,0,,,0,62,0,0,,0,,,,,,0,,,,,,,,,0,,,,,,,,
8483744,,Connor Hvidston,Hvidston,W,ANA,500000,0,,,,,0,,C,,,,,0,,,0,31,0,0,,0,,,,,,0,,,,,,,,,,,,,,,,,
8482757,,Niko Huuhtanen,Huuhtanen,W,TBL,500000,1,,,,,0,,N,,,,,0,,,0,56,0,0,,0,,,,,,0,,,,,,,,,0,,,,,,,,
8477018,,Ben Hutton,Hutton,D,VGK,1150000,1,2,11.818182,19,,0,,B,0,0,0,0,0,10,13:14,0,62,0,0,,0,1,11,,0,0,0,,0,0,130.00,0,00:00,2,0,220000,0,11,0,,,,,
8480306,,Grant Hutton,Hutton,D,NYI,1080000,1,2,10.923077,12,,0,,G,0,0,0,0,0,13,13:28,0,46,0,0,,0,5,13,,0,0,0,,1,4,142.00,0,00:00,2,0,580000,0,10,0,,,,,
8475622,,Carter Hutton,Hutton,G,TOR,500000,0,,,,,0,,C,,,,,0,,,0,57,0,0,,0,,,,,,0,,,,,,,,,-1490000,,,,,,,,
8483457,,Lane Hutson,Hutson,D,MTL,4230000,1,64,26.908046,117,,0,,L,0,6,0,0,0,40,22:51,0,45,0,0,,0,33,87,,0,0,0,,-7,34,2341.00,1,00:00,70,0,,0,95,0,,,,,
8484873,,Cole Hutson,Hutson,D,WSH,500000,1,,,,,0,,C,,,,,0,,,0,59,0,0,,0,,,,,,0,,,,,,,,,,,,,,,,,
8485511,,Quinn Hutson,Hutson,W,EDM,500000,1,,,,,0,,Q,,,,,0,,,0,41,0,0,,0,,,,,,0,,,,,,,,,,,,,,,,,
8481025,,Logan Hutsko,Hutsko,W,FLA,500000,1,,,,,0,,L,,,,,0,,,0,42,0,0,,0,,,,,,0,,,,,,,,,0,,,,,,,,
8474636,,Michael Hutchinson,Hutchinson,G,DET,500000,0,,,,,0,,M,,,,,0,,,0,40,0,0,,0,,,,,,0,,,,,,,,,-3950000,,,,,,,,
8478024,,Ville Husso,Husso,G,ANA,2030000,1,0,16.769231,0,,0,,V,37,0,0,2,0,0,49:13,0,31,0,0,,0,6,13,,0,3,0,,0,0,218.00,0,00:00,0,299,-1590000,0,0,0,,89.0,,,
8478903,,Adam Huska,Huska,G,NYR,500000,0,,,,,0,,A,,,,,0,,,0,47,0,0,,0,,,,,,0,,,,,,,,,0,,,,,,,,
8482908,,Viktor Hurtig,Hurtig,D,NJD,500000,1,,,,,0,,V,,,,,0,,,0,49,0,0,,0,,,,,,0,,,,,,,,,0,,,,,,,,
8484481,,Axel Hurtig,Hurtig,D,CAL,500000,1,,,,,0,,A,,,,,0,,,0,34,0,0,,0,,,,,,0,,,,,,,,,,,,,,,,,
8477459,,Connor Hurley,Hurley,C,BUF,500000,0,,,,,0,,C,,,,,0,,,0,33,0,0,,0,,,,,,0,,,,,,,,,0,,,,,,,,
8483857,,Samuel Huo,Huo,C,CBJ,500000,0,,,,,0,,S,,,,,0,,,0,38,0,0,,0,,,,,,0,,,,,,,,,,,,,,,,,
8471436,,Matt Hunwick,Hunwick,D,BUF,500000,0,,,,,0,,M,,,,,0,,,0,33,0,0,,0,,,,,,0,,,,,,,,,0,,,,,,,,
8481228,,Jimmy Huntington,Huntington,C,SJS,500000,1,,,,,0,,J,,,,,0,,,0,54,0,0,,0,,,,,,0,,,,,,,,,,,,,,,,,
8481099,,Drew Hunter,Hunter,D,TOR,500000,0,,,,,0,,D,,,,,0,,,0,57,0,0,,0,,,,,,0,,,,,,,,,0,,,,,,,,
8478211,,Dryden Hunt,Hunt,W,CAL,600000,1,3,20.200000,3,,0,,D,0,0,0,0,0,10,11:39,0,34,0,0,,0,2,5,,0,0,0,,-1,0,101.00,0,00:00,3,0,-1410000,0,5,0,,,,,
8482094,,Daemon Hunt,Hunt,D,CBJ,670000,1,0,10.000000,2,,0,,D,0,0,0,0,0,1,08:01,0,38,0,0,,0,0,1,,0,0,0,,0,0,10.00,0,00:00,0,0,170000,0,2,0,,,,,
8476779,,Brad Hunt,Hunt,D,COL,500000,0,,,,,0,,B,,,,,0,,,0,37,0,0,,0,,,,,,0,,,,,,,,,0,,,,,,,,
8484871,,Christian Humphreys,Humphreys,C,COL,500000,1,,,,,0,,C,,,,,0,,,0,37,0,0,,0,,,,,,0,,,,,,,,,,,,,,,,,
8479463,,Linus Hultstrom,Hultstrom,D,FLA,500000,0,,,,,0,,L,,,,,0,,,0,42,0,0,,0,,,,,,0,,,,,,,,,0,,,,,,,,
8479951,,Mitch Hults,Hults,C,TBL,500000,0,,,,,0,,M,,,,,0,,,0,56,0,0,,0,,,,,,0,,,,,,,,,0,,,,,,,,
8480217,,Cole Hults,Hults,D,ARI,500000,0,,,,,0,,C,,,,,0,,,0,52,0,0,,0,,,,,,0,,,,,,,,,0,,,,,,,,
8481741,,Aaron Huglen,Huglen,W,PIT,500000,1,,,,,0,,A,,,,,0,,,0,53,0,0,,0,,,,,,0,,,,,,,,,0,,,,,,,,
8478888,,Cameron Hughes,Hughes,C,DAL,500000,1,,,,,0,,C,,,,,0,,,0,39,0,0,,0,,,,,,0,,,,,,,,,0,,,,,,,,
8480800,,Quinn Hughes,Hughes,D,VAN,5370000,1,60,39.397059,66,,0,,Q,0,16,3,0,0,13,25:44,0,58,0,0,,0,24,68,,0,0,0,,2,29,2679.00,4,00:00,76,0,2810000,0,192,0,,,,,
8481559,,Jack Hughes,Hughes,C,NJD,5930000,1,43,43.983871,29,,0,,J,0,27,7,0,0,6,20:54,0,49,0,0,,0,22,62,,2,0,0,,12,18,2727.00,6,00:00,70,0,3230000,1,229,0,,,,,
8482684,,Luke Hughes,Hughes,D,NJD,2800000,1,37,20.541667,56,,0,,L,0,7,1,0,0,19,21:10,0,49,0,0,,0,29,72,,0,0,0,,-10,16,1479.00,0,00:00,44,0,700000,0,123,0,,,,,
8483456,,Jack Hughes,Hughes,C,LAK,500000,1,,,,,0,,J,,,,,0,,,0,43,0,0,,0,,,,,,0,,,,,,,,,,,,,,,,,
8477221,,Tommy Hughes,Hughes,D,NYR,500000,0,,,,,0,,T,,,,,0,,,0,47,0,0,,0,,,,,,0,,,,,,,,,0,,,,,,,,
8480392,,Ryan Hughes,Hughes,C,FA,500000,0,,,,,0,,R,,,,,0,,,0,0,0,0,,0,,,,,,0,,,,,,,,,0,,,,,,,,
8481085,,Riley Hughes,Hughes,W,NYR,500000,0,,,,,0,,R,,,,,0,,,0,47,0,0,,0,,,,,,0,,,,,,,,,0,,,,,,,,
8481180,,Liam Hughes,Hughes,G,PHI,500000,0,,,,,0,,L,,,,,0,,,0,51,0,0,,0,,,,,,0,,,,,,,,,0,,,,,,,,
8482455,,Bear Hughes,Hughes,C,WSH,500000,0,,,,,0,,B,,,,,0,,,0,59,0,0,,0,,,,,,0,,,,,,,,,0,,,,,,,,
8484968,,Connor Hughes,Hughes,G,MTL,500000,0,,,,,0,,C,,,,,0,,,0,45,0,0,,0,,,,,,0,,,,,,,,,,,,,,,,,
8483058,,Jacob Hudson,Hudson,C,BOS,500000,0,,,,,0,,J,,,,,0,,,0,32,0,0,,0,,,,,,0,,,,,,,,,0,,,,,,,,
8476297,,Philippe Hudon,Hudon,C,DET,500000,0,,,,,0,,P,,,,,0,,,0,40,0,0,,0,,,,,,0,,,,,,,,,0,,,,,,,,
8476948,,Charles Hudon,Hudon,W,COL,500000,0,,,,,0,,C,,,,,0,,,0,37,0,0,,0,,,,,,0,,,,,,,,,0,,,,,,,,
8470201,,Jiri Hudler,Hudler,W,DAL,500000,0,,,,,0,,J,,,,,0,,,0,39,0,0,,0,,,,,,0,,,,,,,,,0,,,,,,,,
8482664,,Cole Huckins,Huckins,C,CAL,500000,0,,,,,0,,C,,,,,0,,,0,34,0,0,,0,,,,,,0,,,,,,,,,0,,,,,,,,
8483801,,Mikael Huchette,Huchette,C,VGK,500000,0,,,,,0,,M,,,,,0,,,0,62,0,0,,0,,,,,,0,,,,,,,,,,,,,,,,,
8476456,,Jonathan Huberdeau,Huberdeau,C,CAL,4060000,1,34,29.024691,64,,0,,J,0,28,6,0,0,50,19:33,0,34,1,0,20251003,0,27,81,,1,0,0,,-12,34,2351.00,10,00:00,62,0,-2270000,3,153,0,,,,2025-10-02,2025-10-02
8485586,,Alex Huang,Huang,D,NSH,500000,1,,,,,0,,A,,,,,0,,,0,48,0,0,,0,,,,,,0,,,,,,,,,,,,,,,,,
8484829,,Justin Hryckowian,Hryckowian,C,DAL,1020000,1,1,11.400000,0,,0,,J,0,0,0,0,0,8,07:53,0,39,0,0,,0,2,5,,0,0,0,,1,0,57.00,0,00:00,1,0,,0,3,0,,,,,
8479425,,Filip Hronek,Hronek,D,VAN,3140000,1,28,23.327869,67,,0,,F,0,5,0,0,0,89,23:54,0,58,0,0,,0,24,61,,0,0,0,,0,40,1423.00,0,00:00,33,0,890000,0,83,0,,,,,
8475949,,Marek Hrivik,Hrivik,W,CAL,500000,0,,,,,0,,M,,,,,0,,,0,34,0,0,,0,,,,,,0,,,,,,,,,0,,,,,,,,
8482680,,Aidan Hreschuk,Hreschuk,D,CBJ,500000,0,,,,,0,,A,,,,,0,,,0,38,0,0,,0,,,,,,0,,,,,,,,,0,,,,,,,,
8481069,,David Hrenak,Hrenak,G,LAK,500000,0,,,,,0,,D,,,,,0,,,0,43,0,0,,0,,,,,,0,,,,,,,,,0,,,,,,,,
8485061,,VojtÄ›ch Hradec,Hradec,C,UTA,500000,1,,,,,0,,V,,,,,0,,,0,64,0,0,,0,,,,,,0,,,,,,,,,,,,,,,,,
8477127,,Raman Hrabarenka,Hrabarenka,D,NJD,500000,0,,,,,0,,R,,,,,0,,,0,49,0,0,,0,,,,,,0,,,,,,,,,0,,,,,,,,
8484181,,Michael Hrabal,Hrabal,G,UTA,500000,1,,,,,0,,M,,,,,0,,,0,64,0,0,,0,,,,,,0,,,,,,,,,,,,,,,,,
8485244,,Marek Howell,Howell,D,COL,500000,0,,,,,0,,M,,,,,0,,,0,37,0,0,,0,,,,,,0,,,,,,,,,,,,,,,,,
8484869,,Tanner Howe,Howe,W,PIT,500000,1,,,,,0,,T,,,,,0,,,0,53,0,0,,0,,,,,,0,,,,,,,,,,,,,,,,,
8481103,,Keeghan Howdeshell,Howdeshell,W,ARI,500000,0,,,,,0,,K,,,,,0,,,0,52,0,0,,0,,,,,,0,,,,,,,,,0,,,,,,,,
8479353,,Brett Howden,Howden,C,VGK,4130000,1,17,24.901099,61,,0,,B,0,26,6,0,0,157,14:44,0,62,0,0,,0,26,91,,2,0,0,,15,50,2266.00,1,00:00,43,0,2840000,1,140,0,,,,,
8475769,,Quinton Howden,Howden,C,WPG,500000,0,,,,,0,,Q,,,,,0,,,0,60,0,0,,0,,,,,,0,,,,,,,,,0,,,,,,,,
8480046,,Kale Howarth,Howarth,W,CBJ,500000,0,,,,,0,,K,,,,,0,,,0,38,0,0,,0,,,,,,0,,,,,,,,,0,,,,,,,,
8483455,,Isaac Howard,Howard,W,EDM,500000,1,,,,,0,,I,,,,,0,,,0,41,0,0,,0,,,,,,0,,,,,,,,,,,,,,,,,
8470657,,Jimmy Howard,Howard,G,DET,500000,0,,,,,0,,J,,,,,0,,,0,40,0,0,,0,,,,,,0,,,,,,,,,0,,,,,,,,
8484933,,Mikulas Hovorka,Hovorka,D,FLA,500000,1,,,,,0,,M,,,,,0,,,0,42,0,0,,0,,,,,,0,,,,,,,,,,,,,,,,,
8475920,,Michael Houser,Houser,G,BUF,500000,0,,,,,0,,M,,,,,0,,,0,33,0,0,,0,,,,,,0,,,,,,,,,-910000,,,,,,,,
8484923,,Donovan Houle-Villeneuve,Houle-Villeneuve,C,SJS,500000,0,,,,,0,,D,,,,,0,,,0,54,0,0,,0,,,,,,0,,,,,,,,,,,,,,,,,
8480108,,Joe Houk,Houk,D,FA,500000,0,,,,,0,,J,,,,,0,,,0,0,0,0,,0,,,,,,0,,,,,,,,,0,,,,,,,,
8480987,,Samuel Houde,Houde,C,MTL,500000,0,,,,,0,,S,,,,,0,,,0,45,0,0,,0,,,,,,0,,,,,,,,,0,,,,,,,,
8466148,,Marian Hossa,Hossa,W,ARI,500000,0,,,,,0,,M,,,,,0,,,0,52,0,0,,0,,,,,,0,,,,,,,,,0,,,,,,,,
8485013,,Trevor Hoskin,Hoskin,W,CAL,500000,1,,,,,0,,T,,,,,0,,,0,34,0,0,,0,,,,,,0,,,,,,,,,,,,,,,,,
8477500,,Bo Horvat,Horvat,C,NYI,4230000,1,29,29.827160,36,,0,,B,0,28,7,0,0,100,20:10,0,46,0,0,,0,33,81,,3,0,0,,-4,16,2416.00,3,00:00,57,0,640000,2,243,0,,,,,
8470596,,Nathan Horton,Horton,W,TOR,500000,0,,,,,0,,N,,,,,0,,,0,57,0,0,,0,,,,,,0,,,,,,,,,0,,,,,,,,
8483816,,Michael Horth,Horth,W,STL,500000,0,,,,,0,,M,,,,,0,,,0,55,0,0,,0,,,,,,0,,,,,,,,,,,,,,,,,
8471887,,Patric Hornqvist,Hornqvist,W,FLA,500000,0,,,,,0,,P,,,,,0,,,0,42,1,0,,0,,,,,,0,,,,,,,,,-4690000,,,,,,,2022-12-03,2022-12-03
8485415,,William Horcoff,Horcoff,C,PIT,1220000,1,,,,,0,,W,,,,,0,,,0,53,0,0,,0,,,,,,0,,,,,,,,,,,,,,,,,
8467423,,Shawn Horcoff,Horcoff,C,ANA,500000,0,,,,,0,,S,,,,,0,,,0,31,0,0,,0,,,,,,0,,,,,,,,,0,,,,,,,,
8475264,,Roman Horak,Horak,C,EDM,500000,0,,,,,0,,R,,,,,0,,,0,41,0,0,,0,,,,,,0,,,,,,,,,0,,,,,,,,
8485398,,Tyler Hopkins,Hopkins,C,TOR,500000,1,,,,,0,,T,,,,,0,,,0,57,0,0,,0,,,,,,0,,,,,,,,,,,,,,,,,
8485698,,Landen Hookey,Hookey,W,OTT,500000,1,,,,,0,,L,,,,,0,,,0,50,0,0,,0,,,,,,0,,,,,,,,,,,,,,,,,
8485644,,Burke Hood,Hood,G,NYI,500000,1,,,,,0,,B,,,,,0,,,0,46,0,0,,0,,,,,,0,,,,,,,,,,,,,,,,,
8484180,,Samuel Honzek,Honzek,W,CAL,540000,1,0,4.800000,2,,0,,S,0,0,0,0,0,6,12:24,0,34,0,0,,0,1,5,,0,0,0,,-1,2,24.00,0,00:00,0,0,,0,6,0,,,,,
8477945,,Julius Honka,Honka,D,DAL,500000,0,,,,,0,,J,,,,,0,,,0,39,0,0,,0,,,,,,0,,,,,,,,,0,,,,,,,,
8481615,,Anttoni Honka,Honka,D,CAR,500000,0,,,,,0,,A,,,,,0,,,0,35,0,0,,0,,,,,,0,,,,,,,,,0,,,,,,,,
8473560,,Korbinian Holzer,Holzer,D,NSH,500000,0,,,,,0,,K,,,,,0,,,0,48,0,0,,0,,,,,,0,,,,,,,,,0,,,,,,,,
8473417,,Riley Holzapfel,Holzapfel,C,PIT,500000,0,,,,,0,,R,,,,,0,,,0,53,0,0,,0,,,,,,0,,,,,,,,,0,,,,,,,,
8481098,,Adam Holwell,Holwell,D,TOR,500000,0,,,,,0,,A,,,,,0,,,0,57,0,0,,0,,,,,,0,,,,,,,,,0,,,,,,,,
8478892,,Patrick Holway,Holway,D,WSH,500000,0,,,,,0,,P,,,,,0,,,0,59,0,0,,0,,,,,,0,,,,,,,,,0,,,,,,,,
8482125,,Alexander Holtz,Holtz,W,VGK,1390000,1,8,10.490566,15,,0,,A,0,4,0,0,0,39,11:35,0,62,0,0,,0,13,53,,0,0,0,,-3,10,556.00,1,00:00,12,0,890000,0,69,0,,,,,
8474651,,Braden Holtby,Holtby,G,DAL,500000,0,,,,,0,,B,,,,,0,,,0,39,0,0,,0,,,,,,0,,,,,,,,,-3570000,,,,,,,,
8482999,,Braden Holt,Holt,G,NSH,500000,0,,,,,0,,B,,,,,0,,,0,48,0,0,,0,,,,,,0,,,,,,,,,0,,,,,,,,
8481601,,Simon Holmstrom,Holmstrom,W,NYI,3100000,1,25,21.986667,52,,0,,S,0,20,3,0,0,27,16:52,0,46,0,0,,0,30,75,,0,0,0,,5,8,1649.00,2,00:00,45,0,2600000,1,96,0,,,,,
8475603,,Ben Holmstrom,Holmstrom,C,NYI,500000,0,,,,,0,,B,,,,,0,,,0,46,0,0,,0,,,,,,0,,,,,,,,,0,,,,,,,,
8478123,,Axel Holmstrom,Holmstrom,C,DET,500000,0,,,,,0,,A,,,,,0,,,0,40,0,0,,0,,,,,,0,,,,,,,,,0,,,,,,,,
8485651,,Sigge Holmgren,Holmgren,D,NJD,500000,1,,,,,0,,S,,,,,0,,,0,49,0,0,,0,,,,,,0,,,,,,,,,,,,,,,,,
8485585,,Parker Holmes,Holmes,W,CHI,500000,1,,,,,0,,P,,,,,0,,,0,36,0,0,,0,,,,,,0,,,,,,,,,,,,,,,,,
8481131,,Robbie Holmes,Holmes,W,COL,500000,0,,,,,0,,R,,,,,0,,,0,37,0,0,,0,,,,,,0,,,,,,,,,0,,,,,,,,
8481179,,Charles Holmes,Holmes,C,PHI,500000,0,,,,,0,,C,,,,,0,,,0,51,0,0,,0,,,,,,0,,,,,,,,,0,,,,,,,,
8482732,,Jacob Holmes,Holmes,D,DAL,500000,0,,,,,0,,J,,,,,0,,,0,39,0,0,,0,,,,,,0,,,,,,,,,0,,,,,,,,
8480995,,Pontus Holmberg,Holmberg,W,TOR,2000000,1,13,12.537500,55,,0,,P,0,7,0,0,0,61,12:40,0,57,1,0,20251002,0,25,80,,0,0,0,,0,31,1003.00,0,00:00,20,0,1500000,1,79,0,,,,2025-09-30,2025-09-30
8480163,,Philip Holm,Holm,D,VGK,500000,0,,,,,0,,P,,,,,0,,,0,62,0,0,,0,,,,,,0,,,,,,,,,0,,,,,,,,
8480244,,Arvid Holm,Holm,G,COL,500000,0,,,,,0,,A,,,,,0,,,0,37,0,0,,0,,,,,,0,,,,,,,,,0,,,,,,,,
8482077,,Dylan Holloway,Holloway,W,STL,5190000,1,37,37.363636,49,,0,,D,0,26,8,0,0,164,16:49,0,55,0,0,,0,27,77,,1,0,0,,22,10,2877.00,6,00:00,63,0,4690000,0,178,0,,,,,
8473431,,Bud Holloway,Holloway,C,MTL,500000,0,,,,,0,,B,,,,,0,,,0,45,0,0,,0,,,,,,0,,,,,,,,,0,,,,,,,,
8480254,,Jordan Hollett,Hollett,G,OTT,500000,0,,,,,0,,J,,,,,0,,,0,50,0,0,,0,,,,,,0,,,,,,,,,0,,,,,,,,
8483094,,Ty Hollett,Hollett,D,OTT,500000,0,,,,,0,,T,,,,,0,,,0,50,0,0,,0,,,,,,0,,,,,,,,,0,,,,,,,,
8475180,,Peter Holland,Holland,C,CHI,500000,0,,,,,0,,P,,,,,0,,,0,36,0,0,,0,,,,,,0,,,,,,,,,0,,,,,,,,
8476976,,Rhett Holland,Holland,D,ARI,500000,0,,,,,0,,R,,,,,0,,,0,52,0,0,,0,,,,,,0,,,,,,,,,0,,,,,,,,
8475718,,Justin Holl,Holl,D,DET,730000,1,6,6.438356,70,,0,,J,0,2,0,0,0,35,14:48,0,40,0,0,,0,32,73,,0,0,0,,-7,16,470.00,0,00:00,8,0,-2460000,0,41,0,,,,,
8485049,,Miroslav Holinka,Holinka,C,TOR,500000,1,,,,,0,,M,,,,,0,,,0,57,0,0,,0,,,,,,0,,,,,,,,,,,,,,,,,
8474207,,Nick Holden,Holden,D,OTT,500000,0,,,,,0,,N,,,,,0,,,0,50,0,0,,0,,,,,,0,,,,,,,,,-1300000,,,,,,,,
8480970,,Marcus Hogstrom,Hogstrom,D,CAL,500000,0,,,,,0,,M,,,,,0,,,0,34,0,0,,0,,,,,,0,,,,,,,,,0,,,,,,,,
8481535,,Nils Hoglander,Hoglander,W,VAN,2180000,1,16,15.833333,23,,0,,N,0,8,2,0,0,74,12:08,0,58,1,0,20250926,0,25,72,,0,0,0,,5,30,1140.00,0,00:00,24,0,-290000,0,83,0,,,,2025-09-25,2025-09-25
8477405,,Marcus Hogberg,Hogberg,G,NYI,1360000,1,0,9.866667,0,,0,,M,41,0,0,2,0,0,48:33,0,46,0,0,,0,9,15,,0,3,0,,0,0,148.00,0,00:00,0,294,-210000,0,0,0,,87.8,,,
8479534,,Linus Hogberg,Hogberg,D,PHI,500000,0,,,,,0,,L,,,,,0,,,0,51,0,0,,0,,,,,,0,,,,,,,,,0,,,,,,,,
8476345,,Gregory Hofmann,Hofmann,C,CBJ,500000,0,,,,,0,,G,,,,,0,,,0,38,0,0,,0,,,,,,0,,,,,,,,,0,,,,,,,,
8474884,,Mike Hoffman,Hoffman,W,SJS,500000,0,,,,,0,,M,,,,,0,,,0,54,0,0,,0,,,,,,0,,,,,,,,,-3280000,,,,,,,,
8478510,,Brody Hoffman,Hoffman,G,MIN,500000,0,,,,,0,,B,,,,,0,,,0,44,0,0,,0,,,,,,0,,,,,,,,,0,,,,,,,,
8480981,,Joel Hofer,Hofer,G,STL,5000000,1,1,39.548387,0,,0,,J,74,0,0,16,0,0,54:09,0,55,0,0,,0,12,31,,0,3,0,,0,0,1226.00,0,00:00,1,693,4500000,0,0,1,,90.4,,,
8482960,,Ryan Hofer,Hofer,C,WSH,500000,1,,,,,0,,R,,,,,0,,,0,59,0,0,,0,,,,,,0,,,,,,,,,0,,,,,,,,
8480861,,Mitchell Hoelscher,Hoelscher,C,NJD,500000,0,,,,,0,,M,,,,,0,,,0,49,0,0,,0,,,,,,0,,,,,,,,,0,,,,,,,,
8480202,,Noel Hoefenmayer,Hoefenmayer,D,EDM,500000,0,,,,,0,,N,,,,,0,,,0,41,0,0,,0,,,,,,0,,,,,,,,,0,,,,,,,,
8478173,,Hayden Hodgson,Hodgson,W,OTT,600000,1,0,7.500000,1,,0,,H,0,0,0,0,0,7,08:35,0,50,0,0,,0,0,2,,0,0,0,,-2,5,15.00,0,00:00,0,0,100000,0,2,0,,,,,
8474570,,Cody Hodgson,Hodgson,C,NSH,500000,0,,,,,0,,C,,,,,0,,,0,48,0,0,,0,,,,,,0,,,,,,,,,0,,,,,,,,
8474793,,Justin Hodgman,Hodgman,C,STL,500000,0,,,,,0,,J,,,,,0,,,0,55,0,0,,0,,,,,,0,,,,,,,,,0,,,,,,,,
8476900,,Steven Hodges,Hodges,C,FLA,500000,0,,,,,0,,S,,,,,0,,,0,42,0,0,,0,,,,,,0,,,,,,,,,0,,,,,,,,
8480591,,Thomas Hodges,Hodges,G,ANA,500000,0,,,,,0,,T,,,,,0,,,0,31,0,0,,0,,,,,,0,,,,,,,,,,,,,,,,,
8485572,,Å tÄ›pÃ¡n Hoch,Hoch,W,UTA,500000,1,,,,,0,,Å,,,,,0,,,0,64,0,0,,0,,,,,,0,,,,,,,,,,,,,,,,,
8478453,,Connor Hobbs,Hobbs,D,WSH,500000,0,,,,,0,,C,,,,,0,,,0,59,0,0,,0,,,,,,0,,,,,,,,,0,,,,,,,,
8477959,,Joshua Ho-Sang,Ho-Sang,W,NYI,500000,0,,,,,0,,J,,,,,0,,,0,46,0,0,,0,,,,,,0,,,,,,,,,0,,,,,,,,
8482085,,Samuel Hlavaj,Hlavaj,G,MIN,500000,1,,,,,0,,S,,,,,0,,,0,44,0,0,,0,,,,,,0,,,,,,,,,,,,,,,,,
8485683,,Matthew Hlacar,Hlacar,W,TOR,500000,1,,,,,0,,M,,,,,0,,,0,57,0,0,,0,,,,,,0,,,,,,,,,,,,,,,,,
8481659,,Eric Hjorth,Hjorth,D,CBJ,500000,0,,,,,0,,E,,,,,0,,,0,38,0,0,,0,,,,,,0,,,,,,,,,0,,,,,,,,
8471769,,Niklas Hjalmarsson,Hjalmarsson,D,ARI,500000,0,,,,,0,,N,,,,,0,,,0,52,0,0,,0,,,,,,0,,,,,,,,,-430000,,,,,,,,
8475767,,Joey Hishon,Hishon,C,COL,500000,0,,,,,0,,J,,,,,0,,,0,37,0,0,,0,,,,,,0,,,,,,,,,0,,,,,,,,
8480002,,Nico Hischier,Hischier,C,NJD,5770000,1,34,36.362500,65,,0,,N,0,39,3,0,0,54,20:38,0,49,0,0,,0,31,80,,0,0,0,,9,20,2909.00,14,00:00,73,0,3520000,0,203,0,,,,,
8482130,,Roni Hirvonen,Hirvonen,C,TOR,500000,1,,,,,0,,R,,,,,0,,,0,57,0,0,,0,,,,,,0,,,,,,,,,0,,,,,,,,
8481433,,Taro Hirose,Hirose,W,DET,500000,0,,,,,0,,T,,,,,0,,,0,40,0,0,,0,,,,,,0,,,,,,,,,-810000,,,,,,,,
8484254,,Akito Hirose,Hirose,D,VAN,500000,0,,,,,0,,A,,,,,0,,,0,58,0,0,,0,,,,,,0,,,,,,,,,,,,,,,,,
8478449,,Roope Hintz,Hintz,C,DAL,5930000,1,45,34.698925,57,,0,,R,0,34,7,0,0,67,17:02,0,39,0,0,,0,30,93,,0,0,0,,16,40,3227.00,11,00:00,79,0,920000,1,197,0,,,,,
8476994,,Vinnie Hinostroza,Hinostroza,C,MIN,2070000,1,5,14.461538,13,,0,,V,0,5,1,0,0,42,12:59,0,44,0,0,,0,17,39,,0,0,0,,2,12,564.00,3,00:00,10,0,-200000,0,49,0,,,,,
8482731,,Tyson Hinds,Hinds,D,ANA,500000,1,,,,,0,,T,,,,,0,,,0,31,0,0,,0,,,,,,0,,,,,,,,,0,,,,,,,,
8485600,,Gustav Hillstrom,Hillstrom,C,NJD,500000,1,,,,,0,,G,,,,,0,,,0,49,0,0,,0,,,,,,0,,,,,,,,,,,,,,,,,
8479595,,Blake Hillman,Hillman,D,CHI,500000,0,,,,,0,,B,,,,,0,,,0,36,0,0,,0,,,,,,0,,,,,,,,,0,,,,,,,,
8480858,,Cameron Hillis,Hillis,C,CHI,500000,0,,,,,0,,C,,,,,0,,,0,36,0,0,,0,,,,,,0,,,,,,,,,0,,,,,,,,
8473972,,Jonas Hiller,Hiller,G,CAL,500000,0,,,,,0,,J,,,,,0,,,0,34,0,0,,0,,,,,,0,,,,,,,,,0,,,,,,,,
8474519,,Jack Hillen,Hillen,D,CAR,500000,0,,,,,0,,J,,,,,0,,,0,35,0,0,,0,,,,,,0,,,,,,,,,0,,,,,,,,
8478499,,Adin Hill,Hill,G,VGK,7250000,1,0,45.524590,0,,0,,A,154,0,0,37,0,0,59:17,0,62,0,0,,0,17,61,,0,7,0,,0,0,2777.00,0,00:00,0,1431,2610000,0,0,4,,90.3,,,
8481678,,Mathew Hill,Hill,D,ANA,500000,0,,,,,0,,M,,,,,0,,,0,31,0,0,,0,,,,,,0,,,,,,,,,0,,,,,,,,
8483815,,Theo Hill,Hill,C,STL,500000,0,,,,,0,,T,,,,,0,,,0,55,0,0,,0,,,,,,0,,,,,,,,,,,,,,,,,
8483710,,Dennis Hildeby,Hildeby,G,TOR,1680000,1,0,20.666667,0,,0,,D,20,0,0,3,0,0,01:08,0,57,0,0,,0,3,6,,0,0,0,,0,0,124.00,0,00:00,0,137,,0,0,0,,87.3,,,
8478146,,Matthew Highmore,Highmore,C,OTT,1330000,1,4,8.761905,20,,0,,M,0,2,1,0,0,53,11:07,0,50,0,0,,0,13,42,,0,0,0,,-6,14,368.00,0,00:00,6,0,400000,0,35,0,,,,,
8470274,,Chris Higgins,Higgins,W,VAN,500000,0,,,,,0,,C,,,,,0,,,0,58,0,0,,0,,,,,,0,,,,,,,,,0,,,,,,,,
8484574,,Ty Higgins,Higgins,D,PIT,500000,0,,,,,0,,T,,,,,0,,,0,53,0,0,,0,,,,,,0,,,,,,,,,,,,,,,,,
8477894,,Justin Hickman,Hickman,W,BOS,500000,0,,,,,0,,J,,,,,0,,,0,32,0,0,,0,,,,,,0,,,,,,,,,0,,,,,,,,
8474066,,Thomas Hickey,Hickey,D,NYI,500000,0,,,,,0,,T,,,,,0,,,0,46,0,0,,0,,,,,,0,,,,,,,,,-1500000,,,,,,,,
8477995,,Brandon Hickey,Hickey,D,BUF,500000,0,,,,,0,,B,,,,,0,,,0,33,0,0,,0,,,,,,0,,,,,,,,,0,,,,,,,,
8478176,,Joe Hicketts,Hicketts,D,LAK,500000,1,,,,,0,,J,,,,,0,,,0,43,0,0,,0,,,,,,0,,,,,,,,,0,,,,,,,,
8485205,,Jesse Heslop,Heslop,W,EDM,500000,0,,,,,0,,J,,,,,0,,,0,41,0,0,,0,,,,,,0,,,,,,,,,,,,,,,,,
8477374,,Fabrice Herzog,Herzog,W,TOR,500000,0,,,,,0,,F,,,,,0,,,0,57,0,0,,0,,,,,,0,,,,,,,,,0,,,,,,,,
8476881,,Tomas Hertl,Hertl,C,VGK,5230000,1,31,32.190476,59,,0,,T,0,35,3,0,0,134,17:16,0,62,0,0,,0,24,84,,0,0,0,,-6,20,2704.00,14,00:00,66,0,1020000,0,204,0,,,,,
8485591,,Caeden Herrington,Herrington,D,LAK,500000,1,,,,,0,,C,,,,,0,,,0,43,0,0,,0,,,,,,0,,,,,,,,,,,,,,,,,
8479307,,Sam Herr,Herr,W,LAK,500000,0,,,,,0,,S,,,,,0,,,0,43,0,0,,0,,,,,,0,,,,,,,,,0,,,,,,,,
8478974,,Liam Herbst,Herbst,G,SJS,500000,0,,,,,0,,L,,,,,0,,,0,54,0,0,,0,,,,,,0,,,,,,,,,0,,,,,,,,
8475843,,Caleb Herbert,Herbert,C,WSH,500000,0,,,,,0,,C,,,,,0,,,0,59,0,0,,0,,,,,,0,,,,,,,,,0,,,,,,,,
8481189,,Jacob Herauf,Herauf,D,PIT,500000,0,,,,,0,,J,,,,,0,,,0,53,0,0,,0,,,,,,0,,,,,,,,,0,,,,,,,,
8480037,,Aleksi Heponiemi,Heponiemi,C,FLA,500000,1,,,,,0,,A,,,,,0,,,0,42,0,0,,0,,,,,,0,,,,,,,,,-660000,,,,,,,,
8481012,,Sam Hentges,Hentges,C,MIN,500000,0,,,,,0,,S,,,,,0,,,0,44,0,0,,0,,,,,,0,,,,,,,,,0,,,,,,,,
8485397,,Logan Hensler,Hensler,D,OTT,1300000,1,,,,,0,,L,,,,,0,,,0,50,0,0,,0,,,,,,0,,,,,,,,,,,,,,,,,
8485056,,Ty Henry,Henry,D,CHI,500000,1,,,,,0,,T,,,,,0,,,0,36,0,0,,0,,,,,,0,,,,,,,,,,,,,,,,,
8479997,,Nick Henry,Henry,W,COL,500000,0,,,,,0,,N,,,,,0,,,0,37,0,0,,0,,,,,,0,,,,,,,,,0,,,,,,,,
8474641,,Adam Henrique,Henrique,C,EDM,3130000,1,18,17.553398,108,,0,,A,0,16,4,0,0,112,14:39,0,41,0,0,,0,34,103,,0,0,0,,6,20,1808.00,2,00:00,34,0,790000,1,139,0,,,,,
8481548,,Karl Henriksson,Henriksson,C,NYR,500000,1,,,,,0,,K,,,,,0,,,0,47,0,0,,0,,,,,,0,,,,,,,,,0,,,,,,,,
8479559,,Arvid Henrikson,Henrikson,D,SJS,500000,0,,,,,0,,A,,,,,0,,,0,54,0,0,,0,,,,,,0,,,,,,,,,0,,,,,,,,
8484457,,Ty Henricks,Henricks,W,NYR,500000,1,,,,,0,,T,,,,,0,,,0,47,0,0,,0,,,,,,0,,,,,,,,,,,,,,,,,
8484866,,Tanner Henricks,Henricks,D,CBJ,500000,1,,,,,0,,T,,,,,0,,,0,38,0,0,,0,,,,,,0,,,,,,,,,,,,,,,,,
8484586,,Joseph Henneberry,Henneberry,C,SJS,500000,0,,,,,0,,J,,,,,0,,,0,54,0,0,,0,,,,,,0,,,,,,,,,,,,,,,,,
8480869,,Luke Henman,Henman,C,SEA,500000,1,,,,,0,,L,,,,,0,,,0,63,0,0,,0,,,,,,0,,,,,,,,,0,,,,,,,,
8476511,,Samuel Henley,Henley,C,COL,500000,0,,,,,0,,S,,,,,0,,,0,37,0,0,,0,,,,,,0,,,,,,,,,0,,,,,,,,
8484179,,Beckett Hendrickson,Hendrickson,C,BOS,500000,1,,,,,0,,B,,,,,0,,,0,32,0,0,,0,,,,,,0,,,,,,,,,,,,,,,,,
8468611,,Matt Hendricks,Hendricks,C,WPG,500000,0,,,,,0,,M,,,,,0,,,0,60,0,0,,0,,,,,,0,,,,,,,,,0,,,,,,,,
8480468,,Jake Henderson,Henderson,W,EDM,500000,1,,,,,0,,J,,,,,0,,,0,41,0,0,,0,,,,,,0,,,,,,,,,,,,,,,,,
8469466,,Ales Hemsky,Hemsky,W,MTL,500000,0,,,,,0,,A,,,,,0,,,0,45,0,0,,0,,,,,,0,,,,,,,,,0,,,,,,,,
8484796,,Emil Hemming,Hemming,W,DAL,820000,1,,,,,0,,E,,,,,0,,,0,39,0,0,,0,,,,,,0,,,,,,,,,,,,,,,,,
8483748,,Ben Hemmerling,Hemmerling,W,VGK,500000,1,,,,,0,,B,,,,,0,,,0,62,0,0,,0,,,,,,0,,,,,,,,,,,,,,,,,
8479532,,Jeremy Helvig,Helvig,G,CAR,500000,0,,,,,0,,J,,,,,0,,,0,35,0,0,,0,,,,,,0,,,,,,,,,0,,,,,,,,
8479572,,Filip Helt,Helt,W,STL,500000,0,,,,,0,,F,,,,,0,,,0,55,0,0,,0,,,,,,0,,,,,,,,,0,,,,,,,,
8471794,,Darren Helm,Helm,C,COL,500000,0,,,,,0,,D,,,,,0,,,0,37,0,0,,0,,,,,,0,,,,,,,,,-800000,,,,,,,,
8480277,,Matthew Hellickson,Hellickson,D,NJD,500000,0,,,,,0,,M,,,,,0,,,0,49,0,0,,0,,,,,,0,,,,,,,,,0,,,,,,,,
8481563,,Drew Helleson,Helleson,D,ANA,2390000,1,9,17.928571,67,,0,,D,0,4,1,0,0,99,16:21,0,31,0,0,,0,24,56,,0,0,0,,6,47,1004.00,0,00:00,13,0,1890000,0,63,0,,,,,
8476945,,Connor Hellebuyck,Hellebuyck,G,WPG,9460000,1,1,57.907895,0,,0,,C,164,0,0,53,0,0,59:13,0,60,0,0,,0,18,76,,0,4,0,,0,0,4401.00,0,00:00,1,1793,1900000,0,0,10,,91.6,,,
8476433,,Magnus Hellberg,Hellberg,G,DAL,500000,1,,,,,0,,M,,,,,0,,,0,39,0,0,,0,,,,,,0,,,,,,,,,0,,,,,,,,
8475274,,Seth Helgeson,Helgeson,D,NYI,500000,0,,,,,0,,S,,,,,0,,,0,46,0,0,,0,,,,,,0,,,,,,,,,0,,,,,,,,
8477047,,Kenton Helgesen,Helgesen,W,ANA,500000,0,,,,,0,,K,,,,,0,,,0,31,0,0,,0,,,,,,0,,,,,,,,,0,,,,,,,,
8478194,,Adam Helewka,Helewka,W,NSH,500000,0,,,,,0,,A,,,,,0,,,0,48,0,0,,0,,,,,,0,,,,,,,,,0,,,,,,,,
8482726,,Samuel Helenius,Helenius,C,LAK,1930000,1,4,12.839286,18,,0,,S,0,4,1,0,0,164,08:09,0,43,0,0,,0,16,56,,0,0,0,,0,25,719.00,0,00:00,8,0,1430000,0,30,0,,,,,
8484797,,Konsta Helenius,Helenius,C,BUF,2020000,1,,,,,0,,K,,,,,0,,,0,33,0,0,,0,,,,,,0,,,,,,,,,,,,,,,,,
8470699,,Jan Hejda,Hejda,D,COL,500000,0,,,,,0,,J,,,,,0,,,0,37,0,0,,0,,,,,,0,,,,,,,,,0,,,,,,,,
8480036,,Miro Heiskanen,Heiskanen,D,DAL,3380000,1,23,21.810345,89,,0,,M,0,6,0,0,0,24,24:42,0,39,0,0,,0,22,58,,0,0,0,,3,10,1265.00,1,00:00,29,0,740000,0,122,0,,,,,
8485620,,Max Heise,Heise,C,SJS,500000,1,,,,,0,,M,,,,,0,,,0,54,0,0,,0,,,,,,0,,,,,,,,,,,,,,,,,
8481572,,Ville Heinola,Heinola,D,WPG,1000000,1,1,9.166667,14,,0,,V,0,0,0,0,0,8,14:11,0,60,0,0,,0,5,18,,0,0,0,,6,4,165.00,0,00:00,1,0,10000,0,12,0,,,,,
8478046,,Danton Heinen,Heinen,W,PIT,2150000,1,20,15.924051,34,,0,,D,0,9,0,0,0,81,13:27,0,53,0,0,,0,30,79,,0,0,0,,2,31,1258.00,1,00:00,29,0,500000,1,80,0,,,,,
8482476,,Emil Heineman,Heineman,W,NYI,2510000,1,8,16.044776,26,,0,,E,0,11,0,0,0,186,11:13,0,46,0,0,,0,24,67,,0,0,0,,-5,20,1075.00,3,00:00,19,0,2010000,0,68,0,,,,,
8482860,,Aleksi Heimosalmi,Heimosalmi,D,CAR,500000,1,,,,,0,,A,,,,,0,,,0,35,0,0,,0,,,,,,0,,,,,,,,,0,,,,,,,,
8484316,,Andre Heim,Heim,C,STL,500000,0,,,,,0,,A,,,,,0,,,0,55,0,0,,0,,,,,,0,,,,,,,,,,,,,,,,,
8485657,,Caleb Heil,Heil,G,TBL,500000,1,,,,,0,,C,,,,,0,,,0,56,0,0,,0,,,,,,0,,,,,,,,,,,,,,,,,
8484178,,Riley Heidt,Heidt,C,MIN,500000,1,,,,,0,,R,,,,,0,,,0,44,0,0,,0,,,,,,0,,,,,,,,,,,,,,,,,
8475841,,Tim Heed,Heed,D,SJS,500000,0,,,,,0,,T,,,,,0,,,0,54,0,0,,0,,,,,,0,,,,,,,,,0,,,,,,,,
8475167,,Victor Hedman,Hedman,D,TBL,5030000,1,54,32.547619,129,,0,,V,0,15,1,0,0,42,23:10,0,56,1,0,20250927,0,30,84,,0,0,0,,12,30,2734.00,4,00:00,69,0,-420000,0,191,0,,,,2025-09-27,2025-09-27
8479656,,Cameron Hebig,Hebig,C,UTA,500000,1,,,,,0,,C,,,,,0,,,0,64,0,0,,0,,,,,,0,,,,,,,,,0,,,,,,,,
8468482,,Dany Heatley,Heatley,W,ANA,500000,0,,,,,0,,D,,,,,0,,,0,31,0,0,,0,,,,,,0,,,,,,,,,0,,,,,,,,
8477471,,Dillon Heatherington,Heatherington,D,OTT,500000,0,,,,,0,,D,,,,,0,,,0,50,0,0,,0,,,,,,0,,,,,,,,,0,,,,,,,,
8483708,,Ryan Healey,Healey,D,MIN,500000,1,,,,,0,,R,,,,,0,,,0,44,0,0,,0,,,,,,0,,,,,,,,,,,,,,,,,
8479961,,Josh Healey,Healey,D,CAL,500000,0,,,,,0,,J,,,,,0,,,0,34,0,0,,0,,,,,,0,,,,,,,,,0,,,,,,,,
8484864,,Kevin He,He,W,WPG,500000,1,,,,,0,,K,,,,,0,,,0,60,0,0,,0,,,,,,0,,,,,,,,,,,,,,,,,
8480849,,Barrett Hayton,Hayton,C,UTA,3280000,1,26,23.378049,42,,0,,B,0,20,7,0,0,31,16:06,0,64,0,0,,0,31,82,,0,0,0,,-6,45,1917.00,7,00:00,46,0,2410000,0,153,0,,,,,
8485467,,Luke Haymes,Haymes,C,TOR,500000,1,,,,,0,,L,,,,,0,,,0,57,0,0,,0,,,,,,0,,,,,,,,,,,,,,,,,
8475763,,Kevin Hayes,Hayes,W,PIT,1750000,1,10,12.953125,10,,0,,K,0,13,1,0,0,52,12:03,0,53,0,0,,0,27,64,,0,0,0,,-15,8,829.00,4,00:00,23,0,-1320000,0,98,0,,,,,
8482993,,Avery Hayes,Hayes,W,PIT,500000,1,,,,,0,,A,,,,,0,,,0,53,0,0,,0,,,,,,0,,,,,,,,,0,,,,,,,,
8483453,,Gavin Hayes,Hayes,W,CHI,500000,1,,,,,0,,G,,,,,0,,,0,36,0,0,,0,,,,,,0,,,,,,,,,,,,,,,,,
8485581,,Travis Hayes,Hayes,W,PIT,500000,1,,,,,0,,T,,,,,0,,,0,53,0,0,,0,,,,,,0,,,,,,,,,,,,,,,,,
8474625,,Jimmy Hayes,Hayes,W,PIT,500000,0,,,,,0,,J,,,,,0,,,0,53,0,0,,0,,,,,,0,,,,,,,,,0,,,,,,,,
8477227,,Eriah Hayes,Hayes,W,SJS,500000,0,,,,,0,,E,,,,,0,,,0,54,0,0,,0,,,,,,0,,,,,,,,,0,,,,,,,,
8481849,,Zachary Hayes,Hayes,D,VGK,500000,0,,,,,0,,Z,,,,,0,,,0,62,0,0,,0,,,,,,0,,,,,,,,,,,,,,,,,
8478083,,Aaron Haydon,Haydon,D,DAL,500000,0,,,,,0,,A,,,,,0,,,0,39,0,0,,0,,,,,,0,,,,,,,,,0,,,,,,,,
8477401,,John Hayden,Hayden,C,SEA,1880000,1,1,15.250000,17,,0,,J,0,1,0,0,0,44,08:31,0,63,0,0,,0,10,20,,0,0,0,,0,31,305.00,0,00:00,2,0,-140000,0,20,0,,,,,
8484484,,Ethan Hay,Hay,C,TBL,500000,1,,,,,0,,E,,,,,0,,,0,56,0,0,,0,,,,,,0,,,,,,,,,,,,,,,,,
8477963,,Jayce Hawryluk,Hawryluk,W,OTT,500000,0,,,,,0,,J,,,,,0,,,0,50,0,0,,0,,,,,,0,,,,,,,,,-660000,,,,,,,,
8481499,,Brandon Hawkins,Hawkins,W,PIT,500000,0,,,,,0,,B,,,,,0,,,0,53,0,0,,0,,,,,,0,,,,,,,,,0,,,,,,,,
8478105,,Hayden Hawkey,Hawkey,G,WSH,500000,0,,,,,0,,H,,,,,0,,,0,59,0,0,,0,,,,,,0,,,,,,,,,0,,,,,,,,
8480343,,Ben Hawerchuk,Hawerchuk,W,FA,500000,0,,,,,0,,B,,,,,0,,,0,0,0,0,,0,,,,,,0,,,,,,,,,0,,,,,,,,
8480198,,Liam Hawel,Hawel,C,DAL,500000,0,,,,,0,,L,,,,,0,,,0,39,0,0,,0,,,,,,0,,,,,,,,,0,,,,,,,,
8467899,,Martin Havlat,Havlat,W,STL,500000,0,,,,,0,,M,,,,,0,,,0,55,0,0,,0,,,,,,0,,,,,,,,,0,,,,,,,,
8483666,,Mattias Havelid,Havelid,D,SJS,500000,1,,,,,0,,M,,,,,0,,,0,54,0,0,,0,,,,,,0,,,,,,,,,,,,,,,,,
8483747,,Petr Hauser,Hauser,W,EDM,500000,1,,,,,0,,P,,,,,0,,,0,41,0,0,,0,,,,,,0,,,,,,,,,,,,,,,,,
8475287,,Erik Haula,Haula,W,NJD,2590000,1,11,16.351351,37,,0,,E,0,11,1,0,0,121,14:58,0,49,0,0,,0,30,74,,0,0,0,,-7,41,1210.00,2,00:00,22,0,-460000,0,118,0,,,,,
8477903,,Garnet Hathaway,Hathaway,W,PHI,3270000,1,11,23.805970,56,,0,,G,0,10,1,0,0,257,11:52,0,51,0,0,,0,28,67,,0,0,0,,5,58,1595.00,0,00:00,21,0,-320000,2,80,0,,,,,
8481701,,Santeri Hatakka,Hatakka,D,NJD,500000,0,,,,,0,,S,,,,,0,,,0,49,0,0,,0,,,,,,0,,,,,,,,,0,,,,,,,,
8481700,,Martin Has,Has,D,WSH,500000,0,,,,,0,,M,,,,,0,,,0,59,0,0,,0,,,,,,0,,,,,,,,,0,,,,,,,,
8481093,,Rafael Harvey-Pinard,Harvey-Pinard,W,PIT,500000,1,0,2.000000,0,,0,,R,0,0,0,0,0,1,08:54,0,53,0,0,,0,1,1,,0,0,0,,0,0,2.00,0,00:00,0,0,0,0,0,0,,,,,
8482774,,Jack Harvey,Harvey,W,TBL,500000,1,,,,,0,,J,,,,,0,,,0,56,0,0,,0,,,,,,0,,,,,,,,,,,,,,,,,
8481108,,Samuel Harvey,Harvey,G,MTL,500000,0,,,,,0,,S,,,,,0,,,0,45,0,0,,0,,,,,,0,,,,,,,,,0,,,,,,,,
8468486,,Scott Hartnell,Hartnell,W,NSH,500000,0,,,,,0,,S,,,,,0,,,0,48,0,0,,0,,,,,,0,,,,,,,,,0,,,,,,,,
8477451,,Ryan Hartman,Hartman,W,MIN,3620000,1,19,21.693333,49,,0,,R,0,13,1,0,0,78,15:10,0,44,0,0,,0,27,75,,0,0,0,,-6,77,1627.00,3,00:00,32,0,750000,0,176,0,,,,,
8474719,,Teemu Hartikainen,Hartikainen,C,TOR,500000,0,,,,,0,,T,,,,,0,,,0,57,0,0,,0,,,,,,0,,,,,,,,,0,,,,,,,,
8476928,,Brian Hart,Hart,W,TBL,500000,0,,,,,0,,B,,,,,0,,,0,56,0,0,,0,,,,,,0,,,,,,,,,0,,,,,,,,
8479394,,Carter Hart,Hart,G,PHI,1000000,0,,,,,0,,C,,,,,0,,,0,51,1,0,Expected to be out until at least Sep 16,0,,,,,,0,,,,,,,,,-1530000,,,,,,,2024-05-06,2024-05-06
8476340,,Aaron Harstad,Harstad,D,WPG,500000,0,,,,,0,,A,,,,,0,,,0,60,0,0,,0,,,,,,0,,,,,,,,,0,,,,,,,,
8481089,,Reece Harsch,Harsch,D,VGK,500000,0,,,,,0,,R,,,,,0,,,0,62,0,0,,0,,,,,,0,,,,,,,,,0,,,,,,,,
8472394,,Peter Harrold,Harrold,D,STL,500000,0,,,,,0,,P,,,,,0,,,0,55,0,0,,0,,,,,,0,,,,,,,,,0,,,,,,,,
8482739,,Brett Harrison,Harrison,C,BOS,500000,1,,,,,0,,B,,,,,0,,,0,32,0,0,,0,,,,,,0,,,,,,,,,0,,,,,,,,
8469531,,Jay Harrison,Harrison,D,WPG,500000,0,,,,,0,,J,,,,,0,,,0,60,0,0,,0,,,,,,0,,,,,,,,,0,,,,,,,,
8477389,,Tim Harrison,Harrison,W,CAL,500000,0,,,,,0,,T,,,,,0,,,0,34,0,0,,0,,,,,,0,,,,,,,,,0,,,,,,,,
8480887,,Jordan Harris,Harris,D,CBJ,940000,1,4,8.454545,35,,0,,J,0,1,0,0,0,23,11:23,0,38,0,0,,0,13,33,,0,0,0,,-1,6,279.00,0,00:00,5,0,440000,0,15,0,,,,,
8484422,,Sam Harris,Harris,W,MTL,500000,1,,,,,0,,S,,,,,0,,,0,45,0,0,,0,,,,,,0,,,,,,,,,,,,,,,,,
8480305,,Brendan Harris,Harris,C,FA,500000,0,,,,,0,,B,,,,,0,,,0,0,0,0,,0,,,,,,0,,,,,,,,,0,,,,,,,,
8476449,,Scott Harrington,Harrington,D,NJD,500000,0,,,,,0,,S,,,,,0,,,0,49,0,0,,0,,,,,,0,,,,,,,,,-480000,,,,,,,,
8477433,,Ben Harpur,Harpur,D,NYR,500000,1,,,,,0,,B,,,,,0,,,0,47,0,0,,0,,,,,,0,,,,,,,,,-1310000,,,,,,,,
8475597,,Shane Harper,Harper,W,FLA,500000,0,,,,,0,,S,,,,,0,,,0,42,0,0,,0,,,,,,0,,,,,,,,,0,,,,,,,,
8477619,,Stephen Harper,Harper,W,SJS,500000,0,,,,,0,,S,,,,,0,,,0,54,0,0,,0,,,,,,0,,,,,,,,,0,,,,,,,,
8479575,,Patrick Harper,Harper,C,NSH,500000,0,,,,,0,,P,,,,,0,,,0,48,0,0,,0,,,,,,0,,,,,,,,,0,,,,,,,,
8481581,,Thomas Harley,Harley,D,DAL,5020000,1,44,29.072917,132,,0,,T,0,20,4,0,0,55,23:52,0,39,0,0,,0,32,96,,3,0,0,,22,26,2791.00,2,00:00,64,0,4520000,0,202,0,,,,,
8478424,,Jansen Harkins,Harkins,C,ANA,1200000,1,4,8.919355,40,,0,,J,0,2,1,0,0,136,10:56,0,31,1,0,20250929,0,29,62,,0,0,0,,-13,21,553.00,0,00:00,6,0,700000,0,49,0,,,,2025-09-22,2025-09-22
8477029,,Colton Hargrove,Hargrove,W,BOS,500000,0,,,,,0,,C,,,,,0,,,0,32,0,0,,0,,,,,,0,,,,,,,,,0,,,,,,,,
8485649,,Love Harenstam,Harenstam,G,STL,500000,1,,,,,0,,L,,,,,0,,,0,55,0,0,,0,,,,,,0,,,,,,,,,,,,,,,,,
8482635,,Mike Hardman,Hardman,W,NJD,1030000,1,1,21.500000,3,,0,,M,0,0,0,0,0,4,09:03,0,49,0,0,,0,1,2,,0,0,0,,0,0,43.00,0,00:00,1,0,-650000,0,2,0,,,,,
8482923,,Taige Harding,Harding,D,CHI,500000,1,,,,,0,,T,,,,,0,,,0,36,0,0,,0,,,,,,0,,,,,,,,,0,,,,,,,,
8484525,,Finn Harding,Harding,D,PIT,500000,1,,,,,0,,F,,,,,0,,,0,53,0,0,,0,,,,,,0,,,,,,,,,,,,,,,,,
8483086,,Jeremy Hanzel,Hanzel,D,NJD,500000,1,,,,,0,,J,,,,,0,,,0,49,0,0,,0,,,,,,0,,,,,,,,,,,,,,,,,
8471691,,Martin Hanzal,Hanzal,C,DAL,500000,0,,,,,0,,M,,,,,0,,,0,39,0,0,,0,,,,,,0,,,,,,,,,0,,,,,,,,
8477490,,Niklas Hansson,Hansson,D,DAL,500000,0,,,,,0,,N,,,,,0,,,0,39,0,0,,0,,,,,,0,,,,,,,,,0,,,,,,,,
8478917,,Petter Hansson,Hansson,D,NYI,500000,0,,,,,0,,P,,,,,0,,,0,46,0,0,,0,,,,,,0,,,,,,,,,0,,,,,,,,
8471498,,Jannik Hansen,Hansen,W,SJS,500000,0,,,,,0,,J,,,,,0,,,0,54,0,0,,0,,,,,,0,,,,,,,,,0,,,,,,,,
8478541,,Markus Hannikainen,Hannikainen,W,ARI,500000,0,,,,,0,,M,,,,,0,,,0,52,0,0,,0,,,,,,0,,,,,,,,,0,,,,,,,,
8466158,,Scott Hannan,Hannan,D,SJS,500000,0,,,,,0,,S,,,,,0,,,0,54,0,0,,0,,,,,,0,,,,,,,,,0,,,,,,,,
8480327,,Shane Hanna,Hanna,D,FA,500000,0,,,,,0,,S,,,,,0,,,0,0,0,0,,0,,,,,,0,,,,,,,,,0,,,,,,,,
8477810,,Joel Hanley,Hanley,D,CAL,1940000,1,7,14.641509,77,,0,,J,0,2,1,0,0,55,18:35,0,34,0,0,,0,19,53,,0,0,0,,12,21,776.00,0,00:00,9,0,350000,0,42,0,,,,,
8478396,,Noah Hanifin,Hanifin,D,VGK,3680000,1,33,21.978022,120,,0,,N,0,11,2,0,0,60,21:44,0,62,0,0,,0,26,91,,0,0,0,,9,16,2000.00,2,00:00,44,0,1670000,0,171,0,,,,,
8482879,,Haakon Hanelt,Hanelt,C,WSH,500000,0,,,,,0,,H,,,,,0,,,0,59,0,0,,0,,,,,,0,,,,,,,,,0,,,,,,,,
8482248,,Fredrik Handemark,Handemark,C,SJS,500000,0,,,,,0,,F,,,,,0,,,0,54,0,0,,0,,,,,,0,,,,,,,,,-60000,,,,,,,,
8485434,,Carlos Handel,Handel,D,MTL,500000,1,,,,,0,,C,,,,,0,,,0,45,0,0,,0,,,,,,0,,,,,,,,,,,,,,,,,
8480322,,Kevin Hancock,Hancock,W,FA,500000,0,,,,,0,,K,,,,,0,,,0,0,0,0,,0,,,,,,0,,,,,,,,,0,,,,,,,,
8482106,,Cross Hanas,Hanas,W,DET,500000,0,,,,,0,,C,,,,,0,,,0,40,0,0,,0,,,,,,0,,,,,,,,,0,,,,,,,,
8482921,,Patrik Hamrla,Hamrla,G,CAR,500000,0,,,,,0,,P,,,,,0,,,0,35,0,0,,0,,,,,,0,,,,,,,,,0,,,,,,,,
8474612,,Travis Hamonic,Hamonic,D,OTT,1200000,1,6,9.152542,89,,0,,T,0,1,0,0,0,73,17:04,0,50,0,0,,0,23,59,,0,0,0,,-16,19,540.00,0,00:00,7,0,-960000,0,72,0,,,,,
8477202,,Andrew Hammond,Hammond,G,NJD,500000,0,,,,,0,,A,,,,,0,,,0,49,0,0,,0,,,,,,0,,,,,,,,,0,,,,,,,,
8484433,,Kaden Hammell,Hammell,D,SEA,500000,1,,,,,0,,K,,,,,0,,,0,63,0,0,,0,,,,,,0,,,,,,,,,,,,,,,,,
8476462,,Dougie Hamilton,Hamilton,D,NJD,4560000,1,33,29.840580,84,,0,,D,0,9,3,0,0,83,20:14,0,49,0,0,,0,27,69,,0,0,0,,5,36,2059.00,5,00:00,42,0,-1050000,0,196,0,,,,,
8472424,,Ryan Hamilton,Hamilton,W,EDM,500000,0,,,,,0,,R,,,,,0,,,0,41,0,0,,0,,,,,,0,,,,,,,,,0,,,,,,,,
8475734,,Curtis Hamilton,Hamilton,W,EDM,500000,0,,,,,0,,C,,,,,0,,,0,41,0,0,,0,,,,,,0,,,,,,,,,0,,,,,,,,
8475878,,Freddie Hamilton,Hamilton,C,CAL,500000,0,,,,,0,,F,,,,,0,,,0,34,0,0,,0,,,,,,0,,,,,,,,,0,,,,,,,,
8480092,,Rob Hamilton,Hamilton,D,FA,500000,0,,,,,0,,R,,,,,0,,,0,0,0,0,,0,,,,,,0,,,,,,,,,0,,,,,,,,
8469465,,Dan Hamhuis,Hamhuis,D,NSH,500000,0,,,,,0,,D,,,,,0,,,0,48,0,0,,0,,,,,,0,,,,,,,,,0,,,,,,,,
8484177,,Lenni Hameenaho,Hameenaho,W,NJD,500000,1,,,,,0,,L,,,,,0,,,0,49,0,0,,0,,,,,,0,,,,,,,,,,,,,,,,,
8483683,,Tomas Hamara,Hamara,D,OTT,500000,1,,,,,0,,T,,,,,0,,,0,50,0,0,,0,,,,,,0,,,,,,,,,,,,,,,,,
8481549,,Dillon Hamaliuk,Hamaliuk,W,SJS,500000,0,,,,,0,,D,,,,,0,,,0,54,0,0,,0,,,,,,0,,,,,,,,,0,,,,,,,,
8477990,,Brandon Halverson,Halverson,G,TBL,500000,1,0,-37.000000,0,,0,,B,5,0,0,0,0,0,57:57,0,56,0,0,,0,1,1,,0,0,0,,0,0,-37.00,0,00:00,0,19,0,0,0,0,,79.2,,,
8484176,,Kasper Halttunen,Halttunen,W,SJS,500000,1,,,,,0,,K,,,,,0,,,0,54,0,0,,0,,,,,,0,,,,,,,,,,,,,,,,,
8483531,,Brian Halonen,Halonen,W,NJD,500000,1,0,0.000000,1,,0,,B,0,0,0,0,0,2,13:54,0,49,0,0,,0,2,2,,0,0,0,,-1,0,0.00,0,00:00,0,0,,0,2,0,,,,,
8476765,,Mike Halmo,Halmo,W,TBL,500000,0,,,,,0,,M,,,,,0,,,0,56,0,0,,0,,,,,,0,,,,,,,,,0,,,,,,,,
8482512,,Jackson Hallum,Hallum,W,VGK,500000,1,,,,,0,,J,,,,,0,,,0,62,0,0,,0,,,,,,0,,,,,,,,,0,,,,,,,,
8485396,,Theodor Hallquisth,Hallquisth,D,MIN,500000,1,,,,,0,,T,,,,,0,,,0,44,0,0,,0,,,,,,0,,,,,,,,,,,,,,,,,
8483676,,Stephen Halliday,Halliday,C,OTT,500000,1,,,,,0,,S,,,,,0,,,0,50,0,0,,0,,,,,,0,,,,,,,,,,,,,,,,,
8480842,,Filip Hallander,Hallander,C,PIT,500000,1,,,,,0,,F,,,,,0,,,0,53,0,0,,0,,,,,,0,,,,,,,,,0,,,,,,,,
8475791,,Taylor Hall,Hall,W,CAR,3300000,1,28,20.152174,47,,0,,T,0,20,4,0,0,59,15:07,0,35,0,0,,0,45,92,,0,0,0,,-21,38,1854.00,5,00:00,48,0,-280000,0,174,0,,,,,
8483761,,Barrett Hall,Hall,C,SEA,500000,1,,,,,0,,B,,,,,0,,,0,63,0,0,,0,,,,,,0,,,,,,,,,,,,,,,,,
8479515,,Connor Hall,Hall,D,ARI,500000,0,,,,,0,,C,,,,,0,,,0,52,0,0,,0,,,,,,0,,,,,,,,,0,,,,,,,,
8480838,,Curtis Hall,Hall,C,BOS,500000,0,,,,,0,,C,,,,,0,,,0,32,0,0,,0,,,,,,0,,,,,,,,,0,,,,,,,,
8474094,,Matt Halischuk,Halischuk,W,WPG,500000,0,,,,,0,,M,,,,,0,,,0,60,0,0,,0,,,,,,0,,,,,,,,,0,,,,,,,,
8474230,,Micheal Haley,Haley,W,OTT,500000,0,,,,,0,,M,,,,,0,,,0,50,0,0,,0,,,,,,0,,,,,,,,,-50000,,,,,,,,
8480304,,Jayden Halbgewachs,Halbgewachs,W,SJS,500000,0,,,,,0,,J,,,,,0,,,0,54,0,0,,0,,,,,,0,,,,,,,,,0,,,,,,,,
8470860,,Jaroslav Halak,Halak,G,NYR,500000,0,,,,,0,,J,,,,,0,,,0,47,0,0,,0,,,,,,0,,,,,,,,,-5200000,,,,,,,,
8481034,,Mikael Hakkarainen,Hakkarainen,C,CHI,500000,0,,,,,0,,M,,,,,0,,,0,36,0,0,,0,,,,,,0,,,,,,,,,0,,,,,,,,
8475825,,Jani Hakanpaa,Hakanpaa,D,TOR,500000,1,0,2.000000,4,,0,,J,0,0,0,0,0,1,14:05,0,57,0,0,,0,0,2,,0,0,0,,-1,0,4.00,0,00:00,0,0,-1920000,0,2,0,,,,,
8479333,,Libor Hajek,Hajek,D,NYR,500000,0,,,,,0,,L,,,,,0,,,0,47,0,0,,0,,,,,,0,,,,,,,,,-550000,,,,,,,,
8468493,,Ron Hainsey,Hainsey,D,OTT,500000,0,,,,,0,,R,,,,,0,,,0,50,0,0,,0,,,,,,0,,,,,,,,,0,,,,,,,,
8481057,,Gavin Hain,Hain,C,PHI,500000,0,,,,,0,,G,,,,,0,,,0,51,0,0,,0,,,,,,0,,,,,,,,,0,,,,,,,,
8483452,,Hunter Haight,Haight,C,MIN,500000,1,,,,,0,,H,,,,,0,,,0,44,0,0,,0,,,,,,0,,,,,,,,,,,,,,,,,
8481749,,Ethan Haider,Haider,G,NSH,500000,1,,,,,0,,E,,,,,0,,,0,48,0,0,,0,,,,,,0,,,,,,,,,0,,,,,,,,
8479980,,Nicolas Hague,Hague,D,NSH,2110000,1,9,12.848101,81,,0,,N,0,5,1,0,0,103,16:53,0,48,0,0,,0,22,79,,0,0,0,,-4,49,1015.00,0,00:00,14,0,-1010000,0,85,0,,,,,
8477811,,Ryan Haggerty,Haggerty,C,FLA,500000,0,,,,,0,,R,,,,,0,,,0,42,0,0,,0,,,,,,0,,,,,,,,,0,,,,,,,,
8477462,,Robert Hagg,Hagg,D,VGK,760000,1,0,13.000000,2,,0,,R,0,0,0,0,0,11,11:09,0,62,0,0,,0,0,2,,0,0,0,,0,0,26.00,0,00:00,0,0,-890000,0,0,0,,,,,
8485395,,James Hagens,Hagens,C,BOS,2580000,1,,,,,0,,J,,,,,0,,,0,32,0,0,,0,,,,,,0,,,,,,,,,,,,,,,,,
8474176,,Carl Hagelin,Hagelin,W,WSH,500000,0,,,,,0,,C,,,,,0,,,0,59,0,0,,0,,,,,,0,,,,,,,,,-1590000,,,,,,,,
8479542,,Brandon Hagel,Hagel,W,TBL,6270000,1,55,42.811765,61,,0,,B,0,35,4,0,0,64,20:38,0,56,1,0,20251004,0,30,85,,0,0,0,,29,63,3639.00,0,00:00,90,0,3870000,3,230,0,,,,2025-10-03,2025-10-03
8484799,,Michael Hage,Hage,C,MTL,1460000,1,,,,,0,,M,,,,,0,,,0,45,0,0,,0,,,,,,0,,,,,,,,,,,,,,,,,
8475252,,Matt Hackett,Hackett,G,ANA,500000,0,,,,,0,,M,,,,,0,,,0,31,0,0,,0,,,,,,0,,,,,,,,,0,,,,,,,,
8477032,,Justin Hache,Hache,D,ARI,500000,0,,,,,0,,J,,,,,0,,,0,52,0,0,,0,,,,,,0,,,,,,,,,0,,,,,,,,
8482901,,Braden Hache,Hache,D,SJS,500000,0,,,,,0,,B,,,,,0,,,0,54,0,0,,0,,,,,,0,,,,,,,,,0,,,,,,,,
8476995,,James de Haas,Haas,D,DET,500000,0,,,,,0,,J,,,,,0,,,0,40,0,0,,0,,,,,,0,,,,,,,,,0,,,,,,,,
8481813,,Gaetan Haas,Haas,C,EDM,500000,0,,,,,0,,G,,,,,0,,,0,41,0,0,,0,,,,,,0,,,,,,,,,-630000,,,,,,,,
8476291,,Garrett Haar,Haar,D,WSH,500000,0,,,,,0,,G,,,,,0,,,0,59,0,0,,0,,,,,,0,,,,,,,,,0,,,,,,,,
8480164,,Henrik Haapala,Haapala,W,FLA,500000,0,,,,,0,,H,,,,,0,,,0,42,0,0,,0,,,,,,0,,,,,,,,,0,,,,,,,,
8475177,,Calvin de Haan,Haan,D,NYR,1570000,1,8,12.042553,63,,0,,C,0,0,0,0,0,71,14:58,0,47,0,0,,0,18,47,,0,0,0,,-4,12,566.00,0,00:00,8,0,-130000,0,51,0,,,,,
8481757,,Carter Gylander,Gylander,G,DET,500000,1,,,,,0,,C,,,,,0,,,0,40,0,0,,0,,,,,,0,,,,,,,,,0,,,,,,,,
8483122,,Mack Guzda,Guzda,G,FLA,500000,0,,,,,0,,M,,,,,0,,,0,42,0,0,,0,,,,,,0,,,,,,,,,0,,,,,,,,
8480252,,Cole Guttman,Guttman,C,CHI,500000,1,,,,,0,,C,,,,,0,,,0,36,0,0,,0,,,,,,0,,,,,,,,,0,,,,,,,,
8479406,,Filip Gustavsson,Gustavsson,G,MIN,7510000,1,1,48.765625,0,,0,,F,162,1,0,33,0,0,59:02,0,44,0,0,,0,21,64,,0,7,0,,0,0,3121.00,0,00:00,2,1713,3250000,0,0,5,,91.4,,,
8475361,,Jonas Gustavsson,Gustavsson,G,EDM,500000,0,,,,,0,,J,,,,,0,,,0,41,0,0,,0,,,,,,0,,,,,,,,,0,,,,,,,,
8476979,,Erik Gustafsson,Gustafsson,D,DET,1360000,1,16,10.133333,44,,0,,E,0,2,0,0,0,28,16:19,0,40,0,0,,0,25,60,,0,0,0,,-19,20,608.00,1,00:00,18,0,-750000,0,67,0,,,,,
8481019,,David Gustafsson,Gustafsson,C,WPG,1640000,1,4,11.100000,20,,0,,D,0,3,0,0,0,21,08:49,0,60,0,0,,0,11,40,,0,0,0,,10,7,444.00,0,00:00,7,0,1140000,0,33,0,,,,,
8485000,,Viggo Gustafsson,Gustafsson,D,NSH,500000,1,,,,,0,,V,,,,,0,,,0,48,0,0,,0,,,,,,0,,,,,,,,,,,,,,,,,
8475640,,Erik Gustafsson,Gustafsson,D,MTL,500000,0,,,,,0,,E,,,,,0,,,0,45,0,0,,0,,,,,,0,,,,,,,,,0,,,,,,,,
8475860,,Johan Gustafsson,Gustafsson,G,MIN,500000,0,,,,,0,,J,,,,,0,,,0,44,0,0,,0,,,,,,0,,,,,,,,,0,,,,,,,,
8479931,,Hampus Gustafsson,Gustafsson,C,WSH,500000,0,,,,,0,,H,,,,,0,,,0,59,0,0,,0,,,,,,0,,,,,,,,,0,,,,,,,,
8483451,,Jordan Gustafson,Gustafson,C,VGK,500000,1,,,,,0,,J,,,,,0,,,0,62,0,0,,0,,,,,,0,,,,,,,,,,,,,,,,,
8480328,,Dave Gust,Gust,W,CHI,500000,0,,,,,0,,D,,,,,0,,,0,36,0,0,,0,,,,,,0,,,,,,,,,0,,,,,,,,
8482917,,Nikita Guslistov,Guslistov,C,CAR,500000,1,,,,,0,,N,,,,,0,,,0,35,0,0,,0,,,,,,0,,,,,,,,,0,,,,,,,,
8481586,,Matvey Guskov,Guskov,C,MIN,500000,1,,,,,0,,M,,,,,0,,,0,44,0,0,,0,,,,,,0,,,,,,,,,0,,,,,,,,
8482101,,Danil Gushchin,Gushchin,W,COL,640000,1,1,5.750000,6,,0,,D,0,0,0,0,0,6,12:18,0,37,0,0,,0,7,12,,0,0,0,,-3,6,69.00,0,00:00,1,0,140000,0,16,0,,,,,
8477038,,Nikita Gusev,Gusev,W,FLA,500000,0,,,,,0,,N,,,,,0,,,0,42,0,0,,0,,,,,,0,,,,,,,,,-690000,,,,,,,,
8482934,,Artem Guryev,Guryev,D,SJS,500000,1,,,,,0,,A,,,,,0,,,0,54,0,0,,0,,,,,,0,,,,,,,,,0,,,,,,,,
8478495,,Denis Gurianov,Gurianov,W,PHI,500000,0,,,,,0,,D,,,,,0,,,0,51,0,0,,0,,,,,,0,,,,,,,,,-2590000,,,,,,,,
8475711,,Alexander Guptill,Guptill,W,OTT,500000,0,,,,,0,,A,,,,,0,,,0,50,0,0,,0,,,,,,0,,,,,,,,,0,,,,,,,,
8474125,,Carl Gunnarsson,Gunnarsson,D,STL,500000,0,,,,,0,,C,,,,,0,,,0,55,0,0,,0,,,,,,0,,,,,,,,,-320000,,,,,,,,
8479486,,Jonas Gunnarsson,Gunnarsson,G,NSH,500000,0,,,,,0,,J,,,,,0,,,0,48,0,0,,0,,,,,,0,,,,,,,,,0,,,,,,,,
8480218,,Kristoffer Gunnarsson,Gunnarsson,D,VAN,500000,0,,,,,0,,K,,,,,0,,,0,58,0,0,,0,,,,,,0,,,,,,,,,0,,,,,,,,
8482080,,Noel Gunler,Gunler,W,CAR,500000,1,,,,,0,,N,,,,,0,,,0,35,0,0,,0,,,,,,0,,,,,,,,,0,,,,,,,,
8484389,,Mikhail Gulyayev,Gulyayev,D,COL,500000,1,,,,,0,,M,,,,,0,,,0,37,0,0,,0,,,,,,0,,,,,,,,,,,,,,,,,
8470189,,David Van Der Gulik,Gulik,W,LAK,500000,0,,,,,0,,D,,,,,0,,,0,43,0,0,,0,,,,,,0,,,,,,,,,0,,,,,,,,
8485623,,Emile Guite,Guite,W,ANA,500000,1,,,,,0,,E,,,,,0,,,0,31,0,0,,0,,,,,,0,,,,,,,,,,,,,,,,,
8483723,,Cedrick Guindon,Guindon,W,MTL,500000,0,,,,,0,,C,,,,,0,,,0,45,0,0,,0,,,,,,0,,,,,,,,,,,,,,,,,
8484453,,Rudy Guimond,Guimond,G,DET,500000,1,,,,,0,,R,,,,,0,,,0,40,0,0,,0,,,,,,0,,,,,,,,,,,,,,,,,
8482087,,Kaiden Guhle,Guhle,D,MTL,3140000,1,12,21.283333,116,,0,,K,0,6,1,0,0,119,21:14,0,45,1,0,20250927,0,23,60,,0,0,0,,3,51,1277.00,0,00:00,18,0,2640000,0,77,0,,,,2025-09-26,2025-09-26
8478425,,Brendan Guhle,Guhle,D,ANA,500000,0,,,,,0,,B,,,,,0,,,0,31,0,0,,0,,,,,,0,,,,,,,,,0,,,,,,,,
8471378,,Peter Guggisberg,Guggisberg,W,WSH,500000,0,,,,,0,,P,,,,,0,,,0,59,0,0,,0,,,,,,0,,,,,,,,,0,,,,,,,,
8477404,,Jake Guentzel,Guentzel,C,TBL,6550000,1,42,40.129412,52,,0,,J,0,44,5,0,0,34,20:09,0,56,0,0,,0,30,85,,0,0,0,,15,30,3411.00,19,00:00,86,0,1020000,1,232,0,,,,,
8482699,,Dylan Guenther,Guenther,W,UTA,4830000,1,33,35.285714,42,,0,,D,0,27,9,0,0,53,17:00,0,64,0,0,,0,25,70,,3,0,0,,-4,26,2470.00,12,00:00,60,0,3130000,0,206,0,,,,,
8470317,,Nate Guenin,Guenin,D,ANA,500000,0,,,,,0,,N,,,,,0,,,0,31,0,0,,0,,,,,,0,,,,,,,,,0,,,,,,,,
8481679,,Maxence Guenette,Guenette,D,OTT,500000,1,,,,,0,,M,,,,,0,,,0,50,0,0,,0,,,,,,0,,,,,,,,,0,,,,,,,,
8477356,,Kristers Gudlevskis,Gudlevskis,G,NYI,500000,0,,,,,0,,K,,,,,0,,,0,46,0,0,,0,,,,,,0,,,,,,,,,0,,,,,,,,
8475790,,Erik Gudbranson,Gudbranson,D,CBJ,1440000,1,4,14.875000,18,,0,,E,0,0,0,0,0,25,17:46,0,38,0,0,,0,5,16,,0,0,0,,1,6,238.00,0,00:00,4,0,-430000,0,12,0,,,,,
8477079,,Alexander Gudbranson,Gudbranson,D,MIN,500000,0,,,,,0,,A,,,,,0,,,0,44,0,0,,0,,,,,,0,,,,,,,,,0,,,,,,,,
8475462,,Radko Gudas,Gudas,D,ANA,2980000,1,15,21.308642,167,,0,,R,0,1,0,0,0,258,19:52,0,31,0,0,,0,37,81,,0,0,0,,4,86,1726.00,0,00:00,16,0,-620000,0,89,0,,,,,
8482683,,David Gucciardi,Gucciardi,D,WSH,500000,1,,,,,0,,D,,,,,0,,,0,59,0,0,,0,,,,,,0,,,,,,,,,,,,,,,,,
8476891,,Matt Grzelcyk,Grzelcyk,D,PIT,2350000,1,39,17.682927,94,,0,,M,0,1,0,0,0,43,20:37,0,53,0,0,,0,34,82,,0,0,0,,-6,16,1450.00,0,00:00,40,0,-1240000,0,94,0,,,,,
8473468,,Eric Gryba,Gryba,D,NJD,500000,0,,,,,0,,E,,,,,0,,,0,49,0,0,,0,,,,,,0,,,,,,,,,0,,,,,,,,
8482695,,Artem Grushnikov,Grushnikov,D,CAL,500000,1,,,,,0,,A,,,,,0,,,0,34,0,0,,0,,,,,,0,,,,,,,,,0,,,,,,,,
8479336,,Carl Grundstrom,Grundstrom,W,SJS,1520000,1,6,11.410714,18,,0,,C,0,3,0,0,0,170,09:36,0,54,0,0,,0,35,56,,0,0,0,,-21,24,639.00,0,00:00,9,0,-290000,0,88,0,,,,,
8483773,,Vladimir Grudinin,Grudinin,D,CAR,500000,1,,,,,0,,V,,,,,0,,,0,35,0,0,,0,,,,,,0,,,,,,,,,,,,,,,,,
8480836,,Jonathan Gruden,Gruden,C,PIT,500000,1,,,,,0,,J,,,,,0,,,0,53,0,0,,0,,,,,,0,,,,,,,,,0,,,,,,,,
8482704,,Jayden Grubbe,Grubbe,C,EDM,500000,1,,,,,0,,J,,,,,0,,,0,41,0,0,,0,,,,,,0,,,,,,,,,0,,,,,,,,
8475831,,Philipp Grubauer,Grubauer,G,SEA,1640000,1,0,13.153846,0,,0,,P,85,0,0,8,0,0,56:10,0,63,0,0,,0,16,26,,0,1,0,,0,0,342.00,0,00:00,0,596,-7690000,0,0,0,,87.5,,,
8480870,,Benoit-Olivier Groulx,Groulx,C,NYR,500000,1,,,,,0,,B,,,,,0,,,0,47,0,0,,0,,,,,,0,,,,,,,,,0,,,,,,,,
8470231,,Denis Grot,Grot,D,VAN,500000,0,,,,,0,,D,,,,,0,,,0,58,0,0,,0,,,,,,0,,,,,,,,,0,,,,,,,,
8471269,,Nicklas Grossmann,Grossmann,D,CAL,500000,0,,,,,0,,N,,,,,0,,,0,34,0,0,,0,,,,,,0,,,,,,,,,0,,,,,,,,
8480832,,Nico Gross,Gross,D,NYR,500000,0,,,,,0,,N,,,,,0,,,0,47,0,0,,0,,,,,,0,,,,,,,,,0,,,,,,,,
8480913,,Jordan Gross,Gross,D,NSH,500000,0,,,,,0,,J,,,,,0,,,0,48,0,0,,0,,,,,,0,,,,,,,,,-790000,,,,,,,,
8482168,,Maxim Groshev,Groshev,D,TBL,500000,1,,,,,0,,M,,,,,0,,,0,56,0,0,,0,,,,,,0,,,,,,,,,0,,,,,,,,
8477234,,Troy Grosenick,Grosenick,G,MIN,500000,1,,,,,0,,T,,,,,0,,,0,44,0,0,,0,,,,,,0,,,,,,,,,-1340000,,,,,,,,
8478394,,Ryan Gropp,Gropp,W,NYR,500000,0,,,,,0,,R,,,,,0,,,0,47,0,0,,0,,,,,,0,,,,,,,,,0,,,,,,,,
8481172,,Maxim Grondin,Grondin,C,CAR,500000,0,,,,,0,,M,,,,,0,,,0,35,0,0,,0,,,,,,0,,,,,,,,,0,,,,,,,,
8485017,,Elliott Groenewold,Groenewold,D,BOS,500000,1,,,,,0,,E,,,,,0,,,0,32,0,0,,0,,,,,,0,,,,,,,,,,,,,,,,,
8481721,,Arseny Gritsyuk,Gritsyuk,W,NJD,500000,1,,,,,0,,A,,,,,0,,,0,49,0,0,,0,,,,,,0,,,,,,,,,0,,,,,,,,
8476428,,Rocco Grimaldi,Grimaldi,W,NSH,500000,0,,,,,0,,R,,,,,0,,,0,48,0,0,,0,,,,,,0,,,,,,,,,-1330000,,,,,,,,
8476888,,Mikhail Grigorenko,Grigorenko,C,CBJ,500000,0,,,,,0,,M,,,,,0,,,0,38,0,0,,0,,,,,,0,,,,,,,,,-1240000,,,,,,,,
8476495,,Seth Griffith,Griffith,C,EDM,500000,0,,,,,0,,S,,,,,0,,,0,41,0,0,,0,,,,,,0,,,,,,,,,0,,,,,,,,
8485630,,Owen Griffin,Griffin,C,CBJ,500000,1,,,,,0,,O,,,,,0,,,0,38,0,0,,0,,,,,,0,,,,,,,,,,,,,,,,,
8484860,,Matvei Gridin,Gridin,W,CAL,500000,1,,,,,0,,M,,,,,0,,,0,34,0,0,,0,,,,,,0,,,,,,,,,,,,,,,,,
8481128,,Jake Gricius,Gricius,C,SJS,500000,0,,,,,0,,J,,,,,0,,,0,54,0,0,,0,,,,,,0,,,,,,,,,0,,,,,,,,
8481602,,Albin Grewe,Grewe,W,DET,500000,0,,,,,0,,A,,,,,0,,,0,40,0,0,,0,,,,,,0,,,,,,,,,0,,,,,,,,
8476414,,Alexandre Grenier,Grenier,W,FLA,500000,0,,,,,0,,A,,,,,0,,,0,42,0,0,,0,,,,,,0,,,,,,,,,0,,,,,,,,
8471306,,Thomas Greiss,Greiss,G,STL,500000,0,,,,,0,,T,,,,,0,,,0,55,0,0,,0,,,,,,0,,,,,,,,,-3710000,,,,,,,,
8482092,,Ridly Greig,Greig,C,OTT,3210000,1,21,20.464286,48,,0,,R,0,14,2,0,0,149,17:09,0,50,0,0,,0,30,84,,0,0,0,,-12,68,1719.00,3,00:00,35,0,2710000,2,128,0,,,,,
8479393,,Noah Gregor,Gregor,W,SJS,1210000,0,3,9.173077,30,,0,,N,0,4,2,0,0,94,11:06,0,54,0,0,,0,23,52,,0,0,0,,-21,28,477.00,0,00:00,7,0,220000,1,60,0,,,,,
8477316,,Jeremy Grégoire,Grégoire,C,MTL,500000,0,,,,,0,,J,,,,,0,,,0,45,0,0,,0,,,,,,0,,,,,,,,,0,,,,,,,,
8478421,,A.J. Greer,Greer,W,FLA,3340000,1,12,19.484536,37,,0,,A,0,8,4,0,0,272,09:16,0,42,0,0,,0,30,97,,0,0,0,,2,152,1890.00,0,00:00,20,0,2370000,1,98,0,,,,,
8478413,,Jordan Greenway,Greenway,W,BUF,2300000,1,5,18.088235,29,,0,,J,0,3,0,0,0,97,15:04,0,33,1,0,20251009,0,15,34,,0,0,0,,-4,45,615.00,0,00:00,8,0,-1510000,0,34,0,,,,2025-09-30,2025-09-30
8479363,,James Greenway,Greenway,D,BOS,500000,0,,,,,0,,J,,,,,0,,,0,32,0,0,,0,,,,,,0,,,,,,,,,0,,,,,,,,
8484516,,Tyson Greenway,Greenway,C,TOR,500000,0,,,,,0,,T,,,,,0,,,0,57,0,0,,0,,,,,,0,,,,,,,,,,,,,,,,,
8484802,,Liam Greentree,Greentree,W,LAK,500000,1,,,,,0,,L,,,,,0,,,0,43,0,0,,0,,,,,,0,,,,,,,,,,,,,,,,,
8471862,,Colin Greening,Greening,C,TOR,500000,0,,,,,0,,C,,,,,0,,,0,57,0,0,,0,,,,,,0,,,,,,,,,0,,,,,,,,
8483450,,Ryan Greene,Greene,C,CHI,500000,1,0,4.000000,3,,0,,R,0,0,0,0,0,0,13:12,0,36,0,0,,0,0,2,,0,0,0,,0,0,8.00,0,00:00,0,0,,0,1,0,,,,,
8470121,,Matt Greene,Greene,D,LAK,500000,0,,,,,0,,M,,,,,0,,,0,43,0,0,,0,,,,,,0,,,,,,,,,0,,,,,,,,
8472382,,Andy Greene,Greene,D,NYI,500000,0,,,,,0,,A,,,,,0,,,0,46,0,0,,0,,,,,,0,,,,,,,,,-1120000,,,,,,,,
8471242,,Mike Green,Green,D,EDM,500000,0,,,,,0,,M,,,,,0,,,0,41,0,0,,0,,,,,,0,,,,,,,,,0,,,,,,,,
8479396,,Luke Green,Green,D,WPG,500000,0,,,,,0,,L,,,,,0,,,0,60,0,0,,0,,,,,,0,,,,,,,,,0,,,,,,,,
8481063,,Alexander Green,Green,D,TBL,500000,0,,,,,0,,A,,,,,0,,,0,56,0,0,,0,,,,,,0,,,,,,,,,0,,,,,,,,
8485058,,Rico Gredig,Gredig,W,NYR,500000,1,,,,,0,,R,,,,,0,,,0,47,0,0,,0,,,,,,0,,,,,,,,,,,,,,,,,
8479447,,Anthony Greco,Greco,W,NYR,500000,0,,,,,0,,A,,,,,0,,,0,47,0,0,,0,,,,,,0,,,,,,,,,0,,,,,,,,
8483733,,Nikita Grebenkin,Grebenkin,W,PHI,500000,1,0,1.142857,1,,0,,N,0,0,0,0,0,13,08:45,0,51,0,0,,0,2,7,,0,0,0,,-3,2,8.00,0,00:00,0,0,,0,2,0,,,,,
8482982,,Jet Greaves,Greaves,G,CBJ,6290000,1,0,74.454545,0,,0,,J,21,0,0,7,0,0,01:01,0,38,0,0,,0,2,11,,0,2,0,,0,0,819.00,0,00:00,0,317,5790000,0,0,2,,93.8,,,
8477435,,Ryan Graves,Graves,D,PIT,930000,1,3,6.704918,72,,0,,R,0,1,0,0,0,75,14:59,0,53,0,0,,0,24,61,,0,0,0,,-15,29,409.00,0,00:00,4,0,-2660000,0,39,0,,,,,
8479624,,Jacob Graves,Graves,D,PHI,500000,0,,,,,0,,J,,,,,0,,,0,51,0,0,,0,,,,,,0,,,,,,,,,0,,,,,,,,
8475857,,Kevin Gravel,Gravel,D,NSH,1360000,1,1,16.166667,8,,0,,K,0,0,0,0,0,7,17:50,0,48,0,0,,0,3,6,,0,0,0,,3,0,97.00,0,00:00,1,0,860000,0,6,0,,,,,
8480868,,Alexis Gravel,Gravel,G,CHI,500000,0,,,,,0,,A,,,,,0,,,0,36,0,0,,0,,,,,,0,,,,,,,,,0,,,,,,,,
8476344,,Tyler Graovac,Graovac,C,VAN,500000,0,,,,,0,,T,,,,,0,,,0,58,0,0,,0,,,,,,0,,,,,,,,,-400000,,,,,,,,
8474005,,Alex Grant,Grant,D,MIN,500000,0,,,,,0,,A,,,,,0,,,0,44,0,0,,0,,,,,,0,,,,,,,,,0,,,,,,,,
8474683,,Derek Grant,Grant,C,ANA,500000,0,,,,,0,,D,,,,,0,,,0,31,0,0,,0,,,,,,0,,,,,,,,,-1680000,,,,,,,,
8482169,,Helge Grans,Grans,D,PHI,910000,1,1,9.833333,5,,0,,H,0,0,0,0,0,4,14:28,0,51,0,0,,0,2,6,,0,0,0,,0,2,59.00,0,00:00,1,0,410000,0,5,0,,,,,
8475798,,Mikael Granlund,Granlund,C,DAL,5130000,1,49,29.465347,72,,0,,M,0,27,5,0,0,100,19:06,0,39,0,0,,0,49,101,,1,0,0,,-2,36,2976.00,8,00:00,76,0,1890000,1,197,0,,,,,
8476440,,Markus Granlund,Granlund,C,EDM,500000,0,,,,,0,,M,,,,,0,,,0,41,0,0,,0,,,,,,0,,,,,,,,,0,,,,,,,,
8475774,,Petter Granberg,Granberg,D,NSH,500000,0,,,,,0,,P,,,,,0,,,0,48,0,0,,0,,,,,,0,,,,,,,,,0,,,,,,,,
8484907,,Luke Grainger,Grainger,W,SJS,500000,0,,,,,0,,L,,,,,0,,,0,54,0,0,,0,,,,,,0,,,,,,,,,,,,,,,,,
8485035,,Max Graham,Graham,C,PIT,500000,1,,,,,0,,M,,,,,0,,,0,53,0,0,,0,,,,,,0,,,,,,,,,,,,,,,,,
8477014,,Jesse Graham,Graham,D,COL,500000,0,,,,,0,,J,,,,,0,,,0,37,0,0,,0,,,,,,0,,,,,,,,,0,,,,,,,,
8478238,,Connor Graham,Graham,W,NYI,500000,0,,,,,0,,C,,,,,0,,,0,46,0,0,,0,,,,,,0,,,,,,,,,0,,,,,,,,
8471752,,Marc-Andre Gragnani,Gragnani,D,NJD,500000,0,,,,,0,,M,,,,,0,,,0,49,0,0,,0,,,,,,0,,,,,,,,,0,,,,,,,,
8484911,,Collin Graf,Graf,W,SJS,1760000,1,6,13.848485,14,,0,,C,0,5,1,0,0,20,15:52,0,54,0,0,,0,21,33,,0,0,0,,-4,8,457.00,1,00:00,11,0,,1,40,0,,,,,
8474634,,Evgeny Grachev,Grachev,C,STL,500000,0,,,,,0,,E,,,,,0,,,0,55,0,0,,0,,,,,,0,,,,,,,,,0,,,,,,,,
8471362,,Mikhail Grabovski,Grabovski,C,VGK,500000,0,,,,,0,,M,,,,,0,,,0,62,0,0,,0,,,,,,0,,,,,,,,,0,,,,,,,,
8473546,,Michael Grabner,Grabner,W,ARI,500000,0,,,,,0,,M,,,,,0,,,0,52,0,0,,0,,,,,,0,,,,,,,,,0,,,,,,,,
8483449,,David Goyette,Goyette,C,SEA,500000,1,,,,,0,,D,,,,,0,,,0,63,0,0,,0,,,,,,0,,,,,,,,,,,,,,,,,
8482738,,Deni Goure,Goure,C,STL,500000,0,,,,,0,,D,,,,,0,,,0,55,0,0,,0,,,,,,0,,,,,,,,,0,,,,,,,,
8476826,,Yanni Gourde,Gourde,C,TBL,3480000,1,25,23.064516,42,,0,,Y,0,7,2,0,0,118,15:55,0,56,0,0,,0,26,62,,0,0,0,,-4,52,1430.00,0,00:00,32,0,-970000,0,77,0,,,,,
8474055,,Alain Goulet,Goulet,D,BOS,500000,0,,,,,0,,A,,,,,0,,,0,32,0,0,,0,,,,,,0,,,,,,,,,0,,,,,,,,
8478145,,Alexandre Goulet,Goulet,C,NJD,500000,0,,,,,0,,A,,,,,0,,,0,49,0,0,,0,,,,,,0,,,,,,,,,0,,,,,,,,
8477399,,Tyrell Goulbourne,Goulbourne,W,VGK,500000,0,,,,,0,,T,,,,,0,,,0,62,0,0,,0,,,,,,0,,,,,,,,,0,,,,,,,,
8479053,,Spiro Goulakos,Goulakos,D,BUF,500000,0,,,,,0,,S,,,,,0,,,0,33,0,0,,0,,,,,,0,,,,,,,,,0,,,,,,,,
8480303,,Max Gottlieb,Gottlieb,D,FA,500000,0,,,,,0,,M,,,,,0,,,0,0,0,0,,0,,,,,,0,,,,,,,,,0,,,,,,,,
8476906,,Shayne Gostisbehere,Gostisbehere,D,CAR,4000000,1,44,24.129412,77,,0,,S,0,10,0,0,0,52,18:36,0,35,0,0,,0,30,85,,0,0,0,,-8,56,2051.00,5,00:00,54,0,1450000,0,145,0,,,,,
8485601,,Brandon Gorzynski,Gorzynski,C,DAL,500000,1,,,,,0,,B,,,,,0,,,0,39,0,0,,0,,,,,,0,,,,,,,,,,,,,,,,,
8476996,,Max Gortz,Gortz,W,ANA,500000,0,,,,,0,,M,,,,,0,,,0,31,0,0,,0,,,,,,0,,,,,,,,,0,,,,,,,,
8485723,,Evan Van Gorp,Gorp,W,CBJ,500000,1,,,,,0,,E,,,,,0,,,0,38,0,0,,0,,,,,,0,,,,,,,,,,,,,,,,,
8462228,,Ilya Gorokhov,Gorokhov,D,NYR,500000,0,,,,,0,,I,,,,,0,,,0,47,0,0,,0,,,,,,0,,,,,,,,,0,,,,,,,,
8480889,,Jack Gorniak,Gorniak,W,MTL,500000,0,,,,,0,,J,,,,,0,,,0,45,0,0,,0,,,,,,0,,,,,,,,,0,,,,,,,,
8475759,,Brandon Gormley,Gormley,D,NJD,500000,0,,,,,0,,B,,,,,0,,,0,49,0,0,,0,,,,,,0,,,,,,,,,0,,,,,,,,
8481074,,Liam Gorman,Gorman,C,CHI,500000,0,,,,,0,,L,,,,,0,,,0,36,0,0,,0,,,,,,0,,,,,,,,,0,,,,,,,,
8485553,,Egor Goriunov,Goriunov,W,MTL,500000,1,,,,,0,,E,,,,,0,,,0,45,0,0,,0,,,,,,0,,,,,,,,,,,,,,,,,
8470324,,Josh Gorges,Gorges,D,BUF,500000,0,,,,,0,,J,,,,,0,,,0,33,0,0,,0,,,,,,0,,,,,,,,,0,,,,,,,,
8470159,,Boyd Gordon,Gordon,C,PHI,500000,0,,,,,0,,B,,,,,0,,,0,51,0,0,,0,,,,,,0,,,,,,,,,0,,,,,,,,
8482497,,Alexander Gordin,Gordin,W,MTL,500000,1,,,,,0,,A,,,,,0,,,0,45,0,0,,0,,,,,,0,,,,,,,,,0,,,,,,,,
8484547,,Aidan De La Gordendiere,Gordendiere,D,COL,500000,0,,,,,0,,A,,,,,0,,,0,37,0,0,,0,,,,,,0,,,,,,,,,,,,,,,,,
8480224,,Fedor Gordeev,Gordeev,D,MIN,500000,0,,,,,0,,F,,,,,0,,,0,44,0,0,,0,,,,,,0,,,,,,,,,0,,,,,,,,
8480352,,Brayden Gorda,Gorda,D,FA,500000,0,,,,,0,,B,,,,,0,,,0,0,0,0,,0,,,,,,0,,,,,,,,,0,,,,,,,,
8485063,,Stepan Gorbunov,Gorbunov,C,FLA,500000,1,,,,,0,,S,,,,,0,,,0,42,0,0,,0,,,,,,0,,,,,,,,,,,,,,,,,
8468585,,Vladimir Gorbunov,Gorbunov,W,NYI,500000,0,,,,,0,,V,,,,,0,,,0,46,0,0,,0,,,,,,0,,,,,,,,,0,,,,,,,,
8485433,,Mans Goos,Goos,G,DAL,500000,1,,,,,0,,M,,,,,0,,,0,39,0,0,,0,,,,,,0,,,,,,,,,,,,,,,,,
8476624,,Barclay Goodrow,Goodrow,W,SJS,1150000,1,3,8.246753,58,,0,,B,0,5,0,0,0,149,13:47,0,54,0,0,,0,47,77,,0,0,0,,-37,75,635.00,0,00:00,8,0,-2590000,1,73,0,,,,,
8474107,,Maxim Goncharov,Goncharov,D,ARI,500000,0,,,,,0,,M,,,,,0,,,0,52,0,0,,0,,,,,,0,,,,,,,,,0,,,,,,,,
8485573,,Artem Gonchar,Gonchar,D,NYR,500000,1,,,,,0,,A,,,,,0,,,0,47,0,0,,0,,,,,,0,,,,,,,,,,,,,,,,,
8458951,,Sergei Gonchar,Gonchar,D,MTL,500000,0,,,,,0,,S,,,,,0,,,0,45,0,0,,0,,,,,,0,,,,,,,,,0,,,,,,,,
8482201,,Gage Goncalves,Goncalves,C,TBL,2710000,1,15,16.523077,23,,0,,G,0,9,1,0,0,86,13:07,0,56,0,0,,0,20,65,,0,0,0,,5,16,1074.00,1,00:00,24,0,2210000,0,64,0,,,,,
8467351,,Scott Gomez,Gomez,C,OTT,500000,0,,,,,0,,S,,,,,0,,,0,50,0,0,,0,,,,,,0,,,,,,,,,0,,,,,,,,
8479583,,Anatoli Golyshev,Golyshev,W,NYI,500000,0,,,,,0,,A,,,,,0,,,0,46,0,0,,0,,,,,,0,,,,,,,,,0,,,,,,,,
8474597,,Cody Goloubef,Goloubef,D,OTT,500000,0,,,,,0,,C,,,,,0,,,0,50,0,0,,0,,,,,,0,,,,,,,,,0,,,,,,,,
8481112,,Maxim Golod,Golod,W,CHI,500000,0,,,,,0,,M,,,,,0,,,0,36,0,0,,0,,,,,,0,,,,,,,,,0,,,,,,,,
8471274,,Alex Goligoski,Goligoski,D,MIN,500000,0,,,,,0,,A,,,,,0,,,0,44,0,0,,0,,,,,,0,,,,,,,,,-2010000,,,,,,,,
8485025,,Jan Golicic,Golicic,D,TBL,500000,1,,,,,0,,J,,,,,0,,,0,56,0,0,,0,,,,,,0,,,,,,,,,,,,,,,,,
8484175,,Terrell Goldsmith,Goldsmith,D,UTA,500000,1,,,,,0,,T,,,,,0,,,0,64,0,0,,0,,,,,,0,,,,,,,,,,,,,,,,,
8477958,,Nikolay Goldobin,Goldobin,W,VAN,500000,0,,,,,0,,N,,,,,0,,,0,58,0,0,,0,,,,,,0,,,,,,,,,0,,,,,,,,
8480230,,Jacob Golden,Golden,D,MIN,500000,0,,,,,0,,J,,,,,0,,,0,44,0,0,,0,,,,,,0,,,,,,,,,0,,,,,,,,
8485005,,Hiroki Gojsic,Gojsic,W,NSH,500000,1,,,,,0,,H,,,,,0,,,0,48,0,0,,0,,,,,,0,,,,,,,,,,,,,,,,,
8481113,,Pavel Gogolev,Gogolev,W,CHI,500000,0,,,,,0,,P,,,,,0,,,0,36,0,0,,0,,,,,,0,,,,,,,,,0,,,,,,,,
8469473,,Marcel Goc,Goc,C,STL,500000,0,,,,,0,,M,,,,,0,,,0,55,0,0,,0,,,,,,0,,,,,,,,,0,,,,,,,,
8470304,,Alexei Glukhov,Glukhov,W,TBL,500000,0,,,,,0,,A,,,,,0,,,0,56,0,0,,0,,,,,,0,,,,,,,,,0,,,,,,,,
8478000,,Jack Glover,Glover,D,WPG,500000,0,,,,,0,,J,,,,,0,,,0,60,0,0,,0,,,,,,0,,,,,,,,,0,,,,,,,,
8483535,,Ty Glover,Glover,C,VAN,500000,0,,,,,0,,T,,,,,0,,,0,58,0,0,,0,,,,,,0,,,,,,,,,,,,,,,,,
8479601,,Vasily Glotov,Glotov,C,BUF,500000,1,,,,,0,,V,,,,,0,,,0,33,0,0,,0,,,,,,0,,,,,,,,,0,,,,,,,,
8479472,,Alex Globke,Globke,C,DET,500000,0,,,,,0,,A,,,,,0,,,0,40,0,0,,0,,,,,,0,,,,,,,,,0,,,,,,,,
8484437,,Olof Glifford,Glifford,G,FLA,500000,1,,,,,0,,O,,,,,0,,,0,42,0,0,,0,,,,,,0,,,,,,,,,,,,,,,,,
8476822,,Luke Glendening,Glendening,C,TBL,1470000,1,4,8.134146,61,,0,,L,0,5,0,0,0,118,10:43,0,56,0,0,,0,30,82,,0,0,0,,-7,10,667.00,0,00:00,9,0,-590000,1,52,0,,,,,
8471185,,Curtis Glencross,Glencross,W,WSH,500000,0,,,,,0,,C,,,,,0,,,0,59,0,0,,0,,,,,,0,,,,,,,,,0,,,,,,,,
8479416,,Ben Gleason,Gleason,D,MIN,500000,1,,,,,0,,B,,,,,0,,,0,44,0,0,,0,,,,,,0,,,,,,,,,0,,,,,,,,
8469476,,Tim Gleason,Gleason,D,WSH,500000,0,,,,,0,,T,,,,,0,,,0,59,0,0,,0,,,,,,0,,,,,,,,,0,,,,,,,,
8480405,,Benjamin Gleason,Gleason,W,COL,500000,0,,,,,0,,B,,,,,0,,,0,37,0,0,,0,,,,,,0,,,,,,,,,0,,,,,,,,
8470628,,Konstantin Glazachev,Glazachev,W,NSH,500000,0,,,,,0,,K,,,,,0,,,0,48,0,0,,0,,,,,,0,,,,,,,,,0,,,,,,,,
8479996,,Cody Glass,Glass,C,NJD,2060000,1,16,13.714286,39,,0,,C,0,6,1,0,0,62,13:41,0,49,0,0,,0,33,70,,0,0,0,,-7,18,960.00,1,00:00,22,0,-20000,0,97,0,,,,,
8470854,,Tanner Glass,Glass,W,CAL,500000,0,,,,,0,,T,,,,,0,,,0,34,0,0,,0,,,,,,0,,,,,,,,,0,,,,,,,,
8471301,,Jeff Glass,Glass,G,CHI,500000,0,,,,,0,,J,,,,,0,,,0,36,0,0,,0,,,,,,0,,,,,,,,,0,,,,,,,,
8469562,,Evgeny Gladskikh,Gladskikh,W,VAN,500000,0,,,,,0,,E,,,,,0,,,0,58,0,0,,0,,,,,,0,,,,,,,,,0,,,,,,,,
8476858,,Phillip Di Giuseppe,Giuseppe,W,VAN,1900000,1,5,15.400000,6,,0,,P,0,1,0,0,0,54,11:34,0,58,0,0,,0,9,20,,0,0,0,,-2,4,308.00,0,00:00,6,0,-210000,0,23,0,,,,,
8473512,,Claude Giroux,Giroux,W,OTT,3920000,1,39,23.218391,41,,0,,C,0,16,3,0,0,71,18:09,0,50,0,0,,0,31,87,,0,0,0,,-5,18,2020.00,5,00:00,55,0,470000,0,146,0,,,,,
8480994,,Damien Giroux,Giroux,C,MIN,500000,0,,,,,0,,D,,,,,0,,,0,44,0,0,,0,,,,,,0,,,,,,,,,0,,,,,,,,
8476878,,Zemgus Girgensons,Girgensons,C,TBL,1620000,1,4,10.126437,47,,0,,Z,0,2,1,0,0,187,11:37,0,56,0,0,,0,31,87,,0,0,0,,-7,47,881.00,0,00:00,6,0,1120000,0,86,0,,,,,
8471958,,Dan Girardi,Girardi,D,TBL,500000,0,,,,,0,,D,,,,,0,,,0,56,0,0,,0,,,,,,0,,,,,,,,,0,,,,,,,,
8479398,,Samuel Girard,Girard,D,COL,2850000,1,23,17.575000,105,,0,,S,0,4,2,0,0,70,20:34,0,37,1,0,20251004,0,27,80,,1,0,0,,9,14,1406.00,0,00:00,27,0,-990000,0,102,0,,,,2025-10-02,2025-10-02
8477058,,Felix Girard,Girard,C,COL,500000,0,,,,,0,,F,,,,,0,,,0,37,0,0,,0,,,,,,0,,,,,,,,,0,,,,,,,,
8470966,,Mark Giordano,Giordano,D,TOR,500000,0,,,,,0,,M,,,,,0,,,0,57,0,0,,0,,,,,,0,,,,,,,,,-2610000,,,,,,,,
8467407,,Brian Gionta,Gionta,W,BOS,500000,0,,,,,0,,B,,,,,0,,,0,32,0,0,,0,,,,,,0,,,,,,,,,0,,,,,,,,
8472410,,Stephen Gionta,Gionta,C,NYI,500000,0,,,,,0,,S,,,,,0,,,0,46,0,0,,0,,,,,,0,,,,,,,,,0,,,,,,,,
8480874,,Adam Ginning,Ginning,D,PHI,500000,1,0,-6.000000,1,,0,,A,0,0,0,0,0,1,12:48,0,51,0,0,,0,1,1,,0,0,0,,-1,0,-6.00,0,00:00,0,0,0,0,0,0,,,,,
8482974,,Riley Ginnell,Ginnell,W,STL,500000,0,,,,,0,,R,,,,,0,,,0,55,0,0,,0,,,,,,0,,,,,,,,,0,,,,,,,,
8470758,,Sergei Gimayev,Gimayev,D,OTT,500000,0,,,,,0,,S,,,,,0,,,0,50,0,0,,0,,,,,,0,,,,,,,,,0,,,,,,,,
8476972,,Adam Gilmour,Gilmour,C,MIN,500000,0,,,,,0,,A,,,,,0,,,0,44,0,0,,0,,,,,,0,,,,,,,,,0,,,,,,,,
8477337,,John Gilmour,Gilmour,D,BUF,500000,0,,,,,0,,J,,,,,0,,,0,33,0,0,,0,,,,,,0,,,,,,,,,0,,,,,,,,
8480262,,Brady Gilmour,Gilmour,C,DET,500000,0,,,,,0,,B,,,,,0,,,0,40,0,0,,0,,,,,,0,,,,,,,,,0,,,,,,,,
8482753,,Liam Gilmartin,Gilmartin,W,SJS,500000,0,,,,,0,,L,,,,,0,,,0,54,0,0,,0,,,,,,0,,,,,,,,,0,,,,,,,,
8476903,,Jon Gillies,Gillies,G,CBJ,500000,0,,,,,0,,J,,,,,0,,,0,38,0,0,,0,,,,,,0,,,,,,,,,0,,,,,,,,
8483692,,Dyllan Gill,Gill,D,TBL,500000,1,,,,,0,,D,,,,,0,,,0,56,0,0,,0,,,,,,0,,,,,,,,,,,,,,,,,
8484804,,Spencer Gill,Gill,D,PHI,500000,1,,,,,0,,S,,,,,0,,,0,51,0,0,,0,,,,,,0,,,,,,,,,,,,,,,,,
8480825,,Patrick Giles,Giles,W,SJS,560000,1,0,4.647059,7,,0,,P,0,1,0,0,0,20,09:14,0,54,0,0,,0,6,17,,0,0,0,,-3,0,79.00,0,00:00,1,0,,0,15,0,,,,,
8480059,,Maxwell Gildon,Gildon,D,FLA,500000,0,,,,,0,,M,,,,,0,,,0,42,0,0,,0,,,,,,0,,,,,,,,,0,,,,,,,,
8478502,,Dennis Gilbert,Gilbert,D,OTT,2060000,1,6,16.620690,34,,0,,D,0,0,0,0,0,63,10:29,0,50,0,0,,0,12,29,,0,0,0,,-3,50,482.00,0,00:00,6,0,1480000,0,9,0,,,,,
8470104,,Tom Gilbert,Gilbert,D,LAK,500000,0,,,,,0,,T,,,,,0,,,0,43,0,0,,0,,,,,,0,,,,,,,,,0,,,,,,,,
8479330,,Brandon Gignac,Gignac,C,MTL,500000,0,,,,,0,,B,,,,,0,,,0,45,0,0,,0,,,,,,0,,,,,,,,,0,,,,,,,,
8485044,,Marcus GidlÃ¶f,GidlÃ¶f,G,NYI,500000,1,,,,,0,,M,,,,,0,,,0,46,0,0,,0,,,,,,0,,,,,,,,,,,,,,,,,
8476434,,John Gibson,Gibson,G,ANA,4450000,1,1,35.344828,0,,0,,J,72,0,0,11,0,0,53:52,0,31,0,0,,0,14,29,,0,2,0,,0,0,1025.00,0,00:00,1,740,360000,0,0,0,,91.1,,,
8484174,,Andrew Gibson,Gibson,D,NSH,500000,1,,,,,0,,A,,,,,0,,,0,48,0,0,,0,,,,,,0,,,,,,,,,,,,,,,,,
8476444,,Christopher Gibson,Gibson,G,FLA,500000,0,,,,,0,,C,,,,,0,,,0,42,0,0,,0,,,,,,0,,,,,,,,,-520000,,,,,,,,
8481064,,Mitchell Gibson,Gibson,G,WSH,500000,0,,,,,0,,M,,,,,0,,,0,59,0,0,,0,,,,,,0,,,,,,,,,0,,,,,,,,
8476207,,Brian Gibbons,Gibbons,C,CAR,500000,0,,,,,0,,B,,,,,0,,,0,35,0,0,,0,,,,,,0,,,,,,,,,0,,,,,,,,
8478939,,Daniel Gibb,Gibb,D,WSH,500000,0,,,,,0,,D,,,,,0,,,0,59,0,0,,0,,,,,,0,,,,,,,,,0,,,,,,,,
8470612,,Ryan Getzlaf,Getzlaf,C,ANA,500000,0,,,,,0,,R,,,,,0,,,0,31,0,0,,0,,,,,,0,,,,,,,,,-1670000,,,,,,,,
8479364,,Tim Gettinger,Gettinger,W,DET,500000,0,,,,,0,,T,,,,,0,,,0,40,0,0,,0,,,,,,0,,,,,,,,,0,,,,,,,,
8478063,,Shane Gersich,Gersich,W,WSH,500000,0,,,,,0,,S,,,,,0,,,0,59,0,0,,0,,,,,,0,,,,,,,,,0,,,,,,,,
8485133,,William Gerrior,Gerrior,W,PIT,500000,0,,,,,0,,W,,,,,0,,,0,53,0,0,,0,,,,,,0,,,,,,,,,,,,,,,,,
8476364,,Martin Gernat,Gernat,D,EDM,500000,0,,,,,0,,M,,,,,0,,,0,41,0,0,,0,,,,,,0,,,,,,,,,0,,,,,,,,
8480443,,Maxwell Gerlach,Gerlach,C,WPG,500000,0,,,,,0,,M,,,,,0,,,0,60,0,0,,0,,,,,,0,,,,,,,,,0,,,,,,,,
8471804,,Nathan Gerbe,Gerbe,C,CBJ,500000,0,,,,,0,,N,,,,,0,,,0,38,0,0,,0,,,,,,0,,,,,,,,,-630000,,,,,,,,
8482914,,Kirill Gerasimyuk,Gerasimyuk,G,FLA,500000,1,,,,,0,,K,,,,,0,,,0,42,0,0,,0,,,,,,0,,,,,,,,,0,,,,,,,,
8480382,,Alexandar Georgiev,Georgiev,G,SJS,1890000,1,1,14.408163,0,,0,,A,165,0,0,15,0,0,54:32,0,54,0,0,,0,27,49,,0,4,0,,0,0,706.00,0,00:00,1,1153,-3160000,0,0,0,,87.5,,,
8483448,,Isaiah George,George,D,NYI,1070000,1,4,8.454545,33,,0,,I,0,1,1,0,0,14,15:39,0,46,0,0,,0,12,33,,0,0,0,,-3,6,279.00,0,00:00,5,0,,0,26,0,,,,,
8484857,,Carter George,George,G,LAK,500000,1,,,,,0,,C,,,,,0,,,0,43,0,0,,0,,,,,,0,,,,,,,,,,,,,,,,,
8478918,,Matteo Gennaro,Gennaro,C,WPG,500000,0,,,,,0,,M,,,,,0,,,0,60,0,0,,0,,,,,,0,,,,,,,,,0,,,,,,,,
8483697,,Alexis Gendron,Gendron,W,PHI,500000,1,,,,,0,,A,,,,,0,,,0,51,0,0,,0,,,,,,0,,,,,,,,,,,,,,,,,
8478001,,Miles Gendron,Gendron,D,OTT,500000,0,,,,,0,,M,,,,,0,,,0,50,0,0,,0,,,,,,0,,,,,,,,,0,,,,,,,,
8485394,,Eddie Genborg,Genborg,W,DET,500000,1,,,,,0,,E,,,,,0,,,0,40,0,0,,0,,,,,,0,,,,,,,,,,,,,,,,,
8485704,,Remi Gelinas,Gelinas,C,VGK,500000,1,,,,,0,,R,,,,,0,,,0,62,0,0,,0,,,,,,0,,,,,,,,,,,,,,,,,
8475199,,Eric Gelinas,Gelinas,D,COL,500000,0,,,,,0,,E,,,,,0,,,0,37,0,0,,0,,,,,,0,,,,,,,,,0,,,,,,,,
8478138,,Guillaume Gelinas,Gelinas,D,MIN,500000,0,,,,,0,,G,,,,,0,,,0,44,0,0,,0,,,,,,0,,,,,,,,,0,,,,,,,,
8480283,,Tobias Geisser,Geisser,D,WSH,500000,1,,,,,0,,T,,,,,0,,,0,59,0,0,,0,,,,,,0,,,,,,,,,0,,,,,,,,
8477419,,Mason Geertsen,Geertsen,W,VGK,500000,1,,,,,0,,M,,,,,0,,,0,62,0,0,,0,,,,,,0,,,,,,,,,0,,,,,,,,
8479987,,Morgan Geekie,Geekie,C,BOS,4030000,1,24,28.987013,29,,0,,M,0,33,4,0,0,108,16:55,0,32,0,0,,0,36,77,,0,0,0,,3,22,2232.00,4,00:00,57,0,2530000,0,151,0,,,,,
8483447,,Conor Geekie,Geekie,C,TBL,2350000,1,7,15.125000,27,,0,,C,0,8,3,0,0,105,12:20,0,56,0,0,,0,24,56,,0,0,0,,-4,18,847.00,1,00:00,15,0,,0,62,0,,,,,
8485066,,Patrick Geary,Geary,D,BUF,500000,1,,,,,0,,P,,,,,0,,,0,33,0,0,,0,,,,,,0,,,,,,,,,,,,,,,,,
8473989,,Luke Gazdic,Gazdic,W,CAL,500000,0,,,,,0,,L,,,,,0,,,0,34,0,0,,0,,,,,,0,,,,,,,,,0,,,,,,,,
8474179,,Sergei Gayduchenko,Gayduchenko,G,FLA,500000,0,,,,,0,,S,,,,,0,,,0,42,0,0,,0,,,,,,0,,,,,,,,,0,,,,,,,,
8485474,,Cooper Gay,Gay,W,COL,500000,1,,,,,0,,C,,,,,0,,,0,37,0,0,,0,,,,,,0,,,,,,,,,,,,,,,,,
8478446,,Glenn Gawdin,Gawdin,C,LAK,500000,1,,,,,0,,G,,,,,0,,,0,43,0,0,,0,,,,,,0,,,,,,,,,-130000,,,,,,,,
8480219,,Leon Gawanke,Gawanke,D,WPG,500000,0,,,,,0,,L,,,,,0,,,0,60,0,0,,0,,,,,,0,,,,,,,,,0,,,,,,,,
8476993,,Artur Gavrus,Gavrus,C,NJD,500000,0,,,,,0,,A,,,,,0,,,0,49,0,0,,0,,,,,,0,,,,,,,,,0,,,,,,,,
8478882,,Vladislav Gavrikov,Gavrikov,D,NYR,3200000,1,27,19.886364,135,,0,,V,0,5,0,0,0,53,22:57,0,47,0,0,,0,28,88,,0,0,0,,25,30,1750.00,0,00:00,32,0,1840000,0,117,0,,,,,
8484889,,William Gavin,Gavin,W,UTA,500000,0,,,,,0,,W,,,,,0,,,0,64,0,0,,0,,,,,,0,,,,,,,,,,,,,,,,,
8479328,,Julien Gauthier,Gauthier,W,NYI,500000,1,0,4.000000,0,,0,,J,0,0,0,0,0,2,07:42,0,46,0,0,,0,0,1,,0,0,0,,0,0,4.00,0,00:00,0,0,-1090000,0,0,0,,,,,
8483445,,Cutter Gauthier,Gauthier,W,ANA,3310000,1,23,23.585366,49,,0,,C,0,20,3,0,0,68,14:09,0,31,0,0,,0,37,82,,2,0,0,,8,20,1934.00,2,00:00,43,0,,0,190,0,,,,,
8484173,,Ethan Gauthier,Gauthier,W,TBL,500000,1,,,,,0,,E,,,,,0,,,0,56,0,0,,0,,,,,,0,,,,,,,,,,,,,,,,,
8477512,,Frederik Gauthier,Gauthier,C,ARI,500000,0,,,,,0,,F,,,,,0,,,0,52,0,0,,0,,,,,,0,,,,,,,,,-50000,,,,,,,,
8481526,,Taylor Gauthier,Gauthier,G,PIT,500000,0,,,,,0,,T,,,,,0,,,0,53,0,0,,0,,,,,,0,,,,,,,,,0,,,,,,,,
8468700,,Paul Gaustad,Gaustad,C,NSH,500000,0,,,,,0,,P,,,,,0,,,0,48,0,0,,0,,,,,,0,,,,,,,,,0,,,,,,,,
8476867,,Brendan Gaunce,Gaunce,C,MIN,640000,1,1,5.750000,7,,0,,B,0,0,0,0,0,18,09:42,0,44,0,0,,0,6,12,,0,0,0,,-4,4,69.00,0,00:00,1,0,140000,0,11,0,,,,,
8474611,,Cameron Gaunce,Gaunce,D,TBL,500000,0,,,,,0,,C,,,,,0,,,0,56,0,0,,0,,,,,,0,,,,,,,,,0,,,,,,,,
8477919,,Frederick Gaudreau,Gaudreau,C,MIN,2660000,1,19,17.034091,64,,0,,F,0,18,2,0,0,55,15:35,0,44,0,0,,0,32,88,,0,0,0,,0,8,1499.00,5,00:00,37,0,-100000,0,111,0,,,,,
8476346,,Johnny Gaudreau,Gaudreau,W,CBJ,500000,0,,,,,0,,J,,,,,0,,,0,38,0,0,,0,,,,,,0,,,,,,,,,-3350000,,,,,,,,
8480077,,Matt Gaudreau,Gaudreau,W,FA,500000,0,,,,,0,,M,,,,,0,,,0,0,0,0,,0,,,,,,0,,,,,,,,,0,,,,,,,,
8482729,,Benjamin Gaudreau,Gaudreau,G,CHI,500000,0,,,,,0,,B,,,,,0,,,0,36,0,0,,0,,,,,,0,,,,,,,,,0,,,,,,,,
8478874,,Adam Gaudette,Gaudette,W,SJS,2640000,1,9,16.425287,31,,0,,A,0,20,4,0,0,77,10:21,0,54,0,0,,0,31,87,,0,0,0,,14,16,1429.00,3,00:00,29,0,1480000,0,95,0,,,,,
8483764,,Marc-Andre Gaudet,Gaudet,D,STL,500000,1,,,,,0,,M,,,,,0,,,0,55,0,0,,0,,,,,,0,,,,,,,,,,,,,,,,,
8477715,,Tyler Gaudet,Gaudet,C,NSH,500000,0,,,,,0,,T,,,,,0,,,0,48,0,0,,0,,,,,,0,,,,,,,,,0,,,,,,,,
8481848,,Jacob Gaucher,Gaucher,C,PHI,510000,1,0,4.500000,2,,0,,J,0,0,0,0,0,4,07:21,0,51,0,0,,0,2,4,,0,0,0,,0,0,18.00,0,00:00,0,0,,0,3,0,,,,,
8483444,,Nathan Gaucher,Gaucher,C,ANA,500000,1,,,,,0,,N,,,,,0,,,0,31,0,0,,0,,,,,,0,,,,,,,,,,,,,,,,,
8483553,,Marc Gatcomb,Gatcomb,C,NYI,2260000,1,1,17.025641,23,,0,,M,0,8,1,0,0,149,09:47,0,46,0,0,,0,16,39,,0,0,0,,-4,11,664.00,0,00:00,9,0,,0,41,0,,,,,
8485393,,Milton Gastrin,Gastrin,C,WSH,500000,1,,,,,0,,M,,,,,0,,,0,59,0,0,,0,,,,,,0,,,,,,,,,,,,,,,,,
8482776,,Andre Gasseau,Gasseau,C,BOS,500000,1,,,,,0,,A,,,,,0,,,0,32,0,0,,0,,,,,,0,,,,,,,,,0,,,,,,,,
8479457,,Michael Garteig,Garteig,G,VAN,500000,0,,,,,0,,M,,,,,0,,,0,58,0,0,,0,,,,,,0,,,,,,,,,0,,,,,,,,
8474520,,Jason Garrison,Garrison,D,CHI,500000,0,,,,,0,,J,,,,,0,,,0,36,0,0,,0,,,,,,0,,,,,,,,,0,,,,,,,,
8478856,,Conor Garland,Garland,W,VAN,3480000,1,31,24.876543,57,,0,,C,0,19,4,0,0,49,18:39,0,58,0,0,,0,30,81,,2,0,0,,-12,52,2015.00,7,00:00,50,0,-280000,0,171,0,,,,,
8483694,,Daimon Gardner,Gardner,C,VAN,500000,1,,,,,0,,D,,,,,0,,,0,58,0,0,,0,,,,,,0,,,,,,,,,,,,,,,,,
8484997,,Evan Gardner,Gardner,G,CBJ,500000,1,,,,,0,,E,,,,,0,,,0,38,0,0,,0,,,,,,0,,,,,,,,,,,,,,,,,
8479587,,Rhett Gardner,Gardner,C,PHI,500000,0,,,,,0,,R,,,,,0,,,0,51,0,0,,0,,,,,,0,,,,,,,,,-170000,,,,,,,,
8474581,,Jake Gardiner,Gardiner,D,CAR,500000,0,,,,,0,,J,,,,,0,,,0,35,0,0,,0,,,,,,0,,,,,,,,,-1280000,,,,,,,,
8478184,,Reid Gardiner,Gardiner,W,VAN,500000,0,,,,,0,,R,,,,,0,,,0,58,0,0,,0,,,,,,0,,,,,,,,,0,,,,,,,,
8484172,,Brad Gardiner,Gardiner,C,DAL,500000,0,,,,,0,,B,,,,,0,,,0,39,0,0,,0,,,,,,0,,,,,,,,,,,,,,,,,
8485392,,Matthew Gard,Gard,C,PHI,500000,1,,,,,0,,M,,,,,0,,,0,51,0,0,,0,,,,,,0,,,,,,,,,,,,,,,,,
8478968,,Christopher Garcia,Garcia,D,ANA,500000,0,,,,,0,,C,,,,,0,,,0,31,0,0,,0,,,,,,0,,,,,,,,,0,,,,,,,,
8476116,,Ryan Garbutt,Garbutt,C,ANA,500000,0,,,,,0,,R,,,,,0,,,0,31,0,0,,0,,,,,,0,,,,,,,,,0,,,,,,,,
8478527,,Matt Garbowsky,Garbowsky,C,BUF,500000,0,,,,,0,,M,,,,,0,,,0,33,0,0,,0,,,,,,0,,,,,,,,,0,,,,,,,,
8482193,,Dylan Garand,Garand,G,NYR,500000,1,,,,,0,,D,,,,,0,,,0,47,0,0,,0,,,,,,0,,,,,,,,,0,,,,,,,,
8477388,,Tyler Ganly,Ganly,D,CAR,500000,0,,,,,0,,T,,,,,0,,,0,35,0,0,,0,,,,,,0,,,,,,,,,0,,,,,,,,
8485020,,Dmitry Gamzin,Gamzin,G,NYI,500000,1,,,,,0,,D,,,,,0,,,0,46,0,0,,0,,,,,,0,,,,,,,,,,,,,,,,,
8479580,,Dylan Gambrell,Gambrell,C,CBJ,500000,0,,,,,0,,D,,,,,0,,,0,38,0,0,,0,,,,,,0,,,,,,,,,-920000,,,,,,,,
8479970,,Joseph Gambardella,Gambardella,C,NJD,500000,0,,,,,0,,J,,,,,0,,,0,49,0,0,,0,,,,,,0,,,,,,,,,0,,,,,,,,
8480231,,Jakub Galvas,Galvas,D,CHI,500000,0,,,,,0,,J,,,,,0,,,0,36,0,0,,0,,,,,,0,,,,,,,,,0,,,,,,,,
8482878,,Tyson Galloway,Galloway,D,STL,500000,0,,,,,0,,T,,,,,0,,,0,55,0,0,,0,,,,,,0,,,,,,,,,0,,,,,,,,
8485676,,Richard Gallant,Gallant,W,SJS,500000,1,,,,,0,,R,,,,,0,,,0,54,0,0,,0,,,,,,0,,,,,,,,,,,,,,,,,
8474236,,Brett Gallant,Gallant,W,CBJ,500000,0,,,,,0,,B,,,,,0,,,0,38,0,0,,0,,,,,,0,,,,,,,,,0,,,,,,,,
8480016,,Zach Gallant,Gallant,C,SJS,500000,0,,,,,0,,Z,,,,,0,,,0,54,0,0,,0,,,,,,0,,,,,,,,,0,,,,,,,,
8475848,,Brendan Gallagher,Gallagher,W,MTL,2950000,1,19,19.160920,37,,0,,B,0,21,1,0,0,107,14:01,0,45,0,0,,0,33,87,,0,0,0,,-13,39,1667.00,5,00:00,40,0,-1600000,0,161,0,,,,,
8482719,,Ty Gallagher,Gallagher,D,BOS,500000,1,,,,,0,,T,,,,,0,,,0,32,0,0,,0,,,,,,0,,,,,,,,,0,,,,,,,,
8475823,,Benjamin Gallacher,Gallacher,D,FLA,500000,0,,,,,0,,B,,,,,0,,,0,42,0,0,,0,,,,,,0,,,,,,,,,0,,,,,,,,
8482485,,Artyom Galimov,Galimov,W,ANA,500000,1,,,,,0,,A,,,,,0,,,0,31,0,0,,0,,,,,,0,,,,,,,,,0,,,,,,,,
8477347,,Emil Galimov,Galimov,W,SJS,500000,0,,,,,0,,E,,,,,0,,,0,54,0,0,,0,,,,,,0,,,,,,,,,0,,,,,,,,
8475816,,Stanislav Galiev,Galiev,W,WSH,500000,0,,,,,0,,S,,,,,0,,,0,59,0,0,,0,,,,,,0,,,,,,,,,0,,,,,,,,
8474001,,TJ Galiardi,Galiardi,W,WPG,500000,0,,,,,0,,T,,,,,0,,,0,60,0,0,,0,,,,,,0,,,,,,,,,0,,,,,,,,
8476851,,Alex Galchenyuk,Galchenyuk,C,COL,500000,0,,,,,0,,A,,,,,0,,,0,37,0,0,,0,,,,,,0,,,,,,,,,-2020000,,,,,,,,
8484171,,Adam Gajan,Gajan,G,CHI,500000,1,,,,,0,,A,,,,,0,,,0,36,0,0,,0,,,,,,0,,,,,,,,,,,,,,,,,
8481743,,Marc Del Gaizo,Gaizo,D,MTL,1850000,1,7,14.217391,52,,0,,M,0,2,0,0,0,70,16:45,0,45,0,0,,0,24,46,,0,0,0,,-3,21,654.00,0,00:00,9,0,1350000,0,76,0,,,,,
8484585,,Felix Gagnon,Gagnon,C,SJS,500000,0,,,,,0,,F,,,,,0,,,0,54,0,0,,0,,,,,,0,,,,,,,,,,,,,,,,,
8474040,,Sam Gagner,Gagner,C,EDM,500000,0,,,,,0,,S,,,,,0,,,0,41,0,0,,0,,,,,,0,,,,,,,,,-1470000,,,,,,,,
8482942,,Alex Gagne,Gagne,D,COL,500000,1,,,,,0,,A,,,,,0,,,0,37,0,0,,0,,,,,,0,,,,,,,,,0,,,,,,,,
8467346,,Simon Gagne,Gagne,W,BOS,500000,0,,,,,0,,S,,,,,0,,,0,32,0,0,,0,,,,,,0,,,,,,,,,0,,,,,,,,
8477081,,Kevin Gagne,Gagne,D,ANA,500000,0,,,,,0,,K,,,,,0,,,0,31,0,0,,0,,,,,,0,,,,,,,,,0,,,,,,,,
8478410,,Gabriel Gagne,Gagne,W,TOR,500000,0,,,,,0,,G,,,,,0,,,0,57,0,0,,0,,,,,,0,,,,,,,,,0,,,,,,,,
8479981,,Jonah Gadjovich,Gadjovich,W,FLA,2690000,1,1,17.241379,31,,0,,J,0,6,2,0,0,189,08:13,0,42,0,0,,0,17,58,,0,0,0,,-4,93,1000.00,0,00:00,7,0,2190000,0,53,0,,,,,
8482887,,Hugo Gabrielsson,Gabrielsson,D,VAN,500000,0,,,,,0,,H,,,,,0,,,0,58,0,0,,0,,,,,,0,,,,,,,,,0,,,,,,,,
8478456,,Jesse Gabrielle,Gabrielle,W,BOS,500000,0,,,,,0,,J,,,,,0,,,0,32,0,0,,0,,,,,,0,,,,,,,,,0,,,,,,,,
8483541,,Grant Gabriele,Gabriele,D,BOS,500000,0,,,,,0,,G,,,,,0,,,0,32,0,0,,0,,,,,,0,,,,,,,,,,,,,,,,,
8476545,,Kurtis Gabriel,Gabriel,W,TOR,500000,0,,,,,0,,K,,,,,0,,,0,57,0,0,,0,,,,,,0,,,,,,,,,-1840000,,,,,,,,
8468483,,Marian Gaborik,Gaborik,W,TBL,500000,0,,,,,0,,M,,,,,0,,,0,56,0,0,,0,,,,,,0,,,,,,,,,0,,,,,,,,
8485094,,Denis Gabdrakhmanov,Gabdrakhmanov,G,FLA,500000,1,,,,,0,,D,,,,,0,,,0,42,0,0,,0,,,,,,0,,,,,,,,,,,,,,,,,
8485618,,Mikhail Fyodorov,Fyodorov,W,STL,500000,1,,,,,0,,M,,,,,0,,,0,55,0,0,,0,,,,,,0,,,,,,,,,,,,,,,,,
8482522,,John Fusco,Fusco,D,TOR,500000,0,,,,,0,,J,,,,,0,,,0,57,0,0,,0,,,,,,0,,,,,,,,,0,,,,,,,,
8483745,,Jake Furlong,Furlong,D,SJS,500000,1,,,,,0,,J,,,,,0,,,0,54,0,0,,0,,,,,,0,,,,,,,,,,,,,,,,,
8484757,,Zac Funk,Funk,W,WSH,500000,1,,,,,0,,Z,,,,,0,,,0,59,0,0,,0,,,,,,0,,,,,,,,,,,,,,,,,
8485593,,Linus Funck,Funck,D,COL,500000,1,,,,,0,,L,,,,,0,,,0,37,0,0,,0,,,,,,0,,,,,,,,,,,,,,,,,
8484263,,Aidan Fulp,Fulp,D,NYI,500000,0,,,,,0,,A,,,,,0,,,0,46,0,0,,0,,,,,,0,,,,,,,,,,,,,,,,,
8480363,,Kaden Fulcher,Fulcher,G,DET,500000,0,,,,,0,,K,,,,,0,,,0,40,0,0,,0,,,,,,0,,,,,,,,,0,,,,,,,,
8485691,,Jaxon Fuder,Fuder,C,DAL,500000,1,,,,,0,,J,,,,,0,,,0,39,0,0,,0,,,,,,0,,,,,,,,,,,,,,,,,
8477457,,Zach Fucale,Fucale,G,WSH,500000,0,,,,,0,,Z,,,,,0,,,0,59,0,0,,0,,,,,,0,,,,,,,,,0,,,,,,,,
8480028,,Morgan Frost,Frost,C,CAL,2470000,1,23,17.592593,58,,0,,M,0,14,2,0,0,69,15:45,0,34,0,0,,0,30,81,,0,0,0,,-17,22,1425.00,2,00:00,37,0,1970000,0,145,0,,,,,
8479037,,Jiri Fronk,Fronk,W,WPG,500000,0,,,,,0,,J,,,,,0,,,0,60,0,0,,0,,,,,,0,,,,,,,,,0,,,,,,,,
8485391,,Anton Frondell,Frondell,C,CHI,2900000,1,,,,,0,,A,,,,,0,,,0,36,0,0,,0,,,,,,0,,,,,,,,,,,,,,,,,
8484518,,Robbie Fromm-Delorme,Fromm-Delorme,W,VGK,500000,0,,,,,0,,R,,,,,0,,,0,62,0,0,,0,,,,,,0,,,,,,,,,,,,,,,,,
8479535,,Mathias From,From,W,CHI,500000,0,,,,,0,,M,,,,,0,,,0,36,0,0,,0,,,,,,0,,,,,,,,,0,,,,,,,,
8485561,,Semyon Frolov,Frolov,G,CAR,500000,1,,,,,0,,S,,,,,0,,,0,35,0,0,,0,,,,,,0,,,,,,,,,,,,,,,,,
8473564,,Michael Frolik,Frolik,W,BUF,500000,0,,,,,0,,M,,,,,0,,,0,33,0,0,,0,,,,,,0,,,,,,,,,0,,,,,,,,
8475278,,Byron Froese,Froese,C,VGK,500000,0,,,,,0,,B,,,,,0,,,0,62,0,0,,0,,,,,,0,,,,,,,,,-380000,,,,,,,,
8482834,,Jesper Froden,Froden,W,SEA,500000,0,,,,,0,,J,,,,,0,,,0,63,0,0,,0,,,,,,0,,,,,,,,,0,,,,,,,,
8476924,,Martin Frk,Frk,W,CAL,500000,1,,,,,0,,M,,,,,0,,,0,34,0,0,,0,,,,,,0,,,,,,,,,0,,,,,,,,
8479206,,Tanner Fritz,Fritz,C,NYI,500000,0,,,,,0,,T,,,,,0,,,0,46,0,0,,0,,,,,,0,,,,,,,,,0,,,,,,,,
8484246,,Ethan Frisch,Frisch,D,SJS,500000,0,,,,,0,,E,,,,,0,,,0,54,0,0,,0,,,,,,0,,,,,,,,,,,,,,,,,
8475836,,Alex Friesen,Friesen,C,STL,500000,0,,,,,0,,A,,,,,0,,,0,55,0,0,,0,,,,,,0,,,,,,,,,0,,,,,,,,
8479567,,Jacob Friend,Friend,D,LAK,500000,0,,,,,0,,J,,,,,0,,,0,43,0,0,,0,,,,,,0,,,,,,,,,0,,,,,,,,
8478017,,Mark Friedman,Friedman,D,VAN,500000,1,0,4.000000,5,,0,,M,0,0,0,0,0,6,14:04,0,58,0,0,,0,3,5,,0,0,0,,-4,10,20.00,0,00:00,0,0,-1010000,0,4,0,,,,,
8476384,,Max Friberg,Friberg,W,MTL,500000,0,,,,,0,,M,,,,,0,,,0,45,0,0,,0,,,,,,0,,,,,,,,,0,,,,,,,,
8480399,,Christian Frey,Frey,G,FA,500000,0,,,,,0,,C,,,,,0,,,0,0,0,0,,0,,,,,,0,,,,,,,,,0,,,,,,,,
8484854,,Alfons Freij,Freij,D,WPG,500000,1,,,,,0,,A,,,,,0,,,0,60,0,0,,0,,,,,,0,,,,,,,,,,,,,,,,,
8479365,,Trent Frederic,Frederic,C,EDM,2800000,1,10,16.575000,43,,0,,T,0,9,1,0,0,240,13:05,0,41,0,0,,0,30,80,,0,0,0,,-15,69,1326.00,1,00:00,19,0,1180000,0,99,0,,,,,
8474192,,Matt Frattin,Frattin,W,TOR,500000,0,,,,,0,,M,,,,,0,,,0,57,0,0,,0,,,,,,0,,,,,,,,,0,,,,,,,,
8470662,,Colin Fraser,Fraser,C,STL,500000,0,,,,,0,,C,,,,,0,,,0,55,0,0,,0,,,,,,0,,,,,,,,,0,,,,,,,,
8471748,,Mark Fraser,Fraser,D,EDM,500000,0,,,,,0,,M,,,,,0,,,0,41,0,0,,0,,,,,,0,,,,,,,,,0,,,,,,,,
8475671,,Matt Fraser,Fraser,W,WPG,500000,0,,,,,0,,M,,,,,0,,,0,60,0,0,,0,,,,,,0,,,,,,,,,0,,,,,,,,
8480215,,Cole Fraser,Fraser,D,DET,500000,0,,,,,0,,C,,,,,0,,,0,40,0,0,,0,,,,,,0,,,,,,,,,0,,,,,,,,
8483000,,Jordan Frasca,Frasca,C,NSH,500000,0,,,,,0,,J,,,,,0,,,0,48,0,0,,0,,,,,,0,,,,,,,,,0,,,,,,,,
8483107,,Jacob Frasca,Frasca,C,TOR,500000,0,,,,,0,,J,,,,,0,,,0,57,0,0,,0,,,,,,0,,,,,,,,,0,,,,,,,,
8471309,,Johan Franzen,Franzen,W,DET,500000,0,,,,,0,,J,,,,,0,,,0,40,0,0,,0,,,,,,0,,,,,,,,,0,,,,,,,,
8471742,,Cody Franson,Franson,D,CHI,500000,0,,,,,0,,C,,,,,0,,,0,36,0,0,,0,,,,,,0,,,,,,,,,0,,,,,,,,
8484998,,Noel FransÃ©n,FransÃ©n,D,CAR,500000,1,,,,,0,,N,,,,,0,,,0,35,0,0,,0,,,,,,0,,,,,,,,,,,,,,,,,
8483573,,Ethen Frank,Frank,C,WSH,1930000,1,3,14.291667,16,,0,,E,0,4,1,0,0,11,10:49,0,59,0,0,,0,6,24,,0,0,0,,3,6,343.00,0,00:00,7,0,,0,23,0,,,,,
8480925,,Pavel Francouz,Francouz,G,COL,500000,0,,,,,0,,P,,,,,0,,,0,37,0,0,,0,,,,,,0,,,,,,,,,-5810000,,,,,,,,
8481727,,William Francis,Francis,D,ANA,500000,1,,,,,0,,W,,,,,0,,,0,31,0,0,,0,,,,,,0,,,,,,,,,0,,,,,,,,
8482112,,Ryan Francis,Francis,W,CAL,500000,0,,,,,0,,R,,,,,0,,,0,34,0,0,,0,,,,,,0,,,,,,,,,0,,,,,,,,
8478180,,Jason Fram,Fram,D,SJS,500000,0,,,,,0,,J,,,,,0,,,0,54,0,0,,0,,,,,,0,,,,,,,,,0,,,,,,,,
8479323,,Adam Fox,Fox,D,NYR,4400000,1,51,31.891892,92,,0,,A,0,10,2,0,0,40,23:15,0,47,0,0,,0,33,74,,0,0,0,,9,32,2360.00,1,00:00,61,0,-120000,1,135,0,,,,,
8477600,,Dane Fox,Fox,W,VAN,500000,0,,,,,0,,D,,,,,0,,,0,58,0,0,,0,,,,,,0,,,,,,,,,0,,,,,,,,
8475764,,Cam Fowler,Fowler,D,STL,4350000,1,39,25.800000,92,,0,,C,0,11,2,0,0,12,21:42,0,55,0,0,,0,29,75,,1,0,0,,14,14,1935.00,2,00:00,50,0,2290000,0,100,0,,,,,
8484170,,Jacob Fowler,Fowler,G,MTL,500000,1,,,,,0,,J,,,,,0,,,0,45,0,0,,0,,,,,,0,,,,,,,,,,,,,,,,,
8476508,,Stefan Fournier,Fournier,W,ARI,500000,0,,,,,0,,S,,,,,0,,,0,52,0,0,,0,,,,,,0,,,,,,,,,0,,,,,,,,
8476935,,Dillon Fournier,Fournier,D,CHI,500000,0,,,,,0,,D,,,,,0,,,0,36,0,0,,0,,,,,,0,,,,,,,,,0,,,,,,,,
8480853,,Liam Foudy,Foudy,C,NYI,500000,1,0,-3.000000,1,,0,,L,0,0,0,0,0,0,07:27,0,46,0,0,,0,1,2,,0,0,0,,-1,0,-6.00,0,00:00,0,0,-670000,0,1,0,,,,,
8482147,,Jean-Luc Foudy,Foudy,C,COL,500000,0,,,,,0,,J,,,,,0,,,0,37,0,0,,0,,,,,,0,,,,,,,,,0,,,,,,,,
8485599,,Aiden Foster,Foster,C,TBL,500000,1,,,,,0,,A,,,,,0,,,0,56,0,0,,0,,,,,,0,,,,,,,,,,,,,,,,,
8479138,,Scott Foster,Foster,G,CHI,500000,0,,,,,0,,S,,,,,0,,,0,36,0,0,,0,,,,,,0,,,,,,,,,0,,,,,,,,
8484456,,Cooper Foster,Foster,C,PIT,500000,0,,,,,0,,C,,,,,0,,,0,53,0,0,,0,,,,,,0,,,,,,,,,,,,,,,,,
8481497,,Brandon Fortunato,Fortunato,D,NSH,500000,0,,,,,0,,B,,,,,0,,,0,48,0,0,,0,,,,,,0,,,,,,,,,0,,,,,,,,
8479657,,Alexandre Fortin,Fortin,W,CHI,500000,0,,,,,0,,A,,,,,0,,,0,36,0,0,,0,,,,,,0,,,,,,,,,0,,,,,,,,
8480863,,Gabriel Fortier,Fortier,W,TBL,500000,1,,,,,0,,G,,,,,0,,,0,56,0,0,,0,,,,,,0,,,,,,,,,0,,,,,,,,
8484169,,Drew Fortescue,Fortescue,D,NYR,500000,1,,,,,0,,D,,,,,0,,,0,47,0,0,,0,,,,,,0,,,,,,,,,,,,,,,,,
8483674,,Simon Forsmark,Forsmark,D,CAR,500000,1,,,,,0,,S,,,,,0,,,0,35,0,0,,0,,,,,,0,,,,,,,,,,,,,,,,,
8485079,,Charlie Forslund,Forslund,W,DET,500000,1,,,,,0,,C,,,,,0,,,0,40,0,0,,0,,,,,,0,,,,,,,,,,,,,,,,,
8478055,,Gustav Forsling,Forsling,D,FLA,4120000,1,24,23.427184,117,,0,,G,0,12,2,0,0,115,23:01,0,42,0,0,,0,32,103,,1,0,0,,46,24,2413.00,0,00:00,36,0,990000,1,226,0,,,,,
8484463,,Zeb Forsfjall,Forsfjall,C,SEA,500000,1,,,,,0,,Z,,,,,0,,,0,63,0,0,,0,,,,,,0,,,,,,,,,,,,,,,,,
8482900,,Lucas Forsell,Forsell,W,VAN,500000,0,,,,,0,,L,,,,,0,,,0,58,0,0,,0,,,,,,0,,,,,,,,,0,,,,,,,,
8476341,,Anton Forsberg,Forsberg,G,OTT,4280000,1,0,33.966667,0,,0,,A,76,0,0,11,0,0,55:53,0,50,0,0,,0,15,30,,0,3,0,,0,0,1019.00,0,00:00,0,692,1500000,0,0,3,,90.1,,,
8476887,,Filip Forsberg,Forsberg,W,NSH,4970000,1,45,35.451220,49,,0,,F,0,31,3,0,0,150,18:38,0,48,0,0,,0,42,82,,0,0,0,,-26,44,2907.00,10,00:00,76,0,450000,0,281,0,,,,,
8480029,,Alex Formenton,Formenton,W,OTT,500000,1,,,,,0,,A,,,,,0,,,0,50,0,0,,0,,,,,,0,,,,,,,,,-1670000,,,,,,,,
8484135,,Parker Ford,Ford,C,WPG,940000,1,0,19.000000,1,,0,,P,0,1,0,0,0,5,07:50,0,60,0,0,,0,0,3,,0,0,0,,1,2,57.00,0,00:00,1,0,,0,2,0,,,,,
8475762,,Derek Forbort,Forbort,D,VAN,1700000,1,9,12.814815,67,,0,,D,0,2,1,0,0,65,17:06,0,58,0,0,,0,21,54,,0,0,0,,-8,45,692.00,0,00:00,11,0,-670000,0,39,0,,,,,
8481518,,Nolan Foote,Foote,W,FLA,810000,1,1,8.428571,1,,0,,N,0,0,0,0,0,11,09:49,0,42,0,0,,0,3,7,,0,0,0,,0,0,59.00,0,00:00,1,0,-110000,0,5,0,,,,,
8479984,,Callan Foote,Foote,D,NJD,500000,0,,,,,0,,C,,,,,0,,,0,49,1,0,Expected to be out until at least Sep 16,0,,,,,,0,,,,,,,,,-1150000,,,,,,,2024-05-06,2024-05-06
8480227,,Parker Foo,Foo,W,CHI,500000,0,,,,,0,,P,,,,,0,,,0,36,0,0,,0,,,,,,0,,,,,,,,,0,,,,,,,,
8480330,,Spencer Foo,Foo,W,CAL,500000,0,,,,,0,,S,,,,,0,,,0,34,0,0,,0,,,,,,0,,,,,,,,,0,,,,,,,,
8482506,,Gunnarwolfe Fontaine,Fontaine,W,TOR,500000,1,,,,,0,,G,,,,,0,,,0,57,0,0,,0,,,,,,0,,,,,,,,,0,,,,,,,,
8476235,,Justin Fontaine,Fontaine,W,MIN,500000,0,,,,,0,,J,,,,,0,,,0,44,0,0,,0,,,,,,0,,,,,,,,,0,,,,,,,,
8479002,,Gabriel Fontaine,Fontaine,C,NYR,500000,0,,,,,0,,G,,,,,0,,,0,47,0,0,,0,,,,,,0,,,,,,,,,0,,,,,,,,
8480809,,Cole Fonstad,Fonstad,C,MTL,500000,0,,,,,0,,C,,,,,0,,,0,45,0,0,,0,,,,,,0,,,,,,,,,0,,,,,,,,
8485390,,Conrad Fondrk,Fondrk,C,NJD,500000,1,,,,,0,,C,,,,,0,,,0,49,0,0,,0,,,,,,0,,,,,,,,,,,,,,,,,
8477850,,Christian Folin,Folin,D,MTL,500000,0,,,,,0,,C,,,,,0,,,0,45,0,0,,0,,,,,,0,,,,,,,,,0,,,,,,,,
8473422,,Nick Foligno,Foligno,W,CHI,2810000,1,19,20.205128,34,,0,,N,0,15,1,0,0,198,15:55,0,36,0,0,,0,45,78,,0,0,0,,-17,48,1576.00,2,00:00,34,0,-590000,2,104,0,,,,,
8475220,,Marcus Foligno,Foligno,W,MIN,4350000,1,16,25.421687,51,,0,,M,0,17,1,0,0,294,14:36,0,44,0,0,,0,30,83,,0,0,0,,11,81,2110.00,0,00:00,33,0,-610000,1,101,0,,,,,
8478497,,Erik Foley,Foley,W,STL,500000,0,,,,,0,,E,,,,,0,,,0,55,0,0,,0,,,,,,0,,,,,,,,,0,,,,,,,,
8476396,,Steven Fogarty,Fogarty,C,MIN,500000,0,,,,,0,,S,,,,,0,,,0,44,0,0,,0,,,,,,0,,,,,,,,,-920000,,,,,,,,
8482159,,Tyson Foerster,Foerster,W,PHI,3040000,1,18,22.172840,51,,0,,T,0,25,2,0,0,75,16:52,0,51,0,0,,0,37,81,,0,0,0,,-9,49,1796.00,6,00:00,43,0,2540000,0,141,0,,,,,
8477998,,Warren Foegele,Foegele,W,LAK,4740000,1,24,28.829545,43,,0,,W,0,25,7,0,0,93,16:20,0,43,0,0,,0,28,88,,0,0,0,,37,24,2537.00,1,00:00,49,0,2070000,0,224,0,,,,,
8481192,,Carson Focht,Focht,C,VAN,500000,0,,,,,0,,C,,,,,0,,,0,58,0,0,,0,,,,,,0,,,,,,,,,0,,,,,,,,
8476808,,Brian Flynn,Flynn,C,STL,500000,0,,,,,0,,B,,,,,0,,,0,55,0,0,,0,,,,,,0,,,,,,,,,0,,,,,,,,
8485217,,Joshua Fluker,Fluker,D,COL,500000,0,,,,,0,,J,,,,,0,,,0,37,0,0,,0,,,,,,0,,,,,,,,,,,,,,,,,
8481165,,Walter Flower,Flower,D,TBL,500000,0,,,,,0,,W,,,,,0,,,0,56,0,0,,0,,,,,,0,,,,,,,,,0,,,,,,,,
8483781,,Owen Flores,Flores,G,DET,500000,0,,,,,0,,O,,,,,0,,,0,40,0,0,,0,,,,,,0,,,,,,,,,,,,,,,,,
8477375,,Anthony Florentino,Florentino,D,BUF,500000,0,,,,,0,,A,,,,,0,,,0,33,0,0,,0,,,,,,0,,,,,,,,,0,,,,,,,,
8475845,,Justin Florek,Florek,W,NYI,500000,0,,,,,0,,J,,,,,0,,,0,46,0,0,,0,,,,,,0,,,,,,,,,0,,,,,,,,
8480812,,Eric Florchuk,Florchuk,C,WSH,500000,0,,,,,0,,E,,,,,0,,,0,59,0,0,,0,,,,,,0,,,,,,,,,0,,,,,,,,
8482951,,Cooper Flinton,Flinton,W,TBL,500000,1,,,,,0,,C,,,,,0,,,0,56,0,0,,0,,,,,,0,,,,,,,,,0,,,,,,,,
8478957,,Jack Flinn,Flinn,G,LAK,500000,0,,,,,0,,J,,,,,0,,,0,43,0,0,,0,,,,,,0,,,,,,,,,0,,,,,,,,
8475783,,Rob Flick,Flick,C,FLA,500000,0,,,,,0,,R,,,,,0,,,0,42,0,0,,0,,,,,,0,,,,,,,,,0,,,,,,,,
8470594,,Marc-Andre Fleury,Fleury,G,MIN,4990000,1,0,36.259259,0,,0,,M,69,0,0,14,0,0,52:23,0,44,0,0,,0,11,27,,0,2,0,,0,0,979.00,0,00:00,0,607,-4720000,0,0,1,,89.8,,,
8477938,,Haydn Fleury,Fleury,D,WPG,1580000,1,9,10.489362,59,,0,,H,0,0,0,0,0,64,15:49,0,60,0,0,,0,18,47,,0,0,0,,-10,14,493.00,0,00:00,9,0,640000,0,40,0,,,,,
8479985,,Cale Fleury,Fleury,D,SEA,1240000,1,1,12.785714,26,,0,,C,0,0,0,0,0,30,12:52,0,63,0,0,,0,6,14,,0,0,0,,1,0,179.00,0,00:00,1,0,740000,0,16,0,,,,,
8483829,,Joe Fleming,Fleming,W,VGK,500000,1,,,,,0,,J,,,,,0,,,0,62,0,0,,0,,,,,,0,,,,,,,,,,,,,,,,,
8484501,,Josh Fleming,Fleming,G,BUF,500000,0,,,,,0,,J,,,,,0,,,0,33,0,0,,0,,,,,,0,,,,,,,,,,,,,,,,,
8470039,,Tomas Fleischmann,Fleischmann,W,CHI,500000,0,,,,,0,,T,,,,,0,,,0,36,0,0,,0,,,,,,0,,,,,,,,,0,,,,,,,,
8482957,,Tarun Fizer,Fizer,W,COL,500000,0,,,,,0,,T,,,,,0,,,0,37,0,0,,0,,,,,,0,,,,,,,,,0,,,,,,,,
8479399,,Evan Fitzpatrick,Fitzpatrick,G,STL,500000,0,,,,,0,,E,,,,,0,,,0,55,0,0,,0,,,,,,0,,,,,,,,,0,,,,,,,,
8479578,,Casey Fitzgerald,Fitzgerald,D,NYR,500000,1,,,,,0,,C,,,,,0,,,0,47,0,0,,0,,,,,,0,,,,,,,,,0,,,,,,,,
8477352,,Ryan Fitzgerald,Fitzgerald,C,BOS,500000,0,,,,,0,,R,,,,,0,,,0,32,0,0,,0,,,,,,0,,,,,,,,,0,,,,,,,,
8478981,,Cavan Fitzgerald,Fitzgerald,D,SJS,500000,0,,,,,0,,C,,,,,0,,,0,54,0,0,,0,,,,,,0,,,,,,,,,0,,,,,,,,
8471241,,Mark Fistric,Fistric,D,ANA,500000,0,,,,,0,,M,,,,,0,,,0,31,0,0,,0,,,,,,0,,,,,,,,,0,,,,,,,,
8483443,,Michael Fisher,Fisher,D,SJS,500000,1,,,,,0,,M,,,,,0,,,0,54,0,0,,0,,,,,,0,,,,,,,,,,,,,,,,,
8483715,,James Fisher,Fisher,W,CBJ,500000,1,,,,,0,,J,,,,,0,,,0,38,0,0,,0,,,,,,0,,,,,,,,,,,,,,,,,
8485028,,Jake Fisher,Fisher,C,COL,500000,1,,,,,0,,J,,,,,0,,,0,37,0,0,,0,,,,,,0,,,,,,,,,,,,,,,,,
8467370,,Mike Fisher,Fisher,C,NSH,500000,0,,,,,0,,M,,,,,0,,,0,48,0,0,,0,,,,,,0,,,,,,,,,0,,,,,,,,
8478432,,Christian Fischer,Fischer,W,CBJ,1210000,1,6,9.304348,18,,0,,C,0,1,0,0,0,92,11:07,0,38,0,0,,0,20,46,,0,0,0,,-6,11,428.00,0,00:00,7,0,-360000,0,30,0,,,,,
8484167,,Paul Fischer,Fischer,D,EDM,500000,1,,,,,0,,P,,,,,0,,,0,41,0,0,,0,,,,,,0,,,,,,,,,,,,,,,,,
8484810,,Lukas Fischer,Fischer,D,STL,500000,1,,,,,0,,L,,,,,0,,,0,55,0,0,,0,,,,,,0,,,,,,,,,,,,,,,,,
8480223,,Zach Fischer,Fischer,W,CAL,500000,0,,,,,0,,Z,,,,,0,,,0,34,0,0,,0,,,,,,0,,,,,,,,,0,,,,,,,,
8481706,,Vladislav Firstov,Firstov,W,MIN,500000,0,,,,,0,,V,,,,,0,,,0,44,0,0,,0,,,,,,0,,,,,,,,,0,,,,,,,,
8483442,,Jagger Firkus,Firkus,W,SEA,500000,1,,,,,0,,J,,,,,0,,,0,63,0,0,,0,,,,,,0,,,,,,,,,,,,,,,,,
8479613,,Giovanni Fiore,Fiore,W,ANA,500000,0,,,,,0,,G,,,,,0,,,0,31,0,0,,0,,,,,,0,,,,,,,,,0,,,,,,,,
8484471,,Emmitt Finnie,Finnie,C,DET,500000,1,,,,,0,,E,,,,,0,,,0,40,0,0,,0,,,,,,0,,,,,,,,,,,,,,,,,
8485246,,Marshall Finnie,Finnie,C,TOR,500000,0,,,,,0,,M,,,,,0,,,0,57,0,0,,0,,,,,,0,,,,,,,,,,,,,,,,,
8476865,,Matthew Finn,Finn,D,NYI,500000,0,,,,,0,,M,,,,,0,,,0,46,0,0,,0,,,,,,0,,,,,,,,,0,,,,,,,,
8482090,,Jack Finley,Finley,C,TBL,790000,1,0,14.000000,0,,0,,J,0,0,0,0,0,1,08:25,0,56,0,0,,0,1,1,,0,0,0,,1,0,14.00,0,00:00,0,0,290000,0,1,0,,,,,
8483441,,Quinn Finley,Finley,W,NYI,500000,1,,,,,0,,Q,,,,,0,,,0,46,0,0,,0,,,,,,0,,,,,,,,,,,,,,,,,
8479577,,Benjamin Finkelstein,Finkelstein,D,FLA,500000,0,,,,,0,,B,,,,,0,,,0,42,0,0,,0,,,,,,0,,,,,,,,,0,,,,,,,,
8484494,,Aiden Fink,Fink,W,NSH,500000,1,,,,,0,,A,,,,,0,,,0,48,0,0,,0,,,,,,0,,,,,,,,,,,,,,,,,
8483440,,Pano Fimis,Fimis,C,CBJ,500000,0,,,,,0,,P,,,,,0,,,0,38,0,0,,0,,,,,,0,,,,,,,,,,,,,,,,,
8470047,,Valtteri Filppula,Filppula,C,DET,500000,0,,,,,0,,V,,,,,0,,,0,40,0,0,,0,,,,,,0,,,,,,,,,-1250000,,,,,,,,
8483439,,Josh Filmon,Filmon,W,NJD,500000,1,,,,,0,,J,,,,,0,,,0,49,0,0,,0,,,,,,0,,,,,,,,,,,,,,,,,
8479350,,Matt Filipe,Filipe,W,BOS,500000,0,,,,,0,,M,,,,,0,,,0,32,0,0,,0,,,,,,0,,,,,,,,,0,,,,,,,,
8474566,,Nikita Filatov,Filatov,W,OTT,500000,0,,,,,0,,N,,,,,0,,,0,50,0,0,,0,,,,,,0,,,,,,,,,0,,,,,,,,
8478118,,Jared Fiegl,Fiegl,W,ARI,500000,0,,,,,0,,J,,,,,0,,,0,52,0,0,,0,,,,,,0,,,,,,,,,0,,,,,,,,
8478072,,Miguel Fidler,Fidler,W,FLA,500000,0,,,,,0,,M,,,,,0,,,0,42,0,0,,0,,,,,,0,,,,,,,,,0,,,,,,,,
8483090,,Riley Fiddler-Schultz,Fiddler-Schultz,C,BUF,500000,1,,,,,0,,R,,,,,0,,,0,33,0,0,,0,,,,,,0,,,,,,,,,0,,,,,,,,
8485389,,Blake Fiddler,Fiddler,D,SEA,500000,1,,,,,0,,B,,,,,0,,,0,63,0,0,,0,,,,,,0,,,,,,,,,,,,,,,,,
8469759,,Vernon Fiddler,Fiddler,C,NSH,500000,0,,,,,0,,V,,,,,0,,,0,48,0,0,,0,,,,,,0,,,,,,,,,0,,,,,,,,
8480095,,Daniel Fick,Fick,D,FA,500000,0,,,,,0,,D,,,,,0,,,0,0,0,0,,0,,,,,,0,,,,,,,,,0,,,,,,,,
8485096,,Jakub Fibigr,Fibigr,D,SEA,500000,1,,,,,0,,J,,,,,0,,,0,63,0,0,,0,,,,,,0,,,,,,,,,,,,,,,,,
8477942,,Kevin Fiala,Fiala,W,LAK,5480000,1,29,31.977011,24,,0,,K,0,38,7,0,0,83,18:45,0,43,0,0,,0,27,87,,1,0,0,,-7,40,2782.00,16,00:00,67,0,800000,0,269,0,,,,,
8481717,,Lucas Feuk,Feuk,W,CAL,500000,0,,,,,0,,L,,,,,0,,,0,34,0,0,,0,,,,,,0,,,,,,,,,0,,,,,,,,
8475873,,Cody Ferriero,Ferriero,W,SJS,500000,0,,,,,0,,C,,,,,0,,,0,54,0,0,,0,,,,,,0,,,,,,,,,0,,,,,,,,
8479983,,Mario Ferraro,Ferraro,D,SJS,1840000,1,12,13.256410,112,,0,,M,0,5,1,0,0,149,21:24,0,54,0,0,,0,46,78,,0,0,0,,-25,53,1034.00,0,00:00,17,0,-460000,0,79,0,,,,,
8475157,,Landon Ferraro,Ferraro,C,MIN,500000,0,,,,,0,,L,,,,,0,,,0,44,0,0,,0,,,,,,0,,,,,,,,,0,,,,,,,,
8484852,,Melvin FernstrÃ¶m,FernstrÃ¶m,W,PIT,500000,1,,,,,0,,M,,,,,0,,,0,53,0,0,,0,,,,,,0,,,,,,,,,,,,,,,,,
8476363,,Brian Ferlin,Ferlin,W,EDM,500000,0,,,,,0,,B,,,,,0,,,0,41,0,0,,0,,,,,,0,,,,,,,,,0,,,,,,,,
8475907,,Micheal Ferland,Ferland,W,VAN,500000,0,,,,,0,,M,,,,,0,,,0,58,0,0,,0,,,,,,0,,,,,,,,,0,,,,,,,,
8480263,,Dylan Ferguson,Ferguson,G,MIN,500000,1,,,,,0,,D,,,,,0,,,0,44,0,0,,0,,,,,,0,,,,,,,,,0,,,,,,,,
8481097,,Thomas Fergus,Fergus,D,TOR,500000,0,,,,,0,,T,,,,,0,,,0,57,0,0,,0,,,,,,0,,,,,,,,,0,,,,,,,,
8466333,,Andrew Ference,Ference,D,EDM,500000,0,,,,,0,,A,,,,,0,,,0,41,0,0,,0,,,,,,0,,,,,,,,,0,,,,,,,,
8481562,,Domenick Fensore,Fensore,D,CAR,850000,1,0,14.000000,3,,0,,D,0,0,0,0,0,3,19:04,0,35,0,0,,0,2,2,,0,0,0,,0,2,28.00,0,00:00,0,0,350000,0,5,0,,,,,
8484815,,Christian Felton,Felton,D,VAN,500000,0,,,,,0,,C,,,,,0,,,0,58,0,0,,0,,,,,,0,,,,,,,,,,,,,,,,,
8485655,,Rylan Fellinger,Fellinger,D,TOR,500000,1,,,,,0,,R,,,,,0,,,0,57,0,0,,0,,,,,,0,,,,,,,,,,,,,,,,,
8483590,,Colin Felix,Felix,D,PHI,500000,0,,,,,0,,C,,,,,0,,,0,51,0,0,,0,,,,,,0,,,,,,,,,,,,,,,,,
8479746,,Tye Felhaber,Felhaber,W,COL,500000,1,0,1.600000,0,,0,,T,0,0,0,0,0,7,05:31,0,37,0,0,,0,3,5,,0,0,0,,-1,0,8.00,0,00:00,0,0,0,0,2,0,,,,,
8485706,,Linards Feldbergs,Feldbergs,G,PIT,500000,1,,,,,0,,L,,,,,0,,,0,53,0,0,,0,,,,,,0,,,,,,,,,,,,,,,,,
8484400,,Jiri Felcman,Felcman,C,CHI,500000,1,,,,,0,,J,,,,,0,,,0,36,0,0,,0,,,,,,0,,,,,,,,,,,,,,,,,
8476991,,Samuel Fejes,Fejes,W,ARI,500000,0,,,,,0,,S,,,,,0,,,0,52,0,0,,0,,,,,,0,,,,,,,,,0,,,,,,,,
8483109,,Tyson Feist,Feist,D,TBL,500000,0,,,,,0,,T,,,,,0,,,0,56,0,0,,0,,,,,,0,,,,,,,,,0,,,,,,,,
8470611,,Eric Fehr,Fehr,C,MIN,500000,0,,,,,0,,E,,,,,0,,,0,44,0,0,,0,,,,,,0,,,,,,,,,0,,,,,,,,
8480796,,Martin Fehervary,Fehervary,D,WSH,2730000,1,20,19.530864,136,,0,,M,0,5,0,0,0,139,19:00,0,59,0,0,,0,20,81,,0,0,0,,18,25,1582.00,0,00:00,25,0,2230000,0,76,0,,,,,
8483680,,George Fegaras,Fegaras,D,DAL,500000,1,,,,,0,,G,,,,,0,,,0,39,0,0,,0,,,,,,0,,,,,,,,,,,,,,,,,
8476166,,Taylor Fedun,Fedun,D,PIT,500000,0,,,,,0,,T,,,,,0,,,0,53,0,0,,0,,,,,,0,,,,,,,,,0,,,,,,,,
8478905,,Ivan Fedotov,Fedotov,G,CBJ,1780000,1,0,14.269231,0,,0,,I,75,0,0,6,0,0,54:58,0,38,0,0,,0,14,26,,0,4,0,,0,0,371.00,0,00:00,0,548,1280000,0,0,0,,88.0,,,
8482792,,Ilya Fedotov,Fedotov,W,UTA,500000,1,,,,,0,,I,,,,,0,,,0,64,0,0,,0,,,,,,0,,,,,,,,,0,,,,,,,,
8468172,,Ruslan Fedotenko,Fedotenko,W,MIN,500000,0,,,,,0,,R,,,,,0,,,0,44,0,0,,0,,,,,,0,,,,,,,,,0,,,,,,,,
8468681,,Evgeny Federov,Federov,C,DAL,500000,0,,,,,0,,E,,,,,0,,,0,39,0,0,,0,,,,,,0,,,,,,,,,0,,,,,,,,
8478537,,Danny Federico,Federico,D,SJS,500000,0,,,,,0,,D,,,,,0,,,0,54,0,0,,0,,,,,,0,,,,,,,,,0,,,,,,,,
8478096,,Radel Fazleev,Fazleev,C,PHI,500000,0,,,,,0,,R,,,,,0,,,0,51,0,0,,0,,,,,,0,,,,,,,,,0,,,,,,,,
8480090,,Justin Fazio,Fazio,G,FA,500000,0,,,,,0,,J,,,,,0,,,0,0,0,0,,0,,,,,,0,,,,,,,,,0,,,,,,,,
8471816,,Mark Fayne,Fayne,D,EDM,500000,0,,,,,0,,M,,,,,0,,,0,41,0,0,,0,,,,,,0,,,,,,,,,0,,,,,,,,
8475753,,Justin Faulk,Faulk,D,STL,3290000,1,30,19.470588,120,,0,,J,0,5,1,0,0,97,22:33,0,55,1,0,20251004,0,31,85,,0,0,0,,-7,38,1655.00,1,00:00,35,0,-390000,0,136,0,,,,2025-10-03,2025-10-03
8476839,,Viktor Fasth,Fasth,G,EDM,500000,0,,,,,0,,V,,,,,0,,,0,41,0,0,,0,,,,,,0,,,,,,,,,0,,,,,,,,
8475855,,Jesper Fast,Fast,W,CAR,500000,1,,,,,0,,J,,,,,0,,,0,35,0,0,,0,,,,,,0,,,,,,,,,-1990000,,,,,,,,
8477392,,Hudson Fasching,Fasching,W,NYI,730000,1,2,6.279070,17,,0,,H,0,2,0,0,0,28,11:05,0,46,0,0,,0,20,43,,0,0,0,,-4,6,270.00,0,00:00,4,0,230000,0,51,0,,,,,
8482081,,Sean Farrell,Farrell,C,MTL,500000,1,,,,,0,,S,,,,,0,,,0,45,0,0,,0,,,,,,0,,,,,,,,,0,,,,,,,,
8480063,,David Farrance,Farrance,D,NSH,500000,0,,,,,0,,D,,,,,0,,,0,48,0,0,,0,,,,,,0,,,,,,,,,-450000,,,,,,,,
8476769,,Bobby Farnham,Farnham,W,MTL,500000,0,,,,,0,,B,,,,,0,,,0,45,0,0,,0,,,,,,0,,,,,,,,,0,,,,,,,,
8481558,,John Farinacci,Farinacci,C,BOS,1650000,1,0,43.000000,0,,0,,J,0,1,0,0,0,3,10:58,0,32,0,0,,0,0,1,,0,0,0,,1,0,43.00,0,00:00,1,0,1150000,0,1,0,,,,,
8485668,,Felix Farhammar,Farhammar,D,NYR,500000,1,,,,,0,,F,,,,,0,,,0,47,0,0,,0,,,,,,0,,,,,,,,,,,,,,,,,
8480797,,Joel Farabee,Farabee,W,CAL,1990000,1,14,14.333333,47,,0,,J,0,11,1,0,0,94,14:55,0,34,0,0,,0,32,81,,0,0,0,,-17,34,1161.00,0,00:00,25,0,-1620000,0,151,0,,,,,
8484166,,Adam Fantilli,Fantilli,C,CBJ,3910000,1,22,28.268293,52,,0,,A,0,32,3,0,0,113,17:29,0,38,0,0,,0,32,82,,0,0,0,,4,18,2318.00,2,00:00,54,0,,1,192,0,,,,,
8483534,,Ryan Fanti,Fanti,G,TBL,500000,1,,,,,0,,R,,,,,0,,,0,56,0,0,,0,,,,,,0,,,,,,,,,,,,,,,,,
8480147,,Oscar Fantenberg,Fantenberg,D,VAN,500000,0,,,,,0,,O,,,,,0,,,0,58,0,0,,0,,,,,,0,,,,,,,,,0,,,,,,,,
8479558,,Stepan Falkovsky,Falkovsky,D,MIN,500000,0,,,,,0,,S,,,,,0,,,0,44,0,0,,0,,,,,,0,,,,,,,,,0,,,,,,,,
8473992,,Justin Falk,Falk,D,OTT,500000,0,,,,,0,,J,,,,,0,,,0,50,0,0,,0,,,,,,0,,,,,,,,,0,,,,,,,,
8476889,,Radek Faksa,Faksa,C,STL,2670000,1,14,15.428571,53,,0,,R,0,6,1,0,0,137,13:13,0,55,0,0,,0,26,77,,0,0,0,,5,32,1188.00,0,00:00,20,0,800000,0,71,0,,,,,
8478068,,Tanner Faith,Faith,D,MIN,500000,0,,,,,0,,T,,,,,0,,,0,44,0,0,,0,,,,,,0,,,,,,,,,0,,,,,,,,
8481654,,Gianni Fairbrother,Fairbrother,D,MTL,500000,0,,,,,0,,G,,,,,0,,,0,45,0,0,,0,,,,,,0,,,,,,,,,0,,,,,,,,
8478110,,Hugo Fagerblom,Fagerblom,G,FLA,500000,0,,,,,0,,H,,,,,0,,,0,42,0,0,,0,,,,,,0,,,,,,,,,0,,,,,,,,
8481239,,Samuel Fagemo,Fagemo,W,WPG,500000,1,,,,,0,,S,,,,,0,,,0,60,0,0,,0,,,,,,0,,,,,,,,,,,,,,,,,
8485730,,PJ Fagan,Fagan,D,CBJ,500000,1,,,,,0,,P,,,,,0,,,0,38,0,0,,0,,,,,,0,,,,,,,,,,,,,,,,,
8484519,,Matteo Fabrizi,Fabrizi,D,VGK,500000,0,,,,,0,,M,,,,,0,,,0,62,0,0,,0,,,,,,0,,,,,,,,,,,,,,,,,
8482122,,Brock Faber,Faber,D,MIN,2660000,1,19,16.892857,120,,0,,B,0,10,1,0,0,39,25:38,0,44,0,0,,0,29,84,,1,0,0,,0,25,1419.00,2,00:00,29,0,2160000,0,128,0,,,,,
8479371,,Dante Fabbro,Fabbro,D,CBJ,3050000,1,17,23.411765,125,,0,,D,0,9,3,0,0,67,20:54,0,38,0,0,,0,25,68,,0,0,0,,20,40,1592.00,0,00:00,26,0,1000000,0,89,0,,,,,
8477952,,Robby Fabbri,Fabbri,C,ANA,2070000,1,8,15.909091,29,,0,,R,0,8,0,0,0,56,16:12,0,31,0,0,,0,19,44,,0,0,0,,-6,20,700.00,0,00:00,16,0,-1520000,0,65,0,,,,,
8470706,,Denis Ezhov,Ezhov,D,BUF,500000,0,,,,,0,,D,,,,,0,,,0,33,0,0,,0,,,,,,0,,,,,,,,,0,,,,,,,,
8479591,,Michael Eyssimont,Eyssimont,C,BOS,2130000,1,7,15.363636,22,,0,,M,0,9,2,0,0,110,10:37,0,32,0,0,,0,30,77,,0,0,0,,1,63,1183.00,0,00:00,16,0,1630000,0,140,0,,,,,
8476398,,Travis Ewanyk,Ewanyk,C,OTT,500000,0,,,,,0,,T,,,,,0,,,0,50,0,0,,0,,,,,,0,,,,,,,,,0,,,,,,,,
8470220,,Vladislav Evseev,Evseev,W,BOS,500000,0,,,,,0,,V,,,,,0,,,0,32,0,0,,0,,,,,,0,,,,,,,,,0,,,,,,,,
8480295,,Croix Evingson,Evingson,D,WPG,500000,0,,,,,0,,C,,,,,0,,,0,60,0,0,,0,,,,,,0,,,,,,,,,0,,,,,,,,
8476287,,Max Everson,Everson,D,BOS,500000,0,,,,,0,,M,,,,,0,,,0,32,0,0,,0,,,,,,0,,,,,,,,,0,,,,,,,,
8481141,,Caleb Everett,Everett,D,CBJ,500000,0,,,,,0,,C,,,,,0,,,0,38,0,0,,0,,,,,,0,,,,,,,,,0,,,,,,,,
8477902,,Dennis Everberg,Everberg,W,COL,500000,0,,,,,0,,D,,,,,0,,,0,37,0,0,,0,,,,,,0,,,,,,,,,0,,,,,,,,
8478133,,Jake Evans,Evans,C,MTL,3050000,1,24,19.436782,61,,0,,J,0,13,5,0,0,135,15:33,0,45,0,0,,0,33,87,,0,0,0,,1,12,1691.00,0,00:00,37,0,540000,3,84,0,,,,,
8482858,,Ryker Evans,Evans,D,SEA,2160000,1,19,15.698630,101,,0,,R,0,5,0,0,0,123,19:29,0,63,1,0,20251113,0,38,73,,0,0,0,,-12,30,1146.00,1,00:00,24,0,1660000,0,59,0,,,,2025-10-02,2025-10-02
8482146,,Luke Evangelista,Evangelista,W,NSH,2460000,1,22,18.029412,13,,0,,L,0,10,1,0,0,28,13:52,0,48,0,0,,0,35,68,,0,0,0,,-2,22,1226.00,1,00:00,32,0,1960000,0,134,0,,,,,
8475770,,Emerson Etem,Etem,W,ARI,500000,0,,,,,0,,E,,,,,0,,,0,52,0,0,,0,,,,,,0,,,,,,,,,0,,,,,,,,
8478877,,Giorgio Estephan,Estephan,C,MIN,500000,0,,,,,0,,G,,,,,0,,,0,44,0,0,,0,,,,,,0,,,,,,,,,0,,,,,,,,
8480297,,Joshua Ess,Ess,D,CHI,500000,0,,,,,0,,J,,,,,0,,,0,36,0,0,,0,,,,,,0,,,,,,,,,0,,,,,,,,
8480103,,Luke Esposito,Esposito,C,DET,500000,0,,,,,0,,L,,,,,0,,,0,40,0,0,,0,,,,,,0,,,,,,,,,0,,,,,,,,
8482919,,Justin Ertel,Ertel,W,DAL,500000,1,,,,,0,,J,,,,,0,,,0,39,0,0,,0,,,,,,0,,,,,,,,,0,,,,,,,,
8474110,,Travis Erstad,Erstad,C,STL,500000,0,,,,,0,,T,,,,,0,,,0,55,0,0,,0,,,,,,0,,,,,,,,,0,,,,,,,,
8481035,,Samuel Ersson,Ersson,G,PHI,3720000,1,0,28.489362,0,,0,,S,136,0,0,22,0,0,55:21,0,51,0,0,,0,20,47,,0,5,0,,0,0,1339.00,0,00:00,0,1027,3220000,0,0,2,,88.3,,,
8481155,,Jordan Ernst,Ernst,W,CAL,500000,0,,,,,0,,J,,,,,0,,,0,34,0,0,,0,,,,,,0,,,,,,,,,0,,,,,,,,
8477454,,Adam Erne,Erne,W,EDM,500000,0,,,,,0,,A,,,,,0,,,0,41,0,0,,0,,,,,,0,,,,,,,,,-2150000,,,,,,,,
8485705,,Noah Erliden,Erliden,G,PIT,500000,1,,,,,0,,N,,,,,0,,,0,53,0,0,,0,,,,,,0,,,,,,,,,,,,,,,,,
8479051,,Macoy Erkamps,Erkamps,D,OTT,500000,0,,,,,0,,M,,,,,0,,,0,50,0,0,,0,,,,,,0,,,,,,,,,0,,,,,,,,
8475148,,Tim Erixon,Erixon,D,PIT,500000,0,,,,,0,,T,,,,,0,,,0,53,0,0,,0,,,,,,0,,,,,,,,,0,,,,,,,,
8484448,,Filip Eriksson,Eriksson,C,MTL,500000,1,,,,,0,,F,,,,,0,,,0,45,0,0,,0,,,,,,0,,,,,,,,,,,,,,,,,
8484850,,Linus Eriksson,Eriksson,C,FLA,500000,1,,,,,0,,L,,,,,0,,,0,42,0,0,,0,,,,,,0,,,,,,,,,,,,,,,,,
8470626,,Loui Eriksson,Eriksson,W,ARI,500000,0,,,,,0,,L,,,,,0,,,0,52,0,0,,0,,,,,,0,,,,,,,,,0,,,,,,,,
8481017,,Albin Eriksson,Eriksson,W,DAL,500000,0,,,,,0,,A,,,,,0,,,0,39,0,0,,0,,,,,,0,,,,,,,,,0,,,,,,,,
8485596,,Mikkel Eriksen,Eriksen,C,NYR,500000,1,,,,,0,,M,,,,,0,,,0,47,0,0,,0,,,,,,0,,,,,,,,,,,,,,,,,
8470318,,Jonathan Ericsson,Ericsson,D,DET,500000,0,,,,,0,,J,,,,,0,,,0,40,0,0,,0,,,,,,0,,,,,,,,,0,,,,,,,,
8468064,,Martin Erat,Erat,W,ARI,500000,0,,,,,0,,M,,,,,0,,,0,52,0,0,,0,,,,,,0,,,,,,,,,0,,,,,,,,
8485432,,Kristian Epperson,Epperson,W,LAK,500000,1,,,,,0,,K,,,,,0,,,0,43,0,0,,0,,,,,,0,,,,,,,,,,,,,,,,,
8480025,,MacKenzie Entwistle,Entwistle,W,FLA,500000,1,,,,,0,,M,,,,,0,,,0,42,0,0,,0,,,,,,0,,,,,,,,,-1110000,,,,,,,,
8470828,,Toby Enstrom,Enstrom,D,WPG,500000,0,,,,,0,,T,,,,,0,,,0,60,0,0,,0,,,,,,0,,,,,,,,,0,,,,,,,,
8473523,,Jhonas Enroth,Enroth,G,ANA,500000,0,,,,,0,,J,,,,,0,,,0,31,0,0,,0,,,,,,0,,,,,,,,,0,,,,,,,,
8474589,,Tyler Ennis,Ennis,C,EDM,500000,0,,,,,0,,T,,,,,0,,,0,41,0,0,,0,,,,,,0,,,,,,,,,-1540000,,,,,,,,
8478115,,Pierre Engvall,Engvall,W,NYI,1520000,1,7,11.209677,11,,0,,P,0,8,2,0,0,47,11:49,0,46,1,0,20251009,0,29,62,,0,0,0,,-7,16,695.00,0,00:00,15,0,-660000,0,93,0,,,,2025-10-03,2025-10-03
8483686,,Adam Engstrom,Engstrom,D,MTL,500000,1,,,,,0,,A,,,,,0,,,0,45,0,0,,0,,,,,,0,,,,,,,,,,,,,,,,,
8482457,,Eric Engstrand,Engstrand,W,OTT,500000,0,,,,,0,,E,,,,,0,,,0,50,0,0,,0,,,,,,0,,,,,,,,,0,,,,,,,,
8477971,,Andreas Englund,Englund,D,NSH,1430000,1,2,11.228571,37,,0,,A,0,1,0,0,0,78,13:16,0,48,0,0,,0,17,35,,0,0,0,,-9,48,393.00,0,00:00,3,0,930000,0,17,0,,,,,
8483047,,Drew Englot,Englot,C,COL,500000,0,,,,,0,,D,,,,,0,,,0,37,0,0,,0,,,,,,0,,,,,,,,,0,,,,,,,,
8485664,,Edison Engle,Engle,D,WPG,500000,1,,,,,0,,E,,,,,0,,,0,60,0,0,,0,,,,,,0,,,,,,,,,,,,,,,,,
8468674,,Deryk Engelland,Engelland,D,VGK,500000,0,,,,,0,,D,,,,,0,,,0,62,0,0,,0,,,,,,0,,,,,,,,,0,,,,,,,,
8482461,,Filip Engaras,Engaras,C,EDM,500000,0,,,,,0,,F,,,,,0,,,0,41,0,0,,0,,,,,,0,,,,,,,,,0,,,,,,,,
8481002,,Zachary Emond,Emond,G,NJD,500000,0,,,,,0,,Z,,,,,0,,,0,49,0,0,,0,,,,,,0,,,,,,,,,0,,,,,,,,
8484848,,EJ Emery,Emery,D,NYR,500000,1,,,,,0,,E,,,,,0,,,0,47,0,0,,0,,,,,,0,,,,,,,,,,,,,,,,,
8469548,,Ray Emery,Emery,G,PHI,500000,0,,,,,0,,R,,,,,0,,,0,51,0,0,,0,,,,,,0,,,,,,,,,0,,,,,,,,
8484469,,Michael Emerson,Emerson,W,CAR,500000,1,,,,,0,,M,,,,,0,,,0,35,0,0,,0,,,,,,0,,,,,,,,,,,,,,,,,
8471296,,Alexei Emelin,Emelin,D,NSH,500000,0,,,,,0,,A,,,,,0,,,0,48,0,0,,0,,,,,,0,,,,,,,,,0,,,,,,,,
8480834,,Ty Emberson,Emberson,D,EDM,1780000,1,11,11.164706,91,,0,,T,0,2,1,0,0,137,14:31,0,41,0,0,,0,28,85,,0,0,0,,-4,18,949.00,0,00:00,13,0,1280000,0,67,0,,,,,
8477295,,Petter Emanuelsson,Emanuelsson,W,SJS,500000,0,,,,,0,,P,,,,,0,,,0,54,0,0,,0,,,,,,0,,,,,,,,,0,,,,,,,,
8479513,,Hudson Elynuik,Elynuik,C,CAR,500000,0,,,,,0,,H,,,,,0,,,0,35,0,0,,0,,,,,,0,,,,,,,,,0,,,,,,,,
8480044,,Lukas Elvenes,Elvenes,C,VGK,500000,0,,,,,0,,L,,,,,0,,,0,62,0,0,,0,,,,,,0,,,,,,,,,0,,,,,,,,
8476505,,Turner Elson,Elson,C,NYR,500000,0,,,,,0,,T,,,,,0,,,0,47,0,0,,0,,,,,,0,,,,,,,,,0,,,,,,,,
8475176,,Ryan Ellis,Ellis,D,PHI,500000,1,,,,,0,,R,,,,,0,,,0,51,0,0,,0,,,,,,0,,,,,,,,,-2940000,,,,,,,,
8481551,,Colten Ellis,Ellis,G,STL,500000,1,,,,,0,,C,,,,,0,,,0,55,0,0,,0,,,,,,0,,,,,,,,,0,,,,,,,,
8482500,,Noah Ellis,Ellis,D,VGK,500000,1,,,,,0,,N,,,,,0,,,0,62,0,0,,0,,,,,,0,,,,,,,,,0,,,,,,,,
8468540,,Dan Ellis,Ellis,G,WSH,500000,0,,,,,0,,D,,,,,0,,,0,59,0,0,,0,,,,,,0,,,,,,,,,0,,,,,,,,
8470018,,Matt Ellis,Ellis,W,BUF,500000,0,,,,,0,,M,,,,,0,,,0,33,0,0,,0,,,,,,0,,,,,,,,,0,,,,,,,,
8475782,,Morgan Ellis,Ellis,D,STL,500000,0,,,,,0,,M,,,,,0,,,0,55,0,0,,0,,,,,,0,,,,,,,,,0,,,,,,,,
8479432,,Nick Ellis,Ellis,G,EDM,500000,0,,,,,0,,N,,,,,0,,,0,41,0,0,,0,,,,,,0,,,,,,,,,0,,,,,,,,
8483566,,Max Ellis,Ellis,W,TOR,500000,0,,,,,0,,M,,,,,0,,,0,57,0,0,,0,,,,,,0,,,,,,,,,,,,,,,,,
8470880,,Brian Elliott,Elliott,G,TBL,500000,0,,,,,0,,B,,,,,0,,,0,56,0,0,,0,,,,,,0,,,,,,,,,-3630000,,,,,,,,
8475206,,Stefan Elliott,Elliott,D,OTT,500000,0,,,,,0,,S,,,,,0,,,0,50,0,0,,0,,,,,,0,,,,,,,,,0,,,,,,,,
8484517,,Austin Elliott,Elliott,G,NSH,500000,0,,,,,0,,A,,,,,0,,,0,48,0,0,,0,,,,,,0,,,,,,,,,,,,,,,,,
8485006,,Lucas Ellinas,Ellinas,W,OTT,500000,1,,,,,0,,L,,,,,0,,,0,50,0,0,,0,,,,,,0,,,,,,,,,,,,,,,,,
8474184,,Keaton Ellerby,Ellerby,D,WPG,500000,0,,,,,0,,K,,,,,0,,,0,60,0,0,,0,,,,,,0,,,,,,,,,0,,,,,,,,
8474189,,Lars Eller,Eller,C,WSH,1930000,1,13,11.831461,37,,0,,L,0,10,0,0,0,68,13:02,0,59,1,0,20250928,0,27,89,,0,0,0,,-6,38,1053.00,0,00:00,23,0,-920000,0,107,0,,,,2025-09-24,2025-09-24
8478218,,Mads Eller,Eller,W,DAL,500000,0,,,,,0,,M,,,,,0,,,0,39,0,0,,0,,,,,,0,,,,,,,,,0,,,,,,,,
8481095,,Mitch Eliot,Eliot,D,VAN,500000,0,,,,,0,,M,,,,,0,,,0,58,0,0,,0,,,,,,0,,,,,,,,,0,,,,,,,,
8477461,,Remi Elie,Elie,W,BUF,500000,0,,,,,0,,R,,,,,0,,,0,33,0,0,,0,,,,,,0,,,,,,,,,0,,,,,,,,
8484808,,Charlie Elick,Elick,D,CBJ,500000,1,,,,,0,,C,,,,,0,,,0,38,0,0,,0,,,,,,0,,,,,,,,,,,,,,,,,
8484847,,Gabriel Eliasson,Eliasson,D,OTT,500000,1,,,,,0,,G,,,,,0,,,0,50,0,0,,0,,,,,,0,,,,,,,,,,,,,,,,,
8481023,,Jesper Eliasson,Eliasson,G,DET,500000,0,,,,,0,,J,,,,,0,,,0,40,0,0,,0,,,,,,0,,,,,,,,,0,,,,,,,,
8460542,,Patrik Elias,Elias,C,NJD,500000,0,,,,,0,,P,,,,,0,,,0,49,0,0,,0,,,,,,0,,,,,,,,,0,,,,,,,,
8478121,,Kevin Elgestal,Elgestal,W,WSH,500000,0,,,,,0,,K,,,,,0,,,0,59,0,0,,0,,,,,,0,,,,,,,,,0,,,,,,,,
8478217,,Mattias Elfstrom,Elfstrom,W,DET,500000,0,,,,,0,,M,,,,,0,,,0,40,0,0,,0,,,,,,0,,,,,,,,,0,,,,,,,,
8479564,,Mattias Elfstrom,Elfstrom,W,DET,500000,0,,,,,0,,M,,,,,0,,,0,40,0,0,,0,,,,,,0,,,,,,,,,0,,,,,,,,
8482505,,Elliot Ekmark,Ekmark,C,FLA,500000,0,,,,,0,,E,,,,,0,,,0,42,0,0,,0,,,,,,0,,,,,,,,,0,,,,,,,,
8475171,,Oliver Ekman-Larsson,Ekman-Larsson,D,TOR,3480000,1,27,20.877778,95,,0,,O,0,6,1,0,0,126,20:47,0,57,0,0,,0,29,90,,0,0,0,,13,60,1879.00,2,00:00,33,0,1210000,0,131,0,,,,,
8482667,,William Eklund,Eklund,W,SJS,3770000,1,41,27.142857,44,,0,,W,0,17,2,0,0,54,19:33,0,54,0,0,,0,45,77,,1,0,0,,-7,29,2090.00,6,00:00,58,0,1870000,1,151,0,,,,,
8485388,,Victor Eklund,Eklund,W,NYI,1860000,1,,,,,0,,V,,,,,0,,,0,46,0,0,,0,,,,,,0,,,,,,,,,,,,,,,,,
8484928,,Oscar Eklind,Eklind,W,PHI,500000,1,,,,,0,,O,,,,,0,,,0,51,0,0,,0,,,,,,0,,,,,,,,,,,,,,,,,
8475218,,Mattias Ekholm,Ekholm,D,EDM,4360000,1,29,25.972222,99,,0,,M,0,10,1,0,0,43,22:08,0,41,0,0,,0,23,72,,1,0,0,,11,44,1870.00,3,00:00,39,0,670000,0,157,0,,,,,
8482467,,Elliot Ekefjard,Ekefjard,W,ARI,500000,0,,,,,0,,E,,,,,0,,,0,52,0,0,,0,,,,,,0,,,,,,,,,0,,,,,,,,
8477932,,Aaron Ekblad,Ekblad,D,FLA,5280000,1,39,32.613333,80,,0,,A,0,7,2,0,0,152,23:38,0,42,0,0,,0,19,75,,0,0,0,,21,91,2446.00,1,00:00,46,0,1290000,0,142,0,,,,,
8485688,,Filip Ekberg,Ekberg,W,CAR,500000,1,,,,,0,,F,,,,,0,,,0,35,0,0,,0,,,,,,0,,,,,,,,,,,,,,,,,
8478493,,Joel Eriksson Ek,Ek,C,MIN,4750000,1,17,31.288462,44,,0,,J,0,14,1,0,0,90,20:01,0,44,0,0,,0,15,52,,0,0,0,,9,26,1627.00,5,00:00,31,0,540000,0,158,0,,,,,
8480042,,Olle Eriksson Ek,Ek,G,ANA,500000,0,,,,,0,,O,,,,,0,,,0,31,0,0,,0,,,,,,0,,,,,,,,,0,,,,,,,,
8480153,,Victor Ejdsell,Ejdsell,C,CHI,500000,0,,,,,0,,V,,,,,0,,,0,36,0,0,,0,,,,,,0,,,,,,,,,0,,,,,,,,
8484807,,Cole Eiserman,Eiserman,W,NYI,500000,1,,,,,0,,C,,,,,0,,,0,46,0,0,,0,,,,,,0,,,,,,,,,,,,,,,,,
8478030,,Shane Eiserman,Eiserman,C,BUF,500000,0,,,,,0,,S,,,,,0,,,0,33,0,0,,0,,,,,,0,,,,,,,,,0,,,,,,,,
8478932,,Markus Eisenschmid,Eisenschmid,C,MTL,500000,0,,,,,0,,M,,,,,0,,,0,45,0,0,,0,,,,,,0,,,,,,,,,0,,,,,,,,
8478403,,Jack Eichel,Eichel,C,VGK,7070000,1,75,43.340909,66,,0,,J,0,29,3,0,0,38,20:52,0,62,0,0,,0,26,88,,0,0,0,,24,8,3814.00,5,00:00,104,0,3650000,1,261,0,,,,,
8469555,,Christian Ehrhoff,Ehrhoff,D,CHI,500000,0,,,,,0,,C,,,,,0,,,0,36,0,0,,0,,,,,,0,,,,,,,,,0,,,,,,,,
8478036,,Christoffer Ehn,Ehn,C,DET,500000,0,,,,,0,,C,,,,,0,,,0,40,0,0,,0,,,,,,0,,,,,,,,,0,,,,,,,,
8480969,,Yasin Ehliz,Ehliz,W,CAL,500000,0,,,,,0,,Y,,,,,0,,,0,34,0,0,,0,,,,,,0,,,,,,,,,0,,,,,,,,
8477940,,Nikolaj Ehlers,Ehlers,W,WPG,5760000,1,41,35.727273,34,,0,,N,0,29,5,0,0,50,15:57,0,60,0,0,,0,21,77,,2,0,0,,15,21,2751.00,7,00:00,70,0,130000,0,205,0,,,,,
8470731,,Patrick Ehelechner,Ehelechner,G,PIT,500000,0,,,,,0,,P,,,,,0,,,0,53,0,0,,0,,,,,,0,,,,,,,,,0,,,,,,,,
8480302,,Wyatt Ege,Ege,D,FA,500000,0,,,,,0,,W,,,,,0,,,0,0,0,0,,0,,,,,,0,,,,,,,,,0,,,,,,,,
8482194,,Ethan Edwards,Edwards,D,NJD,500000,1,,,,,0,,E,,,,,0,,,0,49,0,0,,0,,,,,,0,,,,,,,,,0,,,,,,,,
8485119,,Brayden Edwards,Edwards,C,PIT,500000,1,,,,,0,,B,,,,,0,,,0,53,0,0,,0,,,,,,0,,,,,,,,,,,,,,,,,
8483438,,Jackson Edward,Edward,D,BOS,500000,1,,,,,0,,J,,,,,0,,,0,32,0,0,,0,,,,,,0,,,,,,,,,,,,,,,,,
8482762,,Simon Edvinsson,Edvinsson,D,DET,3240000,1,24,22.705128,133,,0,,S,0,7,3,0,0,86,21:07,0,40,0,0,,0,30,78,,1,0,0,,12,67,1771.00,0,00:00,31,0,2740000,0,86,0,,,,,
8481726,,Adam Edstrom,Edstrom,C,NYR,1620000,1,4,12.313725,32,,0,,A,0,5,2,0,0,94,09:16,0,47,0,0,,0,23,51,,0,0,0,,-5,27,628.00,0,00:00,9,0,1120000,0,40,0,,,,,
8484165,,David Edstrom,Edstrom,C,NSH,500000,1,,,,,0,,D,,,,,0,,,0,48,0,0,,0,,,,,,0,,,,,,,,,,,,,,,,,
8476441,,Joel Edmundson,Edmundson,D,LAK,3170000,1,15,19.506329,119,,0,,J,0,6,1,0,0,116,20:47,0,43,0,0,,0,25,79,,0,0,0,,27,24,1541.00,0,00:00,21,0,-80000,0,92,0,,,,,
8483437,,Lucas Edmonds,Edmonds,W,TBL,500000,0,,,,,0,,L,,,,,0,,,0,56,0,0,,0,,,,,,0,,,,,,,,,,,,,,,,,
8471303,,Alexander Edler,Edler,D,LAK,500000,0,,,,,0,,A,,,,,0,,,0,43,0,0,,0,,,,,,0,,,,,,,,,-1370000,,,,,,,,
8477028,,Nick Ebert,Ebert,D,NYR,500000,0,,,,,0,,N,,,,,0,,,0,47,0,0,,0,,,,,,0,,,,,,,,,0,,,,,,,,
8474586,,Jordan Eberle,Eberle,W,SEA,2930000,1,17,22.619048,25,,0,,J,0,9,1,0,0,13,16:16,0,63,0,0,,0,19,42,,1,0,0,,0,14,950.00,1,00:00,26,0,-960000,0,66,0,,,,,
8473682,,Andrew Ebbett,Ebbett,C,PIT,500000,0,,,,,0,,A,,,,,0,,,0,53,0,0,,0,,,,,,0,,,,,,,,,0,,,,,,,,
8470622,,Patrick Eaves,Eaves,W,ANA,500000,0,,,,,0,,P,,,,,0,,,0,31,0,0,,0,,,,,,0,,,,,,,,,0,,,,,,,,
8479034,,Scott Eansor,Eansor,C,TOR,500000,0,,,,,0,,S,,,,,0,,,0,57,0,0,,0,,,,,,0,,,,,,,,,0,,,,,,,,
8475236,,Cody Eakin,Eakin,C,BUF,500000,0,,,,,0,,C,,,,,0,,,0,33,0,0,,0,,,,,,0,,,,,,,,,-360000,,,,,,,,
8475661,,Dave Dziurzynski,Dziurzynski,W,OTT,500000,0,,,,,0,,D,,,,,0,,,0,50,0,0,,0,,,,,,0,,,,,,,,,0,,,,,,,,
8476288,,Ryan Dzingel,Dzingel,C,CAR,500000,0,,,,,0,,R,,,,,0,,,0,35,0,0,,0,,,,,,0,,,,,,,,,-1270000,,,,,,,,
8478832,,Martins Dzierkals,Dzierkals,W,VGK,500000,1,,,,,0,,M,,,,,0,,,0,62,0,0,,0,,,,,,0,,,,,,,,,0,,,,,,,,
8483718,,Tyson Dyck,Dyck,C,OTT,500000,1,,,,,0,,T,,,,,0,,,0,50,0,0,,0,,,,,,0,,,,,,,,,,,,,,,,,
8483742,,Reid Dyck,Dyck,G,BOS,500000,0,,,,,0,,R,,,,,0,,,0,32,0,0,,0,,,,,,0,,,,,,,,,,,,,,,,,
8480115,,Yaroslav Dyblenko,Dyblenko,D,NJD,500000,0,,,,,0,,Y,,,,,0,,,0,49,0,0,,0,,,,,,0,,,,,,,,,0,,,,,,,,
8470302,,Patrick Dwyer,Dwyer,W,CAR,500000,0,,,,,0,,P,,,,,0,,,0,35,0,0,,0,,,,,,0,,,,,,,,,0,,,,,,,,
8484164,,Dalibor Dvorsky,Dvorsky,W,STL,500000,1,0,2.000000,0,,0,,D,0,0,0,0,0,0,09:25,0,55,0,0,,0,1,2,,0,0,0,,0,0,4.00,0,00:00,0,0,,0,2,0,,,,,
8477989,,Christian Dvorak,Dvorak,C,MTL,2630000,1,21,15.885057,71,,0,,C,0,14,1,0,0,49,15:19,0,45,0,0,,0,33,87,,0,0,0,,-6,20,1382.00,1,00:00,35,0,-260000,0,111,0,,,,,
8484163,,Jakub Dvorak,Dvorak,D,LAK,500000,1,,,,,0,,J,,,,,0,,,0,43,0,0,,0,,,,,,0,,,,,,,,,,,,,,,,,
8480434,,Sean Durzi,Durzi,D,UTA,2480000,1,7,19.666667,50,,0,,S,0,4,0,0,0,15,20:39,0,64,0,0,,0,9,30,,0,0,0,,4,19,590.00,1,00:00,11,0,1980000,0,39,0,,,,,
8481036,,Roman Durny,Durny,G,ANA,500000,0,,,,,0,,R,,,,,0,,,0,31,0,0,,0,,,,,,0,,,,,,,,,0,,,,,,,,
8482454,,Jaydon Dureau,Dureau,W,TBL,500000,0,,,,,0,,J,,,,,0,,,0,56,0,0,,0,,,,,,0,,,,,,,,,0,,,,,,,,
8480242,,Arnaud Durandeau,Durandeau,W,NJD,500000,0,,,,,0,,A,,,,,0,,,0,49,0,0,,0,,,,,,0,,,,,,,,,0,,,,,,,,
8482213,,Riley Duran,Duran,C,BOS,640000,1,0,9.000000,0,,0,,R,0,0,0,0,0,6,12:44,0,32,0,0,,0,1,2,,0,0,0,,-1,2,18.00,0,00:00,0,0,140000,0,5,0,,,,,
8477612,,Jean Dupuy,Dupuy,C,BUF,500000,0,,,,,0,,J,,,,,0,,,0,33,0,0,,0,,,,,,0,,,,,,,,,0,,,,,,,,
8466393,,Pascal Dupuis,Dupuis,W,PIT,500000,0,,,,,0,,P,,,,,0,,,0,53,0,0,,0,,,,,,0,,,,,,,,,0,,,,,,,,
8485652,,Brendan Dunphy,Dunphy,D,FLA,500000,1,,,,,0,,B,,,,,0,,,0,42,0,0,,0,,,,,,0,,,,,,,,,,,,,,,,,
8482623,,Josh Dunne,Dunne,C,BUF,500000,1,0,0.500000,2,,0,,J,0,0,0,0,0,5,07:06,0,33,0,0,,0,1,2,,0,0,0,,-3,5,1.00,0,00:00,0,0,-300000,0,1,0,,,,,
8478407,,Vince Dunn,Dunn,D,SEA,3510000,1,28,26.016129,76,,0,,V,0,11,3,0,0,29,22:05,0,63,1,0,20251001,0,29,62,,1,0,0,,-3,33,1613.00,2,00:00,39,0,1110000,0,137,0,,,,2025-09-30,2025-09-30
8477370,,Vincent Dunn,Dunn,C,PIT,500000,0,,,,,0,,V,,,,,0,,,0,53,0,0,,0,,,,,,0,,,,,,,,,0,,,,,,,,
8481160,,Samuel Dunn,Dunn,D,CBJ,500000,0,,,,,0,,S,,,,,0,,,0,38,0,0,,0,,,,,,0,,,,,,,,,0,,,,,,,,
8481111,,Nathan Dunkley,Dunkley,C,LAK,500000,0,,,,,0,,N,,,,,0,,,0,43,0,0,,0,,,,,,0,,,,,,,,,0,,,,,,,,
8478897,,Liam Dunda,Dunda,W,STL,500000,0,,,,,0,,L,,,,,0,,,0,55,0,0,,0,,,,,,0,,,,,,,,,0,,,,,,,,
8475208,,Brian Dumoulin,Dumoulin,D,NJD,2200000,1,19,13.729412,119,,0,,B,0,3,1,0,0,88,20:07,0,49,0,0,,0,39,85,,1,0,0,,-1,14,1167.00,0,00:00,22,0,-770000,0,73,0,,,,,
8475254,,Gabriel Dumont,Dumont,C,TBL,500000,0,,,,,0,,G,,,,,0,,,0,56,0,0,,0,,,,,,0,,,,,,,,,0,,,,,,,,
8476856,,Matt Dumba,Dumba,D,DAL,1600000,1,9,11.809524,55,,0,,M,0,1,0,0,0,70,15:18,0,39,0,0,,0,21,63,,0,0,0,,-5,60,744.00,0,00:00,10,0,-1870000,0,57,0,,,,,
8483688,,Jordan Dumais,Dumais,W,CBJ,500000,1,,,,,0,,J,,,,,0,,,0,38,0,0,,0,,,,,,0,,,,,,,,,,,,,,,,,
8482663,,Dylan Duke,Duke,W,TBL,920000,1,0,18.500000,0,,0,,D,0,1,0,0,0,5,07:52,0,56,0,0,,0,0,2,,0,0,0,,0,0,37.00,0,00:00,1,0,420000,0,1,0,,,,,
8478097,,Reid Duke,Duke,C,VGK,500000,0,,,,,0,,R,,,,,0,,,0,62,0,0,,0,,,,,,0,,,,,,,,,0,,,,,,,,
8479520,,Brandon Duhaime,Duhaime,W,WSH,3130000,1,13,18.532609,78,,0,,B,0,12,1,0,0,202,13:26,0,59,0,0,,0,25,92,,0,0,0,,-1,108,1705.00,0,00:00,25,0,2630000,0,93,0,,,,,
8480225,,Jonathan Dugan,Dugan,W,NJD,500000,0,,,,,0,,J,,,,,0,,,0,49,0,0,,0,,,,,,0,,,,,,,,,0,,,,,,,,
8482207,,William Dufour,Dufour,W,NYI,500000,0,,,,,0,,W,,,,,0,,,0,46,0,0,,0,,,,,,0,,,,,,,,,0,,,,,,,,
8484503,,Isaac Dufort,Dufort,W,MTL,500000,0,,,,,0,,I,,,,,0,,,0,45,0,0,,0,,,,,,0,,,,,,,,,,,,,,,,,
8482652,,Walker Duehr,Duehr,W,WPG,640000,1,1,5.125000,15,,0,,W,0,2,0,0,0,49,08:48,0,60,0,0,,0,11,24,,0,0,0,,-11,0,123.00,0,00:00,3,0,,0,15,0,,,,,
8478081,,Joey Dudek,Dudek,C,EDM,500000,0,,,,,0,,J,,,,,0,,,0,41,0,0,,0,,,,,,0,,,,,,,,,0,,,,,,,,
8480850,,Aidan Dudas,Dudas,C,LAK,500000,0,,,,,0,,A,,,,,0,,,0,43,0,0,,0,,,,,,0,,,,,,,,,0,,,,,,,,
8483436,,Artem Duda,Duda,D,UTA,500000,1,,,,,0,,A,,,,,0,,,0,64,0,0,,0,,,,,,0,,,,,,,,,,,,,,,,,
8477407,,Anthony Duclair,Duclair,W,NYI,1170000,1,4,9.022727,20,,0,,A,0,7,0,0,0,26,15:03,0,46,0,0,,0,17,44,,0,0,0,,-15,10,397.00,3,00:00,11,0,-3170000,0,60,0,,,,,
8475168,,Matt Duchene,Duchene,C,DAL,5090000,1,57,29.610000,33,,0,,M,0,31,7,0,0,45,17:03,0,39,0,0,,0,35,100,,1,0,0,,-3,18,2961.00,9,00:00,88,0,2870000,0,173,0,,,,,
8479400,,Pierre-Luc Dubois,Dubois,W,WSH,5400000,1,49,33.141304,69,,0,,P,0,20,4,0,0,85,17:16,0,59,0,0,,0,25,92,,1,0,0,,30,88,3049.00,4,00:00,69,0,2220000,0,156,0,,,,,
8471227,,Devan Dubnyk,Dubnyk,G,COL,500000,0,,,,,0,,D,,,,,0,,,0,37,0,0,,0,,,,,,0,,,,,,,,,-2460000,,,,,,,,
8471273,,Brandon Dubinsky,Dubinsky,C,CBJ,500000,0,,,,,0,,B,,,,,0,,,0,38,0,0,,0,,,,,,0,,,,,,,,,0,,,,,,,,
8478583,,Alex Dubeau,Dubeau,G,MTL,500000,0,,,,,0,,A,,,,,0,,,0,45,0,0,,0,,,,,,0,,,,,,,,,0,,,,,,,,
8479346,,Dillon Dube,Dube,C,CAL,500000,0,,,,,0,,D,,,,,0,,,0,34,1,0,Expected to be out until at least Sep 16,0,,,,,,0,,,,,,,,,-1760000,,,,,,,2024-04-23,2024-04-23
8483920,,Pierrick Dube,Dube,W,WSH,500000,0,,,,,0,,P,,,,,0,,,0,59,0,0,,0,,,,,,0,,,,,,,,,,,,,,,,,
8483856,,Mark Duarte,Duarte,W,NSH,500000,0,,,,,0,,M,,,,,0,,,0,48,0,0,,0,,,,,,0,,,,,,,,,,,,,,,,,
8482142,,Jamie Drysdale,Drysdale,D,PHI,1320000,1,13,9.142857,97,,0,,J,0,7,1,0,0,18,19:55,0,51,0,0,,0,35,70,,0,0,0,,-32,22,640.00,2,00:00,20,0,280000,0,62,0,,,,,
8480835,,Jack Drury,Drury,C,COL,2210000,1,11,13.518987,50,,0,,J,0,9,2,0,0,53,12:55,0,37,0,0,,0,23,79,,0,0,0,,3,26,1068.00,1,00:00,20,0,1710000,0,102,0,,,,,
8480285,,Jan Drozg,Drozg,W,PIT,500000,0,,,,,0,,J,,,,,0,,,0,53,0,0,,0,,,,,,0,,,,,,,,,0,,,,,,,,
8468574,,Alexander Drozdetsky,Drozdetsky,W,PHI,500000,0,,,,,0,,A,,,,,0,,,0,51,0,0,,0,,,,,,0,,,,,,,,,0,,,,,,,,
8477494,,Jonathan Drouin,Drouin,W,COL,3830000,1,29,25.280000,14,,0,,J,0,11,2,0,0,19,17:41,0,37,1,0,20251009,0,13,50,,0,0,0,,-2,6,1264.00,3,00:00,40,0,1460000,0,65,0,,,,2025-10-02,2025-10-02
8485431,,Arvid Drott,Drott,W,FLA,500000,1,,,,,0,,A,,,,,0,,,0,42,0,0,,0,,,,,,0,,,,,,,,,,,,,,,,,
8485247,,Matteo Drobac,Drobac,G,MTL,500000,0,,,,,0,,M,,,,,0,,,0,45,0,0,,0,,,,,,0,,,,,,,,,,,,,,,,,
8480326,,Sheldon Dries,Dries,C,DET,500000,1,,,,,0,,S,,,,,0,,,0,40,0,0,,0,,,,,,0,,,,,,,,,-220000,,,,,,,,
8476904,,Chris Driedger,Driedger,G,WPG,500000,1,,,,,0,,C,,,,,0,,,0,60,0,0,,0,,,,,,0,,,,,,,,,-7060000,,,,,,,,
8474518,,Davis Drewiske,Drewiske,D,PHI,500000,0,,,,,0,,D,,,,,0,,,0,51,0,0,,0,,,,,,0,,,,,,,,,0,,,,,,,,
8481003,,Hunter Drew,Drew,D,CHI,500000,0,,,,,0,,H,,,,,0,,,0,36,0,0,,0,,,,,,0,,,,,,,,,0,,,,,,,,
8482521,,Kienan Draper,Draper,W,DET,500000,1,,,,,0,,K,,,,,0,,,0,40,0,0,,0,,,,,,0,,,,,,,,,0,,,,,,,,
8477331,,David Drake,Drake,D,PHI,500000,0,,,,,0,,D,,,,,0,,,0,51,0,0,,0,,,,,,0,,,,,,,,,0,,,,,,,,
8477934,,Leon Draisaitl,Draisaitl,C,EDM,10110000,1,76,57.333333,39,,0,,L,0,63,15,0,0,56,21:49,0,41,0,0,,0,29,93,,10,0,0,,36,40,5332.00,20,00:00,139,0,1330000,0,296,0,,,,,
8484162,,Lukas Dragicevic,Dragicevic,D,SEA,500000,1,,,,,0,,L,,,,,0,,,0,63,0,0,,0,,,,,,0,,,,,,,,,,,,,,,,,
8481750,,Braden Doyle,Doyle,D,LAK,500000,1,,,,,0,,B,,,,,0,,,0,43,0,0,,0,,,,,,0,,,,,,,,,0,,,,,,,,
8477422,,Michael Downing,Downing,D,FLA,500000,0,,,,,0,,M,,,,,0,,,0,42,0,0,,0,,,,,,0,,,,,,,,,0,,,,,,,,
8471703,,Steve Downie,Downie,W,ARI,500000,0,,,,,0,,S,,,,,0,,,0,52,0,0,,0,,,,,,0,,,,,,,,,0,,,,,,,,
8475413,,Justin Dowling,Dowling,C,NJD,1020000,1,5,6.649123,21,,0,,J,0,2,0,0,0,63,10:19,0,49,0,0,,0,21,57,,0,0,0,,-6,6,379.00,0,00:00,7,0,130000,0,39,0,,,,,
8475343,,Nic Dowd,Dowd,C,WSH,3090000,1,14,18.673913,96,,0,,N,0,14,3,0,0,151,15:10,0,59,0,0,,0,25,92,,0,0,0,,4,64,1718.00,0,00:00,28,0,170000,2,96,0,,,,,
8480323,,Robert Dow,Dow,W,FA,500000,0,,,,,0,,R,,,,,0,,,0,0,0,0,,0,,,,,,0,,,,,,,,,0,,,,,,,,
8478471,,Samuel Dove-McFalls,Dove-McFalls,W,PHI,500000,0,,,,,0,,S,,,,,0,,,0,51,0,0,,0,,,,,,0,,,,,,,,,0,,,,,,,,
8480876,,Curtis Douglas,Douglas,C,UTA,500000,1,,,,,0,,C,,,,,0,,,0,64,0,0,,0,,,,,,0,,,,,,,,,0,,,,,,,,
8474563,,Drew Doughty,Doughty,D,LAK,4160000,1,16,26.638889,49,,0,,D,0,5,1,0,0,38,24:39,0,43,0,0,,0,12,36,,0,0,0,,2,26,959.00,1,00:00,21,0,1030000,1,56,0,,,,,
8477982,,Jack Dougherty,Dougherty,D,NSH,500000,0,,,,,0,,J,,,,,0,,,0,48,0,0,,0,,,,,,0,,,,,,,,,0,,,,,,,,
8480448,,Justin Doucet,Doucet,C,COL,3000000,1,12,17.321839,79,,0,,J,0,8,2,0,0,204,12:44,0,37,0,0,,0,29,87,,0,0,0,,3,47,1507.00,0,00:00,20,0,1330000,1,105,0,,,,,
8484107,,Alexandre Doucet,Doucet,W,DET,500000,1,,,,,0,,A,,,,,0,,,0,40,0,0,,0,,,,,,0,,,,,,,,,,,,,,,,,
8476576,,Jacob Doty,Doty,C,STL,500000,0,,,,,0,,J,,,,,0,,,0,55,0,0,,0,,,,,,0,,,,,,,,,0,,,,,,,,
8477009,,Jake Dotchin,Dotchin,D,STL,500000,0,,,,,0,,J,,,,,0,,,0,55,0,0,,0,,,,,,0,,,,,,,,,0,,,,,,,,
8479524,,Alex Dostie,Dostie,C,ANA,500000,0,,,,,0,,A,,,,,0,,,0,31,0,0,,0,,,,,,0,,,,,,,,,0,,,,,,,,
8480843,,Lukas Dostal,Dostal,G,ANA,4740000,1,0,35.722222,0,,0,,L,158,0,0,23,0,0,56:37,0,31,0,0,,0,24,54,,0,7,0,,0,0,1929.00,0,00:00,0,1462,4240000,0,0,1,,90.2,,,
8485483,,Karsen Dorwart,Dorwart,W,PHI,570000,1,0,5.200000,2,,0,,K,0,0,0,0,0,9,10:59,0,51,0,0,,0,2,5,,0,0,0,,-1,2,26.00,0,00:00,0,0,,0,4,0,,,,,
8473432,,Derek Dorsett,Dorsett,W,VAN,500000,0,,,,,0,,D,,,,,0,,,0,58,0,0,,0,,,,,,0,,,,,,,,,0,,,,,,,,
8483750,,Jackson Dorrington,Dorrington,D,NYR,500000,1,,,,,0,,J,,,,,0,,,0,47,0,0,,0,,,,,,0,,,,,,,,,,,,,,,,,
8481604,,Pavel Dorofeyev,Dorofeyev,W,VGK,4260000,1,18,27.111111,38,,0,,P,0,36,7,0,0,34,16:36,0,62,1,0,20251003,0,25,90,,0,0,0,,-5,32,2440.00,14,00:00,54,0,3760000,0,280,0,,,,2025-10-02,2025-10-02
8484273,,Casey Dornbach,Dornbach,W,MIN,500000,0,,,,,0,,C,,,,,0,,,0,44,0,0,,0,,,,,,0,,,,,,,,,,,,,,,,,
8485086,,Antoine Dorion,Dorion,C,STL,500000,1,,,,,0,,A,,,,,0,,,0,55,0,0,,0,,,,,,0,,,,,,,,,,,,,,,,,
8482972,,Noah Dorey,Dorey,D,BOS,500000,0,,,,,0,,N,,,,,0,,,0,32,0,0,,0,,,,,,0,,,,,,,,,0,,,,,,,,
8475820,,Joonas Donskoi,Donskoi,W,SEA,500000,0,,,,,0,,J,,,,,0,,,0,63,0,0,,0,,,,,,0,,,,,,,,,-3240000,,,,,,,,
8481539,,Ryder Donovan,Donovan,C,VGK,500000,1,,,,,0,,R,,,,,0,,,0,62,0,0,,0,,,,,,0,,,,,,,,,0,,,,,,,,
8483435,,Jorian Donovan,Donovan,D,OTT,500000,1,,,,,0,,J,,,,,0,,,0,50,0,0,,0,,,,,,0,,,,,,,,,,,,,,,,,
8474659,,Matt Donovan,Donovan,D,NSH,500000,0,,,,,0,,M,,,,,0,,,0,48,0,0,,0,,,,,,0,,,,,,,,,0,,,,,,,,
8477590,,Troy Donnay,Donnay,D,NYR,500000,0,,,,,0,,T,,,,,0,,,0,47,0,0,,0,,,,,,0,,,,,,,,,0,,,,,,,,
8469972,,Mihail Donika,Donika,D,DAL,500000,0,,,,,0,,M,,,,,0,,,0,39,0,0,,0,,,,,,0,,,,,,,,,0,,,,,,,,
8477987,,Ryan Donato,Donato,C,CHI,3960000,1,31,28.387500,18,,0,,R,0,31,3,0,0,104,16:19,0,36,0,0,,0,44,80,,0,0,0,,-15,41,2271.00,5,00:00,62,0,1820000,0,182,0,,,,,
8478157,,Cody Donaghey,Donaghey,D,SJS,500000,0,,,,,0,,C,,,,,0,,,0,54,0,0,,0,,,,,,0,,,,,,,,,0,,,,,,,,
8475839,,Louis Domingue,Domingue,G,NYR,2440000,1,0,70.000000,0,,0,,L,2,0,0,1,0,0,01:00,0,47,0,0,,0,0,1,,0,0,0,,0,0,70.00,0,00:00,0,25,1940000,0,0,0,,92.6,,,
8477503,,Max Domi,Domi,C,TOR,3580000,1,29,20.896552,29,,0,,M,0,11,2,0,0,48,14:01,0,57,0,0,,0,26,87,,1,0,0,,7,109,1818.00,0,00:00,40,0,1270000,0,111,0,,,,,
8483434,,Kirill Dolzhenkov,Dolzhenkov,W,CBJ,500000,1,,,,,0,,K,,,,,0,,,0,38,0,0,,0,,,,,,0,,,,,,,,,,,,,,,,,
8480865,,Noah Dobson,Dobson,D,NYI,3260000,1,29,23.394366,114,,0,,N,0,10,1,0,0,56,23:16,0,46,1,0,20250927,0,29,71,,0,0,0,,-16,28,1661.00,1,00:00,39,0,920000,0,196,0,,,,2025-09-26,2025-09-26
8468032,,Yuri Dobryshkin,Dobryshkin,W,WPG,500000,0,,,,,0,,Y,,,,,0,,,0,60,0,0,,0,,,,,,0,,,,,,,,,0,,,,,,,,
8482487,,Jakub Dobes,Dobes,G,MTL,4510000,1,0,38.000000,0,,0,,J,47,0,0,8,0,0,53:38,0,45,0,0,,0,8,19,,0,3,0,,0,0,722.00,0,00:00,0,451,4010000,0,0,1,,90.6,,,
8482659,,Josh Doan,Doan,W,BUF,2130000,1,12,16.137255,14,,0,,J,0,7,1,0,0,45,13:31,0,33,0,0,,0,19,51,,0,0,0,,-2,8,823.00,3,00:00,19,0,1630000,0,88,0,,,,,
8462038,,Shane Doan,Doan,W,ARI,500000,0,,,,,0,,S,,,,,0,,,0,52,0,0,,0,,,,,,0,,,,,,,,,0,,,,,,,,
8481622,,Emil Djuse,Djuse,D,FLA,500000,0,,,,,0,,E,,,,,0,,,0,42,0,0,,0,,,,,,0,,,,,,,,,0,,,,,,,,
8477043,,Christian Djoos,Djoos,D,DET,500000,0,,,,,0,,C,,,,,0,,,0,40,0,0,,0,,,,,,0,,,,,,,,,-690000,,,,,,,,
8483711,,Domenic Divincentiis,Divincentiis,G,WPG,500000,1,,,,,0,,D,,,,,0,,,0,60,0,0,,0,,,,,,0,,,,,,,,,,,,,,,,,
8480022,,Michael Dipietro,Dipietro,G,BOS,500000,1,,,,,0,,M,,,,,0,,,0,32,0,0,,0,,,,,,0,,,,,,,,,0,,,,,,,,
8482068,,Dawson Dipietro,Dipietro,W,BUF,500000,0,,,,,0,,D,,,,,0,,,0,33,0,0,,0,,,,,,0,,,,,,,,,0,,,,,,,,
8483085,,Mikael Diotte,Diotte,D,NJD,500000,1,,,,,0,,M,,,,,0,,,0,49,0,0,,0,,,,,,0,,,,,,,,,0,,,,,,,,
8484414,,Rodwin Dionicio,Dionicio,D,ANA,500000,0,,,,,0,,R,,,,,0,,,0,31,0,0,,0,,,,,,0,,,,,,,,,,,,,,,,,
8479341,,Cam Dineen,Dineen,D,EDM,580000,1,0,6.500000,4,,0,,C,0,0,0,0,0,1,17:11,0,41,0,0,,0,1,4,,0,0,0,,0,0,26.00,0,00:00,0,0,80000,0,8,0,,,,,
8475455,,Brenden Dillon,Dillon,D,NJD,2440000,1,14,16.301205,96,,0,,B,0,2,0,0,0,192,18:28,0,49,0,0,,0,33,83,,0,0,0,,8,67,1353.00,0,00:00,16,0,-680000,0,48,0,,,,,
8471478,,Spencer Dillon,Dillon,D,FLA,500000,0,,,,,0,,S,,,,,0,,,0,42,0,0,,0,,,,,,0,,,,,,,,,0,,,,,,,,
8478079,,Alec Dillon,Dillon,G,LAK,500000,0,,,,,0,,A,,,,,0,,,0,43,0,0,,0,,,,,,0,,,,,,,,,0,,,,,,,,
8481075,,Peter Diliberatore,Diliberatore,D,PIT,500000,0,,,,,0,,P,,,,,0,,,0,53,0,0,,0,,,,,,0,,,,,,,,,0,,,,,,,,
8478098,,Cristiano Digiacinto,Digiacinto,W,NYI,500000,0,,,,,0,,C,,,,,0,,,0,46,0,0,,0,,,,,,0,,,,,,,,,0,,,,,,,,
8478171,,Anthony Difruscia,Difruscia,W,NYR,500000,0,,,,,0,,A,,,,,0,,,0,47,0,0,,0,,,,,,0,,,,,,,,,0,,,,,,,,
8476379,,Darren Dietz,Dietz,D,WSH,500000,0,,,,,0,,D,,,,,0,,,0,59,0,0,,0,,,,,,0,,,,,,,,,0,,,,,,,,
8480367,,Christopher Dienes,Dienes,D,FA,500000,0,,,,,0,,C,,,,,0,,,0,0,0,0,,0,,,,,,0,,,,,,,,,0,,,,,,,,
8474018,,Christopher DiDomenico,DiDomenico,W,CHI,500000,0,,,,,0,,C,,,,,0,,,0,36,0,0,,0,,,,,,0,,,,,,,,,0,,,,,,,,
8476421,,Josiah Didier,Didier,D,MTL,500000,0,,,,,0,,J,,,,,0,,,0,45,0,0,,0,,,,,,0,,,,,,,,,0,,,,,,,,
8477450,,Jason Dickinson,Dickinson,C,CHI,1840000,1,9,13.762712,49,,0,,J,0,7,0,0,0,99,15:42,0,36,0,0,,0,36,59,,0,0,0,,-11,38,812.00,0,00:00,16,0,-250000,0,56,0,,,,,
8484806,,Sam Dickinson,Dickinson,D,SJS,500000,1,,,,,0,,S,,,,,0,,,0,54,0,0,,0,,,,,,0,,,,,,,,,,,,,,,,,
8480785,,Josh Dickinson,Dickinson,C,CHI,500000,0,,,,,0,,J,,,,,0,,,0,36,0,0,,0,,,,,,0,,,,,,,,,0,,,,,,,,
8482156,,Tanner Dickinson,Dickinson,C,STL,500000,0,,,,,0,,T,,,,,0,,,0,55,0,0,,0,,,,,,0,,,,,,,,,0,,,,,,,,
8481747,,Frederik Nissen Dichow,Dichow,G,MTL,500000,0,,,,,0,,F,,,,,0,,,0,45,0,0,,0,,,,,,0,,,,,,,,,0,,,,,,,,
8474731,,Justin DiBenedetto,DiBenedetto,C,NYI,500000,0,,,,,0,,J,,,,,0,,,0,46,0,0,,0,,,,,,0,,,,,,,,,0,,,,,,,,
8476244,,Raphael Diaz,Diaz,D,NYR,500000,0,,,,,0,,R,,,,,0,,,0,47,0,0,,0,,,,,,0,,,,,,,,,0,,,,,,,,
8477485,,Jonathan-Ismael Diaby,Diaby,D,NSH,500000,0,,,,,0,,J,,,,,0,,,0,48,0,0,,0,,,,,,0,,,,,,,,,0,,,,,,,,
8480980,,Connor Dewar,Dewar,C,PIT,1820000,1,6,14.541667,34,,0,,C,0,4,0,0,0,129,11:33,0,53,0,0,,0,16,48,,0,0,0,,-3,14,698.00,0,00:00,10,0,1320000,0,55,0,,,,,
8483743,,Luke Devlin,Devlin,C,PIT,500000,1,,,,,0,,L,,,,,0,,,0,53,0,0,,0,,,,,,0,,,,,,,,,,,,,,,,,
8483433,,Jack Devine,Devine,W,FLA,500000,1,,,,,0,,J,,,,,0,,,0,42,0,0,,0,,,,,,0,,,,,,,,,,,,,,,,,
8475190,,Jamie Devane,Devane,W,NSH,500000,0,,,,,0,,J,,,,,0,,,0,48,0,0,,0,,,,,,0,,,,,,,,,0,,,,,,,,
8485111,,Thomas Desruisseaux,Desruisseaux,C,ANA,500000,0,,,,,0,,T,,,,,0,,,0,31,0,0,,0,,,,,,0,,,,,,,,,,,,,,,,,
8477475,,Philippe Desrosiers,Desrosiers,G,FLA,500000,0,,,,,0,,P,,,,,0,,,0,42,0,0,,0,,,,,,0,,,,,,,,,0,,,,,,,,
8483091,,Charlie Desroches,Desroches,D,BUF,500000,0,,,,,0,,C,,,,,0,,,0,33,0,0,,0,,,,,,0,,,,,,,,,0,,,,,,,,
8478879,,Stephen Desrocher,Desrocher,D,TOR,500000,0,,,,,0,,S,,,,,0,,,0,57,0,0,,0,,,,,,0,,,,,,,,,0,,,,,,,,
8475155,,Simon Despres,Despres,D,ANA,500000,0,,,,,0,,S,,,,,0,,,0,31,0,0,,0,,,,,,0,,,,,,,,,0,,,,,,,,
8483054,,Emerik Despatie,Despatie,G,CBJ,500000,0,,,,,0,,E,,,,,0,,,0,38,0,0,,0,,,,,,0,,,,,,,,,0,,,,,,,,
8485387,,Caleb Desnoyers,Desnoyers,C,UTA,2820000,1,,,,,0,,C,,,,,0,,,0,64,1,0,20251102,0,,,,,,0,,,,,,,,,,,,,,,,2025-10-02,2025-10-02
8482452,,Elliot Desnoyers,Desnoyers,W,PHI,500000,0,,,,,0,,E,,,,,0,,,0,51,1,0,20251102,0,,,,,,0,,,,,,,,,0,,,,,,,2025-09-27,2025-09-27
8479193,,Casey DeSmith,DeSmith,G,DAL,6010000,1,1,44.620690,0,,0,,C,69,0,0,14,0,0,54:18,0,39,0,0,,0,13,29,,0,2,0,,0,0,1294.00,0,00:00,1,727,340000,0,0,2,,91.3,,,
8475235,,Nicolas Deslauriers,Deslauriers,W,PHI,1160000,1,1,8.645161,9,,0,,N,0,2,0,0,0,85,07:38,0,51,0,0,,0,18,31,,0,0,0,,-9,15,268.00,0,00:00,3,0,-990000,0,25,0,,,,,
8485207,,Vincent Desjardins,Desjardins,C,COL,500000,1,,,,,0,,V,,,,,0,,,0,37,0,0,,0,,,,,,0,,,,,,,,,,,,,,,,,
8471956,,Andrew Desjardins,Desjardins,W,CHI,500000,0,,,,,0,,A,,,,,0,,,0,36,0,0,,0,,,,,,0,,,,,,,,,0,,,,,,,,
8473638,,Cedrick Desjardins,Desjardins,G,NYR,500000,0,,,,,0,,C,,,,,0,,,0,47,0,0,,0,,,,,,0,,,,,,,,,0,,,,,,,,
8480084,,Nick DeSimone,DeSimone,D,UTA,1760000,1,5,14.300000,10,,0,,N,0,1,0,0,0,14,15:35,0,64,0,0,,0,5,20,,0,0,0,,4,0,286.00,0,00:00,6,0,1260000,0,24,0,,,,,
8479576,,Vincent Desharnais,Desharnais,D,SJS,1290000,1,3,9.764706,74,,0,,V,0,0,0,0,0,87,15:55,0,54,0,0,,0,19,51,,0,0,0,,-9,45,498.00,0,00:00,3,0,790000,0,28,0,,,,,
8471976,,David Desharnais,Desharnais,C,NYR,500000,0,,,,,0,,D,,,,,0,,,0,47,0,0,,0,,,,,,0,,,,,,,,,0,,,,,,,,
8478053,,Jaedon Descheneau,Descheneau,W,STL,500000,0,,,,,0,,J,,,,,0,,,0,55,0,0,,0,,,,,,0,,,,,,,,,0,,,,,,,,
8485430,,Kieren Dervin,Dervin,C,VAN,500000,1,,,,,0,,K,,,,,0,,,0,58,0,0,,0,,,,,,0,,,,,,,,,,,,,,,,,
8478408,,Travis Dermott,Dermott,D,MIN,500000,1,0,1.894737,16,,0,,T,0,0,0,0,0,6,12:16,0,44,0,0,,0,7,19,,0,0,0,,-3,2,36.00,0,00:00,0,0,-650000,0,8,0,,,,,
8478494,,Alexander Dergachyov,Dergachyov,C,LAK,500000,1,,,,,0,,A,,,,,0,,,0,43,0,0,,0,,,,,,0,,,,,,,,,0,,,,,,,,
8480977,,Semyon Der-Arguchintsev,Der-Arguchintsev,C,TOR,500000,1,,,,,0,,S,,,,,0,,,0,57,0,0,,0,,,,,,0,,,,,,,,,0,,,,,,,,
8468629,,Denis Denisov,Denisov,W,BUF,500000,0,,,,,0,,D,,,,,0,,,0,33,0,0,,0,,,,,,0,,,,,,,,,0,,,,,,,,
8480844,,Grigori Denisenko,Denisenko,W,VGK,850000,1,0,16.000000,0,,0,,G,0,0,0,0,0,5,08:27,0,62,0,0,,0,0,1,,0,0,0,,0,2,16.00,0,00:00,0,0,-960000,0,0,0,,,,,
8481734,,Maxim Denezhkin,Denezhkin,C,EDM,500000,1,,,,,0,,M,,,,,0,,,0,41,0,0,,0,,,,,,0,,,,,,,,,0,,,,,,,,
8477350,,Mitchell Dempsey,Dempsey,W,BOS,500000,0,,,,,0,,M,,,,,0,,,0,32,0,0,,0,,,,,,0,,,,,,,,,0,,,,,,,,
8477967,,Thatcher Demko,Demko,G,VAN,3740000,1,0,30.086957,0,,0,,T,63,0,0,10,0,0,56:36,0,58,0,0,,0,8,23,,0,3,0,,0,0,692.00,0,00:00,0,506,-1250000,0,0,1,,88.9,,,
8480888,,Stanislav Demin,Demin,D,CHI,500000,0,,,,,0,,S,,,,,0,,,0,36,0,0,,0,,,,,,0,,,,,,,,,0,,,,,,,,
8484984,,Ivan Demidov,Demidov,W,MTL,1590000,1,3,13.714286,2,,0,,I,0,1,0,0,0,9,14:15,0,45,1,0,20251004,0,3,7,,0,0,0,,-4,0,96.00,0,00:00,4,0,,0,7,0,,,,2025-10-01,2025-10-01
8474218,,Jason Demers,Demers,D,ARI,500000,0,,,,,0,,J,,,,,0,,,0,52,0,0,,0,,,,,,0,,,,,,,,,-760000,,,,,,,,
8476331,,Dylan DeMelo,DeMelo,D,WPG,3220000,1,19,19.117021,115,,0,,D,0,4,2,0,0,161,21:35,0,60,0,0,,0,27,94,,0,0,0,,30,48,1797.00,0,00:00,23,0,1190000,0,93,0,,,,,
8482933,,Jakub Demek,Demek,C,VGK,500000,1,,,,,0,,J,,,,,0,,,0,62,0,0,,0,,,,,,0,,,,,,,,,0,,,,,,,,
8482239,,Vasili Demchenko,Demchenko,G,MTL,500000,0,,,,,0,,V,,,,,0,,,0,45,0,0,,0,,,,,,0,,,,,,,,,0,,,,,,,,
8476964,,Alexander Delnov,Delnov,W,FLA,500000,0,,,,,0,,A,,,,,0,,,0,42,0,0,,0,,,,,,0,,,,,,,,,0,,,,,,,,
8480848,,Ty Dellandrea,Dellandrea,C,SJS,1170000,1,7,8.544118,44,,0,,T,0,1,0,0,0,163,11:48,0,54,0,0,,0,42,68,,0,0,0,,-31,59,581.00,0,00:00,8,0,-650000,0,50,0,,,,,
8485571,,Francesco Dell'Elce,Dell'Elce,D,COL,500000,1,,,,,0,,F,,,,,0,,,0,37,0,0,,0,,,,,,0,,,,,,,,,,,,,,,,,
8477180,,Aaron Dell,Dell,G,SJS,500000,0,,,,,0,,A,,,,,0,,,0,54,0,0,,0,,,,,,0,,,,,,,,,-310000,,,,,,,,
8484536,,Kocha Delic,Delic,C,CBJ,500000,0,,,,,0,,K,,,,,0,,,0,38,0,0,,0,,,,,,0,,,,,,,,,,,,,,,,,
8480420,,Collin Delia,Delia,G,EDM,500000,1,,,,,0,,C,,,,,0,,,0,41,0,0,,0,,,,,,0,,,,,,,,,-1220000,,,,,,,,
8477215,,Danny DeKeyser,DeKeyser,D,DET,500000,0,,,,,0,,D,,,,,0,,,0,40,0,0,,0,,,,,,0,,,,,,,,,-1370000,,,,,,,,
8476214,,Brandon DeFazio,DeFazio,W,BOS,500000,0,,,,,0,,B,,,,,0,,,0,32,0,0,,0,,,,,,0,,,,,,,,,0,,,,,,,,
8478498,,Jake DeBrusk,DeBrusk,W,VAN,3390000,1,20,24.195122,44,,0,,J,0,28,4,0,0,96,16:39,0,58,0,0,,0,30,82,,2,0,0,,-15,18,1984.00,14,00:00,48,0,950000,0,170,0,,,,,
8479337,,Alex DeBrincat,DeBrincat,W,DET,4340000,1,31,31.304878,38,,0,,A,0,39,4,0,0,33,17:52,0,40,0,0,,0,34,82,,1,0,0,,-13,29,2567.00,13,00:00,70,0,-1250000,0,244,0,,,,,
8477027,,Matthew Deblouw,Deblouw,C,CAL,500000,0,,,,,0,,M,,,,,0,,,0,34,0,0,,0,,,,,,0,,,,,,,,,0,,,,,,,,
8477950,,Tony DeAngelo,DeAngelo,D,NYI,2600000,1,15,19.371429,36,,0,,T,0,4,1,0,0,17,23:21,0,46,0,0,,0,15,35,,1,0,0,,-11,10,678.00,0,00:00,19,0,540000,0,76,0,,,,,
8484538,,Nicholas Deangelis,Deangelis,D,CBJ,500000,0,,,,,0,,N,,,,,0,,,0,38,0,0,,0,,,,,,0,,,,,,,,,,,,,,,,,
8482784,,Zach Dean,Dean,C,STL,500000,1,,,,,0,,Z,,,,,0,,,0,55,1,0,20251028,0,,,,,,0,,,,,,,,,0,,,,,,,2025-09-30,2025-09-30
8477520,,Jean-Sebastien Dea,Dea,C,ARI,500000,0,,,,,0,,J,,,,,0,,,0,52,0,0,,0,,,,,,0,,,,,,,,,0,,,,,,,,
8484455,,Nathaniel Day,Day,G,EDM,500000,1,,,,,0,,N,,,,,0,,,0,41,0,0,,0,,,,,,0,,,,,,,,,,,,,,,,,
8479413,,Sean Day,Day,D,TBL,500000,0,,,,,0,,S,,,,,0,,,0,56,0,0,,0,,,,,,0,,,,,,,,,0,,,,,,,,
8482076,,Nico Daws,Daws,G,NJD,4620000,1,0,51.500000,0,,0,,N,7,0,0,3,0,0,43:49,0,49,0,0,,0,3,6,,0,0,0,,0,0,309.00,0,00:00,0,107,4120000,0,0,1,,93.9,,,
8480240,,Brett Davis,Davis,W,DAL,500000,0,,,,,0,,B,,,,,0,,,0,39,0,0,,0,,,,,,0,,,,,,,,,0,,,,,,,,
8483740,,Josh Davies,Davies,W,FLA,500000,1,,,,,0,,J,,,,,0,,,0,42,0,0,,0,,,,,,0,,,,,,,,,,,,,,,,,
8479602,,Jeremy Davies,Davies,D,OTT,500000,0,,,,,0,,J,,,,,0,,,0,50,0,0,,0,,,,,,0,,,,,,,,,-510000,,,,,,,,
8480004,,Marcus Davidsson,Davidsson,C,BUF,500000,0,,,,,0,,M,,,,,0,,,0,33,0,0,,0,,,,,,0,,,,,,,,,0,,,,,,,,
8480247,,Jonathan Davidsson,Davidsson,W,OTT,500000,0,,,,,0,,J,,,,,0,,,0,50,0,0,,0,,,,,,0,,,,,,,,,0,,,,,,,,
8483728,,Jared Davidson,Davidson,C,MTL,500000,1,,,,,0,,J,,,,,0,,,0,45,0,0,,0,,,,,,0,,,,,,,,,,,,,,,,,
8475869,,Brandon Davidson,Davidson,D,BUF,500000,0,,,,,0,,B,,,,,0,,,0,33,0,0,,0,,,,,,0,,,,,,,,,0,,,,,,,,
8485216,,Hyde Davidson,Davidson,D,EDM,500000,0,,,,,0,,H,,,,,0,,,0,41,0,0,,0,,,,,,0,,,,,,,,,,,,,,,,,
8477460,,Laurent Dauphin,Dauphin,C,ARI,500000,0,,,,,0,,L,,,,,0,,,0,52,0,0,,0,,,,,,0,,,,,,,,,0,,,,,,,,
8467514,,Pavel Datsyuk,Datsyuk,C,ARI,500000,0,,,,,0,,P,,,,,0,,,0,52,0,0,,0,,,,,,0,,,,,,,,,0,,,,,,,,
8474152,,Scott Darling,Darling,G,FLA,500000,0,,,,,0,,S,,,,,0,,,0,42,0,0,,0,,,,,,0,,,,,,,,,0,,,,,,,,
8481713,,Alexandr Darin,Darin,W,ARI,500000,0,,,,,0,,A,,,,,0,,,0,52,0,0,,0,,,,,,0,,,,,,,,,0,,,,,,,,
8478112,,Cameron Darcy,Darcy,C,TBL,500000,0,,,,,0,,C,,,,,0,,,0,56,0,0,,0,,,,,,0,,,,,,,,,0,,,,,,,,
8482458,,Philippe Daoust,Daoust,C,OTT,500000,0,,,,,0,,P,,,,,0,,,0,50,0,0,,0,,,,,,0,,,,,,,,,0,,,,,,,,
8476861,,Oscar Dansk,Dansk,G,ANA,500000,1,,,,,0,,O,,,,,0,,,0,31,0,0,,0,,,,,,0,,,,,,,,,-1020000,,,,,,,,
8477448,,Marko Dano,Dano,C,WPG,500000,0,,,,,0,,M,,,,,0,,,0,60,0,0,,0,,,,,,0,,,,,,,,,0,,,,,,,,
8483108,,Nolan Dann,Dann,W,ARI,500000,0,,,,,0,,N,,,,,0,,,0,52,0,0,,0,,,,,,0,,,,,,,,,0,,,,,,,,
8471186,,Yann Danis,Danis,G,NJD,500000,0,,,,,0,,Y,,,,,0,,,0,49,0,0,,0,,,,,,0,,,,,,,,,0,,,,,,,,
8484160,,Nate Danielson,Danielson,C,DET,500000,1,,,,,0,,N,,,,,0,,,0,40,1,0,20251009,0,,,,,,0,,,,,,,,,,,,,,,,2025-09-30,2025-09-30
8479941,,Justin Danforth,Danforth,W,BUF,2350000,1,12,17.983607,48,,0,,J,0,9,1,0,0,126,14:23,0,33,0,0,,0,27,61,,0,0,0,,-6,18,1097.00,0,00:00,21,0,,1,95,0,,,,,
8484805,,Ben Danford,Danford,D,TOR,500000,1,,,,,0,,B,,,,,0,,,0,57,0,0,,0,,,,,,0,,,,,,,,,,,,,,,,,
8476479,,Phillip Danault,Danault,C,LAK,4560000,1,41,26.430233,78,,0,,P,0,10,4,0,0,96,17:53,0,43,0,0,,0,26,86,,0,0,0,,22,26,2273.00,1,00:00,51,0,1410000,0,131,0,,,,,
8480988,,Riley Damiani,Damiani,C,DAL,500000,0,,,,,0,,R,,,,,0,,,0,39,0,0,,0,,,,,,0,,,,,,,,,0,,,,,,,,
8476342,,Patrick Daly,Daly,D,NJD,500000,0,,,,,0,,P,,,,,0,,,0,49,0,0,,0,,,,,,0,,,,,,,,,0,,,,,,,,
8474610,,Zac Dalpe,Dalpe,C,FLA,500000,1,,,,,0,,Z,,,,,0,,,0,42,0,0,,0,,,,,,0,,,,,,,,,-590000,,,,,,,,
8470110,,Trevor Daley,Daley,D,DET,500000,0,,,,,0,,T,,,,,0,,,0,40,0,0,,0,,,,,,0,,,,,,,,,0,,,,,,,,
8477472,,Carl Dahlstrom,Dahlstrom,D,TOR,500000,0,,,,,0,,C,,,,,0,,,0,57,0,0,,0,,,,,,0,,,,,,,,,0,,,,,,,,
8478925,,John Dahlstrom,Dahlstrom,W,CHI,500000,0,,,,,0,,J,,,,,0,,,0,36,0,0,,0,,,,,,0,,,,,,,,,0,,,,,,,,
8485648,,Aron Dahlqvist,Dahlqvist,D,WSH,500000,1,,,,,0,,A,,,,,0,,,0,59,0,0,,0,,,,,,0,,,,,,,,,,,,,,,,,
8480839,,Rasmus Dahlin,Dahlin,D,BUF,5400000,1,50,38.767123,89,,0,,R,0,17,1,0,0,100,24:14,0,33,0,0,,0,29,73,,1,0,0,,11,54,2830.00,5,00:00,67,0,3600000,0,200,0,,,,,
8479373,,Jonathan Dahlen,Dahlen,C,SJS,500000,0,,,,,0,,J,,,,,0,,,0,54,0,0,,0,,,,,,0,,,,,,,,,0,,,,,,,,
8476403,,Klas Dahlbeck,Dahlbeck,D,CAR,500000,0,,,,,0,,K,,,,,0,,,0,35,0,0,,0,,,,,,0,,,,,,,,,0,,,,,,,,
8474149,,Evgenii Dadonov,Dadonov,W,DAL,3060000,1,23,18.020833,44,,0,,E,0,21,2,0,0,64,13:13,0,39,0,0,,0,33,96,,0,0,0,,-2,12,1730.00,5,00:00,44,0,1200000,0,139,0,,,,,
8481523,,Kirby Dach,Dach,C,MTL,2030000,1,12,15.192982,35,,0,,K,0,10,2,0,0,99,15:40,0,45,0,0,,0,25,57,,0,0,0,,-29,40,866.00,1,00:00,22,0,80000,0,84,0,,,,,
8482703,,Colton Dach,Dach,C,CHI,2220000,1,5,17.760000,11,,0,,C,0,2,0,0,0,86,12:08,0,36,0,0,,0,14,25,,0,0,0,,-3,17,444.00,0,00:00,7,0,1720000,0,27,0,,,,,
8485670,,Kale Dach,Dach,C,PIT,500000,1,,,,,0,,K,,,,,0,,,0,53,0,0,,0,,,,,,0,,,,,,,,,,,,,,,,,
8478916,,Joey Daccord,Daccord,G,SEA,5290000,1,2,39.614035,0,,0,,J,151,0,0,27,0,0,57:49,0,63,0,0,,0,25,57,,0,5,0,,0,0,2258.00,0,00:00,2,1449,3960000,0,0,2,,90.6,,,
8475309,,Jerry D&#x27;Amigo,D&#x27;Amigo,W,BUF,500000,0,,,,,0,,J,,,,,0,,,0,33,0,0,,0,,,,,,0,,,,,,,,,0,,,,,,,,
8483123,,Daniel D&#x27;Amico,D&#x27;Amico,W,STL,500000,0,,,,,0,,D,,,,,0,,,0,55,0,0,,0,,,,,,0,,,,,,,,,0,,,,,,,,
8483063,,Daniel D&#x27;Amato,D&#x27;Amato,W,VGK,500000,0,,,,,0,,D,,,,,0,,,0,62,0,0,,0,,,,,,0,,,,,,,,,0,,,,,,,,
8480394,,Alex D'Orio,D'Orio,G,PIT,500000,0,,,,,0,,A,,,,,0,,,0,53,0,0,,0,,,,,,0,,,,,,,,,0,,,,,,,,
8485569,,Gabriel D'Aigle,D'Aigle,G,PIT,500000,1,,,,,0,,G,,,,,0,,,0,53,0,0,,0,,,,,,0,,,,,,,,,,,,,,,,,
8477814,,Kevin Czuczman,Czuczman,D,MIN,500000,0,,,,,0,,K,,,,,0,,,0,44,0,0,,0,,,,,,0,,,,,,,,,0,,,,,,,,
8485386,,Ethan Czata,Czata,C,TBL,500000,1,,,,,0,,E,,,,,0,,,0,56,0,0,,0,,,,,,0,,,,,,,,,,,,,,,,,
8478512,,Austin Czarnik,Czarnik,C,DET,500000,0,,,,,0,,A,,,,,0,,,0,40,0,0,,0,,,,,,0,,,,,,,,,0,,,,,,,,
8482157,,Will Cuylle,Cuylle,W,NYR,4180000,1,25,30.304878,45,,0,,W,0,20,3,0,0,300,15:05,0,47,0,0,,0,36,82,,0,0,0,,12,42,2485.00,2,00:00,45,0,3680000,2,152,0,,,,,
8474202,,John Curry,Curry,G,MIN,500000,0,,,,,0,,J,,,,,0,,,0,44,0,0,,0,,,,,,0,,,,,,,,,0,,,,,,,,
8477680,,Josh Currie,Currie,W,OTT,500000,0,,,,,0,,J,,,,,0,,,0,50,0,0,,0,,,,,,0,,,,,,,,,0,,,,,,,,
8484846,,Maxmilian Curran,Curran,C,COL,500000,1,,,,,0,,M,,,,,0,,,0,37,0,0,,0,,,,,,0,,,,,,,,,,,,,,,,,
8478212,,Kodie Curran,Curran,D,BOS,500000,0,,,,,0,,K,,,,,0,,,0,32,0,0,,0,,,,,,0,,,,,,,,,0,,,,,,,,
8475414,,Craig Cunningham,Cunningham,W,ARI,500000,0,,,,,0,,C,,,,,0,,,0,52,0,0,,0,,,,,,0,,,,,,,,,0,,,,,,,,
8474837,,Mark Cundari,Cundari,D,SJS,500000,0,,,,,0,,M,,,,,0,,,0,54,0,0,,0,,,,,,0,,,,,,,,,0,,,,,,,,
8471879,,Kyle Cumiskey,Cumiskey,D,CHI,500000,0,,,,,0,,K,,,,,0,,,0,36,0,0,,0,,,,,,0,,,,,,,,,0,,,,,,,,
8485631,,Ashton Cumby,Cumby,D,CHI,500000,1,,,,,0,,A,,,,,0,,,0,36,0,0,,0,,,,,,0,,,,,,,,,,,,,,,,,
8464989,,Matt Cullen,Cullen,C,PIT,500000,0,,,,,0,,M,,,,,0,,,0,53,0,0,,0,,,,,,0,,,,,,,,,0,,,,,,,,
8476950,,Ryan Culkin,Culkin,D,CAL,500000,0,,,,,0,,R,,,,,0,,,0,34,0,0,,0,,,,,,0,,,,,,,,,0,,,,,,,,
8478861,,Karlis Cukste,Cukste,D,SJS,500000,0,,,,,0,,K,,,,,0,,,0,54,0,0,,0,,,,,,0,,,,,,,,,0,,,,,,,,
8481719,,Max Crozier,Crozier,D,TBL,940000,1,0,10.400000,6,,0,,M,0,0,0,0,0,11,16:41,0,56,0,0,,0,3,5,,0,0,0,,0,0,52.00,0,00:00,0,0,440000,0,9,0,,,,,
8485628,,Jackson Crowder,Crowder,C,WSH,500000,1,,,,,0,,J,,,,,0,,,0,59,0,0,,0,,,,,,0,,,,,,,,,,,,,,,,,
8471788,,Tim Crowder,Crowder,W,PIT,500000,0,,,,,0,,T,,,,,0,,,0,53,0,0,,0,,,,,,0,,,,,,,,,0,,,,,,,,
8478474,,Lawson Crouse,Crouse,W,UTA,2240000,1,6,16.037037,42,,0,,L,0,12,2,0,0,193,13:44,0,64,0,0,,0,31,81,,0,0,0,,-4,39,1299.00,1,00:00,18,0,50000,0,126,0,,,,,
8480075,,Cameron Crotty,Crotty,D,OTT,500000,1,0,-10.000000,0,,0,,C,0,0,0,0,0,0,05:08,0,50,0,0,,0,0,1,,0,0,0,,-1,0,-10.00,0,00:00,0,0,0,0,0,0,,,,,
8483765,,Emmett Croteau,Croteau,G,MTL,500000,1,,,,,0,,E,,,,,0,,,0,45,0,0,,0,,,,,,0,,,,,,,,,,,,,,,,,
8474019,,Tommy Cross,Cross,D,STL,500000,0,,,,,0,,T,,,,,0,,,0,55,0,0,,0,,,,,,0,,,,,,,,,0,,,,,,,,
8471675,,Sidney Crosby,Crosby,C,PIT,5570000,1,58,40.725000,37,,0,,S,0,33,10,0,0,66,20:22,0,53,0,0,,0,33,80,,4,0,0,,-20,31,3258.00,12,00:00,91,0,-360000,0,227,0,,,,,
8481065,,Angus Crookshank,Crookshank,C,NJD,770000,1,1,7.875000,4,,0,,A,0,0,0,0,0,11,09:50,0,49,0,0,,0,3,8,,0,0,0,,-1,0,63.00,0,00:00,1,0,270000,0,9,0,,,,,
8480982,,Linus Lindstrand Cronholm,Cronholm,D,BUF,500000,0,,,,,0,,L,,,,,0,,,0,33,0,0,,0,,,,,,0,,,,,,,,,0,,,,,,,,
8470647,,B.J. Crombeen,Crombeen,W,ARI,500000,0,,,,,0,,B,,,,,0,,,0,52,0,0,,0,,,,,,0,,,,,,,,,0,,,,,,,,
8476348,,Michael St. Croix,Croix,C,NYR,500000,0,,,,,0,,M,,,,,0,,,0,47,0,0,,0,,,,,,0,,,,,,,,,0,,,,,,,,
8484594,,Kyle Crnkovic,Crnkovic,W,ANA,500000,0,,,,,0,,K,,,,,0,,,0,31,0,0,,0,,,,,,0,,,,,,,,,,,,,,,,,
8484159,,Andrew Cristall,Cristall,W,WSH,500000,1,,,,,0,,A,,,,,0,,,0,59,0,0,,0,,,,,,0,,,,,,,,,,,,,,,,,
8477398,,Connor Crisp,Crisp,W,MTL,500000,0,,,,,0,,C,,,,,0,,,0,45,0,0,,0,,,,,,0,,,,,,,,,0,,,,,,,,
8479304,,Kyle Criscuolo,Criscuolo,C,NJD,500000,0,,,,,0,,K,,,,,0,,,0,49,0,0,,0,,,,,,0,,,,,,,,,0,,,,,,,,
8481806,,Louis Crevier,Crevier,D,CHI,1480000,1,2,11.718750,42,,0,,L,0,3,0,0,0,70,17:17,0,36,0,0,,0,13,32,,0,0,0,,-6,10,375.00,0,00:00,5,0,,0,28,0,,,,,
8480033,,Antoine Crete-Belzile,Crete-Belzile,D,FA,500000,0,,,,,0,,A,,,,,0,,,0,0,0,0,,0,,,,,,0,,,,,,,,,0,,,,,,,,
8476020,,Andrew Crescenzi,Crescenzi,C,LAK,500000,0,,,,,0,,A,,,,,0,,,0,43,0,0,,0,,,,,,0,,,,,,,,,0,,,,,,,,
8480104,,Troy Crema,Crema,W,FA,500000,0,,,,,0,,T,,,,,0,,,0,0,0,0,,0,,,,,,0,,,,,,,,,0,,,,,,,,
8479027,,Brandon Crawley,Crawley,D,NYR,500000,0,,,,,0,,B,,,,,0,,,0,47,0,0,,0,,,,,,0,,,,,,,,,0,,,,,,,,
8470645,,Corey Crawford,Crawford,G,NJD,500000,0,,,,,0,,C,,,,,0,,,0,49,0,0,,0,,,,,,0,,,,,,,,,-4290000,,,,,,,,
8479025,,Marcus Crawford,Crawford,D,NJD,500000,0,,,,,0,,M,,,,,0,,,0,49,0,0,,0,,,,,,0,,,,,,,,,0,,,,,,,,
8482205,,Will Cranley,Cranley,G,STL,500000,1,,,,,0,,W,,,,,0,,,0,55,0,0,,0,,,,,,0,,,,,,,,,0,,,,,,,,
8475890,,Christopher Crane,Crane,W,SJS,500000,0,,,,,0,,C,,,,,0,,,0,54,0,0,,0,,,,,,0,,,,,,,,,0,,,,,,,,
8476390,,Joseph Cramarossa,Cramarossa,C,MIN,500000,0,,,,,0,,J,,,,,0,,,0,44,0,0,,0,,,,,,0,,,,,,,,,-510000,,,,,,,,
8470065,,Ryan Craig,Craig,C,CBJ,500000,0,,,,,0,,R,,,,,0,,,0,38,0,0,,0,,,,,,0,,,,,,,,,0,,,,,,,,
8481496,,Lukas Craggs,Craggs,W,NSH,500000,0,,,,,0,,L,,,,,0,,,0,48,0,0,,0,,,,,,0,,,,,,,,,0,,,,,,,,
8471490,,Adam Cracknell,Cracknell,W,EDM,500000,0,,,,,0,,A,,,,,0,,,0,41,0,0,,0,,,,,,0,,,,,,,,,0,,,,,,,,
8481528,,Dylan Cozens,Cozens,C,OTT,4230000,1,32,26.681818,42,,0,,D,0,17,2,0,0,232,17:02,0,50,0,0,,0,35,88,,0,0,0,,-19,80,2348.00,5,00:00,49,0,2850000,1,200,0,,,,,
8475745,,Charlie Coyle,Coyle,C,COL,2790000,1,18,17.688889,64,,0,,C,0,18,3,0,0,131,16:40,0,37,0,0,,0,34,90,,0,0,0,,-13,26,1592.00,3,00:00,36,0,500000,1,122,0,,,,,
8478944,,Trevor Cox,Cox,W,WSH,500000,0,,,,,0,,T,,,,,0,,,0,59,0,0,,0,,,,,,0,,,,,,,,,0,,,,,,,,
8477418,,Evan Cowley,Cowley,G,FLA,500000,0,,,,,0,,E,,,,,0,,,0,42,0,0,,0,,,,,,0,,,,,,,,,0,,,,,,,,
8475174,,Jared Cowen,Cowen,D,TOR,500000,0,,,,,0,,J,,,,,0,,,0,57,0,0,,0,,,,,,0,,,,,,,,,0,,,,,,,,
8484158,,Easton Cowan,Cowan,W,TOR,500000,1,,,,,0,,E,,,,,0,,,0,57,0,0,,0,,,,,,0,,,,,,,,,,,,,,,,,
8485144,,Dawson Cowan,Cowan,G,SJS,500000,0,,,,,0,,D,,,,,0,,,0,54,0,0,,0,,,,,,0,,,,,,,,,,,,,,,,,
8476461,,Sean Couturier,Couturier,C,PHI,3210000,1,30,23.430380,45,,0,,S,0,15,2,0,0,54,17:18,0,51,0,0,,0,38,79,,1,0,0,,1,41,1851.00,1,00:00,45,0,-930000,0,155,0,,,,,
8474053,,Logan Couture,Couture,C,SJS,500000,1,,,,,0,,L,,,,,0,,,0,54,1,0,20250915,0,,,,,,0,,,,,,,,,-2580000,,,,,,,2025-10-01,2025-10-01
8476393,,Nick Cousins,Cousins,C,OTT,2290000,1,9,15.927273,25,,0,,N,0,6,0,0,0,99,11:40,0,50,0,0,,0,19,55,,0,0,0,,-1,41,876.00,0,00:00,15,0,-350000,0,70,0,,,,,
8485615,,Alexis Cournoyer,Cournoyer,G,MTL,500000,1,,,,,0,,A,,,,,0,,,0,45,0,0,,0,,,,,,0,,,,,,,,,,,,,,,,,
8483919,,Antoine Coulombe,Coulombe,G,MTL,500000,0,,,,,0,,A,,,,,0,,,0,45,0,0,,0,,,,,,0,,,,,,,,,,,,,,,,,
8484470,,Luke Coughlin,Coughlin,D,FLA,500000,1,,,,,0,,L,,,,,0,,,0,42,0,0,,0,,,,,,0,,,,,,,,,,,,,,,,,
8478059,,Liam Coughlin,Coughlin,C,CHI,500000,0,,,,,0,,L,,,,,0,,,0,36,0,0,,0,,,,,,0,,,,,,,,,0,,,,,,,,
8478504,,David Cotton,Cotton,C,CAR,500000,0,,,,,0,,D,,,,,0,,,0,35,0,0,,0,,,,,,0,,,,,,,,,0,,,,,,,,
8482069,,Jason Cotton,Cotton,C,CAR,500000,0,,,,,0,,J,,,,,0,,,0,35,0,0,,0,,,,,,0,,,,,,,,,0,,,,,,,,
8482182,,Alex Cotton,Cotton,D,DET,500000,0,,,,,0,,A,,,,,0,,,0,40,0,0,,0,,,,,,0,,,,,,,,,0,,,,,,,,
8481032,,Paul Cotter,Cotter,W,NJD,2790000,1,7,17.476190,33,,0,,P,0,16,3,0,0,265,13:09,0,49,0,0,,0,34,84,,1,0,0,,-15,64,1468.00,0,00:00,23,0,2290000,0,95,0,,,,,
8481150,,Tristan Cote-Cazenave,Cote-Cazenave,G,PIT,500000,0,,,,,0,,T,,,,,0,,,0,53,0,0,,0,,,,,,0,,,,,,,,,0,,,,,,,,
8483824,,Charles Cote,Cote,D,ANA,500000,0,,,,,0,,C,,,,,0,,,0,31,0,0,,0,,,,,,0,,,,,,,,,,,,,,,,,
8481736,,Arvid Costmar,Costmar,C,VAN,500000,0,,,,,0,,A,,,,,0,,,0,58,0,0,,0,,,,,,0,,,,,,,,,0,,,,,,,,
8482219,,Matteo Costantini,Costantini,C,BUF,500000,1,,,,,0,,M,,,,,0,,,0,33,0,0,,0,,,,,,0,,,,,,,,,0,,,,,,,,
8483791,,Marco Costantini,Costantini,G,TOR,500000,0,,,,,0,,M,,,,,0,,,0,57,0,0,,0,,,,,,0,,,,,,,,,,,,,,,,,
8476205,,Stephane Da Costa,Costa,C,OTT,500000,0,,,,,0,,S,,,,,0,,,0,50,0,0,,0,,,,,,0,,,,,,,,,0,,,,,,,,
8482657,,Sebastian Cossa,Cossa,G,DET,1680000,1,0,44.000000,0,,0,,S,2,0,0,1,0,0,45:00,0,40,0,0,,0,0,1,,0,0,0,,0,0,44.00,0,00:00,0,12,580000,0,0,0,,85.7,,,
8480371,,Cole Coskey,Coskey,W,NYI,500000,0,,,,,0,,C,,,,,0,,,0,46,0,0,,0,,,,,,0,,,,,,,,,0,,,,,,,,
8476302,,Frank Corrado,Corrado,D,PIT,500000,0,,,,,0,,F,,,,,0,,,0,53,0,0,,0,,,,,,0,,,,,,,,,0,,,,,,,,
8482679,,Matt Coronato,Coronato,W,CAL,3470000,1,23,25.311688,36,,0,,M,0,24,4,0,0,36,17:35,0,34,0,0,,0,24,77,,1,0,0,,6,25,1949.00,5,00:00,47,0,2070000,0,180,0,,,,,
8477975,,Eric Cornel,Cornel,C,BUF,500000,0,,,,,0,,E,,,,,0,,,0,33,0,0,,0,,,,,,0,,,,,,,,,0,,,,,,,,
8482141,,Lukas Cormier,Cormier,D,VGK,500000,1,,,,,0,,L,,,,,0,,,0,62,0,0,,0,,,,,,0,,,,,,,,,0,,,,,,,,
8474616,,Patrice Cormier,Cormier,C,WPG,500000,0,,,,,0,,P,,,,,0,,,0,60,0,0,,0,,,,,,0,,,,,,,,,0,,,,,,,,
8479331,,Evan Cormier,Cormier,G,FLA,500000,0,,,,,0,,E,,,,,0,,,0,42,0,0,,0,,,,,,0,,,,,,,,,0,,,,,,,,
8479715,,Lane Cormier,Cormier,W,FA,500000,0,,,,,0,,L,,,,,0,,,0,0,0,0,,0,,,,,,0,,,,,,,,,0,,,,,,,,
8477225,,Jared Coreau,Coreau,G,STL,500000,0,,,,,0,,J,,,,,0,,,0,55,0,0,,0,,,,,,0,,,,,,,,,0,,,,,,,,
8480993,,Connor Corcoran,Corcoran,D,VGK,500000,0,,,,,0,,C,,,,,0,,,0,62,0,0,,0,,,,,,0,,,,,,,,,0,,,,,,,,
8477083,,Cody Corbett,Corbett,D,COL,500000,0,,,,,0,,C,,,,,0,,,0,37,0,0,,0,,,,,,0,,,,,,,,,0,,,,,,,,
8485206,,Nate Corbet,Corbet,D,LAK,500000,1,,,,,0,,N,,,,,0,,,0,43,0,0,,0,,,,,,0,,,,,,,,,,,,,,,,,
8484491,,Matt Copponi,Copponi,C,EDM,500000,1,,,,,0,,M,,,,,0,,,0,41,0,0,,0,,,,,,0,,,,,,,,,,,,,,,,,
8477429,,Andrew Copp,Copp,C,DET,2190000,1,13,16.410714,34,,0,,A,0,10,2,0,0,9,14:42,0,40,0,0,,0,21,56,,0,0,0,,4,8,919.00,0,00:00,23,0,-1880000,1,67,0,,,,,
8477831,,Pheonix Copley,Copley,G,LAK,500000,1,0,-10.000000,0,,0,,P,2,0,0,0,0,0,27:29,0,43,0,0,,0,1,1,,0,0,0,,0,0,-10.00,0,00:00,0,10,0,0,0,0,,83.3,,,
8485385,,Braeden Cootes,Cootes,C,VAN,1940000,1,,,,,0,,B,,,,,0,,,0,58,0,0,,0,,,,,,0,,,,,,,,,,,,,,,,,
8476942,,Brian Cooper,Cooper,D,ANA,500000,0,,,,,0,,B,,,,,0,,,0,31,0,0,,0,,,,,,0,,,,,,,,,0,,,,,,,,
8485177,,Miles Cooper,Cooper,C,COL,500000,0,,,,,0,,M,,,,,0,,,0,37,0,0,,0,,,,,,0,,,,,,,,,,,,,,,,,
8482445,,Devin Cooley,Cooley,G,CAL,500000,1,,,,,0,,D,,,,,0,,,0,34,0,0,,0,,,,,,0,,,,,,,,,0,,,,,,,,
8483431,,Logan Cooley,Cooley,C,UTA,4400000,1,40,31.800000,32,,0,,L,0,25,2,0,0,63,17:52,0,64,1,0,20250925,0,28,75,,0,0,0,,1,46,2385.00,7,00:00,65,0,,0,156,0,,,,2025-09-22,2025-09-22
8465951,,Matt Cooke,Cooke,W,MIN,500000,0,,,,,0,,M,,,,,0,,,0,44,0,0,,0,,,,,,0,,,,,,,,,0,,,,,,,,
8481514,,Scott Conway,Conway,C,BOS,500000,0,,,,,0,,S,,,,,0,,,0,32,0,0,,0,,,,,,0,,,,,,,,,0,,,,,,,,
8481584,,William Constantinou,Constantinou,D,LAK,500000,0,,,,,0,,W,,,,,0,,,0,43,0,0,,0,,,,,,0,,,,,,,,,0,,,,,,,,
8485814,,Owen Conrad,Conrad,D,TOR,500000,1,,,,,0,,O,,,,,0,,,0,57,0,0,,0,,,,,,0,,,,,,,,,,,,,,,,,
8483675,,Kenny Connors,Connors,C,LAK,500000,1,,,,,0,,K,,,,,0,,,0,43,0,0,,0,,,,,,0,,,,,,,,,,,,,,,,,
8478398,,Kyle Connor,Connor,W,WPG,7690000,1,68,45.326316,50,,0,,K,0,46,10,0,0,32,20:39,0,60,0,0,,0,28,95,,2,0,0,,21,25,4306.00,9,00:00,114,0,2890000,2,311,0,,,,,
8485085,,Joe Connor,Connor,W,TBL,500000,1,,,,,0,,J,,,,,0,,,0,56,0,0,,0,,,,,,0,,,,,,,,,,,,,,,,,
8475792,,Brett Connolly,Connolly,W,CHI,500000,0,,,,,0,,B,,,,,0,,,0,36,0,0,,0,,,,,,0,,,,,,,,,-870000,,,,,,,,
8472368,,Chris Conner,Conner,W,PHI,500000,0,,,,,0,,C,,,,,0,,,0,51,0,0,,0,,,,,,0,,,,,,,,,0,,,,,,,,
8484803,,Trevor Connelly,Connelly,W,VGK,500000,1,,,,,0,,T,,,,,0,,,0,62,0,0,,0,,,,,,0,,,,,,,,,,,,,,,,,
8475246,,Kevin Connauton,Connauton,D,UTA,500000,1,,,,,0,,K,,,,,0,,,0,64,0,0,,0,,,,,,0,,,,,,,,,-930000,,,,,,,,
8484458,,Ryan Conmy,Conmy,W,LAK,500000,1,,,,,0,,R,,,,,0,,,0,43,0,0,,0,,,,,,0,,,,,,,,,,,,,,,,,
8473588,,Erik Condra,Condra,W,DAL,500000,0,,,,,0,,E,,,,,0,,,0,39,0,0,,0,,,,,,0,,,,,,,,,0,,,,,,,,
8483549,,Lucas Condotta,Condotta,W,MTL,620000,1,0,5.857143,3,,0,,L,0,1,0,0,0,10,08:12,0,45,0,0,,0,4,7,,0,0,0,,-2,0,41.00,0,00:00,1,0,,0,5,0,,,,,
8477237,,Mike Condon,Condon,G,TBL,500000,0,,,,,0,,M,,,,,0,,,0,56,0,0,,0,,,,,,0,,,,,,,,,0,,,,,,,,
8476195,,Cory Conacher,Conacher,C,TBL,500000,0,,,,,0,,C,,,,,0,,,0,56,0,0,,0,,,,,,0,,,,,,,,,0,,,,,,,,
8480031,,Max Comtois,Comtois,W,CAR,500000,0,,,,,0,,M,,,,,0,,,0,35,0,0,,0,,,,,,0,,,,,,,,,-3050000,,,,,,,,
8477480,,Eric Comrie,Comrie,G,WPG,5410000,1,0,38.130435,0,,0,,E,48,0,0,9,0,0,53:09,0,60,0,0,,0,13,23,,0,1,0,,0,0,877.00,0,00:00,0,511,3180000,0,0,2,,91.4,,,
8479028,,Ty Comrie,Comrie,C,LAK,500000,0,,,,,0,,T,,,,,0,,,0,43,0,0,,0,,,,,,0,,,,,,,,,0,,,,,,,,
8477456,,J.T. Compher,Compher,W,DET,2390000,1,21,17.000000,63,,0,,J,0,11,3,0,0,29,16:41,0,40,0,0,,0,34,76,,0,0,0,,-7,24,1292.00,5,00:00,32,0,-440000,0,98,0,,,,,
8479720,,Domenic Commisso,Commisso,C,MIN,500000,0,,,,,0,,D,,,,,0,,,0,44,0,0,,0,,,,,,0,,,,,,,,,0,,,,,,,,
8482123,,Drew Commesso,Commesso,G,CHI,500000,1,0,-8.000000,0,,0,,D,4,0,0,0,0,0,35:41,0,36,0,0,,0,2,2,,0,0,0,,0,0,-16.00,0,00:00,0,22,0,0,0,0,,84.6,,,
8471260,,Blake Comeau,Comeau,W,DAL,500000,0,,,,,0,,B,,,,,0,,,0,39,0,0,,0,,,,,,0,,,,,,,,,-1360000,,,,,,,,
8479525,,Ross Colton,Colton,C,COL,3440000,1,13,24.274194,39,,0,,R,0,16,3,0,0,148,14:18,0,37,0,0,,0,17,62,,0,0,0,,-1,18,1505.00,5,00:00,29,0,270000,0,126,0,,,,,
8474744,,Sean Collins,Collins,C,WSH,500000,0,,,,,0,,S,,,,,0,,,0,59,0,0,,0,,,,,,0,,,,,,,,,0,,,,,,,,
8477978,,Ryan Collins,Collins,D,CBJ,500000,0,,,,,0,,R,,,,,0,,,0,38,0,0,,0,,,,,,0,,,,,,,,,0,,,,,,,,
8479963,,Stephen Collins,Collins,W,WSH,500000,0,,,,,0,,S,,,,,0,,,0,59,0,0,,0,,,,,,0,,,,,,,,,0,,,,,,,,
8483759,,Nolan Collins,Collins,D,CBJ,500000,0,,,,,0,,N,,,,,0,,,0,38,0,0,,0,,,,,,0,,,,,,,,,,,,,,,,,
8477049,,Brendan Collier,Collier,W,CAR,500000,0,,,,,0,,B,,,,,0,,,0,35,0,0,,0,,,,,,0,,,,,,,,,0,,,,,,,,
8477936,,Michael Dal Colle,Colle,W,NYI,500000,0,,,,,0,,M,,,,,0,,,0,46,0,0,,0,,,,,,0,,,,,,,,,-630000,,,,,,,,
8476863,,Sebastian Collberg,Collberg,W,NYI,500000,0,,,,,0,,S,,,,,0,,,0,46,0,0,,0,,,,,,0,,,,,,,,,0,,,,,,,,
8476399,,Blake Coleman,Coleman,C,CAL,3510000,1,24,25.085366,63,,0,,B,0,15,4,0,0,176,17:41,0,34,0,0,,0,27,82,,0,0,0,,-3,36,2057.00,4,00:00,39,0,-1320000,1,193,0,,,,,
8474013,,Ian Cole,Cole,D,UTA,2350000,1,16,16.756098,197,,0,,I,0,1,0,0,0,106,20:17,0,64,0,0,,0,31,82,,0,0,0,,-2,77,1374.00,0,00:00,17,0,210000,0,66,0,,,,,
8467396,,Erik Cole,Cole,W,DET,500000,0,,,,,0,,E,,,,,0,,,0,40,0,0,,0,,,,,,0,,,,,,,,,0,,,,,,,,
8474577,,Joe Colborne,Colborne,C,COL,500000,0,,,,,0,,J,,,,,0,,,0,37,0,0,,0,,,,,,0,,,,,,,,,0,,,,,,,,
8482118,,Sam Colangelo,Colangelo,W,ANA,2200000,1,2,17.375000,17,,0,,S,0,10,1,0,0,67,12:29,0,31,0,0,,0,16,32,,0,0,0,,-4,2,556.00,2,00:00,12,0,1700000,0,41,0,,,,,
8469470,,Carlo Colaiacovo,Colaiacovo,D,BUF,500000,0,,,,,0,,C,,,,,0,,,0,33,0,0,,0,,,,,,0,,,,,,,,,0,,,,,,,,
8471699,,Andrew Cogliano,Cogliano,C,COL,500000,0,,,,,0,,A,,,,,0,,,0,37,0,0,,0,,,,,,0,,,,,,,,,-1090000,,,,,,,,
8479639,,Dylan Coghlan,Coghlan,D,VGK,870000,1,0,9.333333,6,,0,,D,0,0,0,0,0,2,15:21,0,62,0,0,,0,2,6,,0,0,0,,1,4,56.00,0,00:00,0,0,-430000,0,9,0,,,,,
8482086,,Brandon Coe,Coe,W,SJS,500000,0,,,,,0,,B,,,,,0,,,0,54,0,0,,0,,,,,,0,,,,,,,,,0,,,,,,,,
8482978,,Davis Codd,Codd,W,STL,500000,0,,,,,0,,D,,,,,0,,,0,55,0,0,,0,,,,,,0,,,,,,,,,0,,,,,,,,
8480268,,Logan Cockerill,Cockerill,W,NYI,500000,0,,,,,0,,L,,,,,0,,,0,46,0,0,,0,,,,,,0,,,,,,,,,0,,,,,,,,
8470601,,Braydon Coburn,Coburn,D,NYI,500000,0,,,,,0,,B,,,,,0,,,0,46,0,0,,0,,,,,,0,,,,,,,,,-500000,,,,,,,,
8473504,,Cal Clutterbuck,Clutterbuck,W,NYI,500000,0,,,,,0,,C,,,,,0,,,0,46,0,0,,0,,,,,,0,,,,,,,,,-2380000,,,,,,,,
8479594,,Nathan Clurman,Clurman,D,MTL,850000,1,0,16.000000,0,,0,,N,0,0,0,0,0,1,11:05,0,45,0,0,,0,0,1,,0,0,0,,0,2,16.00,0,00:00,0,0,350000,0,4,0,,,,,
8471733,,Rich Clune,Clune,W,TOR,500000,0,,,,,0,,R,,,,,0,,,0,57,0,0,,0,,,,,,0,,,,,,,,,0,,,,,,,,
8469622,,Ryane Clowe,Clowe,W,NJD,500000,0,,,,,0,,R,,,,,0,,,0,49,0,0,,0,,,,,,0,,,,,,,,,0,,,,,,,,
8485030,,Louka Cloutier,Cloutier,G,COL,500000,1,,,,,0,,L,,,,,0,,,0,37,0,0,,0,,,,,,0,,,,,,,,,,,,,,,,,
8485689,,Jacob Cloutier,Cloutier,W,WPG,500000,1,,,,,0,,J,,,,,0,,,0,60,0,0,,0,,,,,,0,,,,,,,,,,,,,,,,,
8485141,,Justin Cloutier,Cloutier,W,PIT,500000,0,,,,,0,,J,,,,,0,,,0,53,0,0,,0,,,,,,0,,,,,,,,,,,,,,,,,
8471482,,Grant Clitsome,Clitsome,D,WPG,500000,0,,,,,0,,G,,,,,0,,,0,60,0,0,,0,,,,,,0,,,,,,,,,0,,,,,,,,
8477365,,Connor Clifton,Clifton,D,BUF,2260000,1,15,16.863014,106,,0,,C,0,1,0,0,0,209,16:03,0,33,0,0,,0,32,73,,0,0,0,,-6,45,1231.00,0,00:00,16,0,-260000,0,63,0,,,,,
8479950,,Tim Clifton,Clifton,C,SJS,500000,0,,,,,0,,T,,,,,0,,,0,54,0,0,,0,,,,,,0,,,,,,,,,0,,,,,,,,
8475160,,Kyle Clifford,Clifford,W,TOR,500000,0,,,,,0,,K,,,,,0,,,0,57,0,0,,0,,,,,,0,,,,,,,,,-1050000,,,,,,,,
8471718,,Marc-Andre Cliche,Cliche,C,NYI,500000,0,,,,,0,,M,,,,,0,,,0,46,0,0,,0,,,,,,0,,,,,,,,,0,,,,,,,,
8484157,,Brady Cleveland,Cleveland,D,DET,500000,1,,,,,0,,B,,,,,0,,,0,40,0,0,,0,,,,,,0,,,,,,,,,,,,,,,,,
8476431,,Adam Clendening,Clendening,D,PHI,500000,0,,,,,0,,A,,,,,0,,,0,51,0,0,,0,,,,,,0,,,,,,,,,0,,,,,,,,
8466339,,Scott Clemmensen,Clemmensen,G,NJD,500000,0,,,,,0,,S,,,,,0,,,0,49,0,0,,0,,,,,,0,,,,,,,,,0,,,,,,,,
8480370,,Matias Cleland,Cleland,D,FA,500000,0,,,,,0,,M,,,,,0,,,0,0,0,0,,0,,,,,,0,,,,,,,,,0,,,,,,,,
8466149,,Daniel Cleary,Cleary,W,DET,500000,0,,,,,0,,D,,,,,0,,,0,40,0,0,,0,,,,,,0,,,,,,,,,0,,,,,,,,
8482839,,Cole Clayton,Clayton,D,SJS,500000,1,,,,,0,,C,,,,,0,,,0,54,0,0,,0,,,,,,0,,,,,,,,,0,,,,,,,,
8484529,,Connor Clattenburg,Clattenburg,C,EDM,500000,1,,,,,0,,C,,,,,0,,,0,41,0,0,,0,,,,,,0,,,,,,,,,,,,,,,,,
8470920,,David Clarkson,Clarkson,W,VGK,500000,0,,,,,0,,D,,,,,0,,,0,62,0,0,,0,,,,,,0,,,,,,,,,0,,,,,,,,
8481578,,Graeme Clarke,Clarke,W,WSH,500000,1,,,,,0,,G,,,,,0,,,0,59,0,0,,0,,,,,,0,,,,,,,,,0,,,,,,,,
8482730,,Brandt Clarke,Clarke,D,LAK,3360000,1,28,21.130952,118,,0,,B,0,7,0,0,0,26,16:02,0,43,0,0,,0,24,84,,0,0,0,,14,46,1775.00,3,00:00,35,0,1560000,0,137,0,,,,,
8479590,,Cam Clarke,Clarke,D,BOS,500000,0,,,,,0,,C,,,,,0,,,0,32,0,0,,0,,,,,,0,,,,,,,,,0,,,,,,,,
8482939,,Chase Clark,Clark,G,WSH,500000,1,,,,,0,,C,,,,,0,,,0,59,0,0,,0,,,,,,0,,,,,,,,,0,,,,,,,,
8484462,,Warren Clark,Clark,D,TBL,500000,1,,,,,0,,W,,,,,0,,,0,56,0,0,,0,,,,,,0,,,,,,,,,,,,,,,,,
8484487,,James Clark,Clark,W,MIN,500000,1,,,,,0,,J,,,,,0,,,0,44,0,0,,0,,,,,,0,,,,,,,,,,,,,,,,,
8475162,,Mat Clark,Clark,D,COL,500000,0,,,,,0,,M,,,,,0,,,0,37,0,0,,0,,,,,,0,,,,,,,,,0,,,,,,,,
8480804,,Kody Clark,Clark,W,WSH,500000,0,,,,,0,,K,,,,,0,,,0,59,0,0,,0,,,,,,0,,,,,,,,,0,,,,,,,,
8484391,,Damian Clara,Clara,G,ANA,500000,1,,,,,0,,D,,,,,0,,,0,31,0,0,,0,,,,,,0,,,,,,,,,,,,,,,,,
8482477,,Calle Clang,Clang,G,ANA,500000,1,,,,,0,,C,,,,,0,,,0,31,0,0,,0,,,,,,0,,,,,,,,,0,,,,,,,,
8479348,,Kale Clague,Clague,D,WPG,500000,1,,,,,0,,K,,,,,0,,,0,60,0,0,,0,,,,,,0,,,,,,,,,-620000,,,,,,,,
8476368,,Fredrik Claesson,Claesson,D,TBL,500000,0,,,,,0,,F,,,,,0,,,0,56,0,0,,0,,,,,,0,,,,,,,,,-580000,,,,,,,,
8475231,,Casey Cizikas,Cizikas,C,NYI,2030000,1,10,14.731707,62,,0,,C,0,7,1,0,0,201,13:02,0,46,0,0,,0,34,82,,0,0,0,,-13,51,1208.00,0,00:00,17,0,-560000,1,97,0,,,,,
8475858,,Yasin Cisse,Cisse,W,WPG,500000,0,,,,,0,,Y,,,,,0,,,0,60,0,0,,0,,,,,,0,,,,,,,,,0,,,,,,,,
8478519,,Anthony Cirelli,Cirelli,C,TBL,4830000,1,32,30.788235,73,,0,,A,0,28,2,0,0,39,18:33,0,56,0,0,,0,30,85,,0,0,0,,26,46,2617.00,3,00:00,60,0,1220000,4,165,0,,,,,
8482889,,Lucas Ciona,Ciona,W,CAL,500000,1,,,,,0,,L,,,,,0,,,0,34,0,0,,0,,,,,,0,,,,,,,,,0,,,,,,,,
8485384,,Vojtech Cihar,Cihar,W,LAK,500000,1,,,,,0,,V,,,,,0,,,0,43,0,0,,0,,,,,,0,,,,,,,,,,,,,,,,,
8484156,,Alex Ciernik,Ciernik,W,PHI,500000,1,,,,,0,,A,,,,,0,,,0,51,0,0,,0,,,,,,0,,,,,,,,,,,,,,,,,
8475333,,Michael Cichy,Cichy,C,MTL,500000,0,,,,,0,,M,,,,,0,,,0,45,0,0,,0,,,,,,0,,,,,,,,,0,,,,,,,,
8482824,,Nick Cicek,Cicek,D,CAL,500000,1,,,,,0,,N,,,,,0,,,0,34,0,0,,0,,,,,,0,,,,,,,,,,,,,,,,,
8481091,,Ryan Chyzowski,Chyzowski,C,VGK,500000,0,,,,,0,,R,,,,,0,,,0,62,0,0,,0,,,,,,0,,,,,,,,,0,,,,,,,,
8480078,,Filip Chytil,Chytil,C,VAN,2360000,1,13,17.750000,13,,0,,F,0,13,1,0,0,19,14:58,0,58,0,0,,0,23,56,,0,0,0,,-7,18,994.00,1,00:00,26,0,-320000,0,133,0,,,,,
8481718,,Semyon Chystyakov,Chystyakov,D,NSH,500000,1,,,,,0,,S,,,,,0,,,0,48,0,0,,0,,,,,,0,,,,,,,,,0,,,,,,,,
8479345,,Jakob Chychrun,Chychrun,D,WSH,5170000,1,29,31.226190,108,,0,,J,0,23,7,0,0,72,21:24,0,59,0,0,,0,22,84,,1,0,0,,20,58,2623.00,5,00:00,52,0,860000,0,197,0,,,,,
8478901,,Ivan Chukarov,Chukarov,D,BUF,500000,0,,,,,0,,I,,,,,0,,,0,33,0,0,,0,,,,,,0,,,,,,,,,0,,,,,,,,
8475892,,Maxim Chudinov,Chudinov,D,BOS,500000,0,,,,,0,,M,,,,,0,,,0,32,0,0,,0,,,,,,0,,,,,,,,,0,,,,,,,,
8480992,,Magnus Chrona,Chrona,G,NSH,500000,1,,,,,0,,M,,,,,0,,,0,48,0,0,,0,,,,,,0,,,,,,,,,0,,,,,,,,
8482160,,Martin Chromiak,Chromiak,W,LAK,500000,1,,,,,0,,M,,,,,0,,,0,43,0,0,,0,,,,,,0,,,,,,,,,0,,,,,,,,
8485824,,Jakub Chromiak,Chromiak,D,CBJ,500000,1,,,,,0,,J,,,,,0,,,0,38,0,0,,0,,,,,,0,,,,,,,,,,,,,,,,,
8483044,,Paul Christopoulos,Christopoulos,D,CAR,500000,0,,,,,0,,P,,,,,0,,,0,35,0,0,,0,,,,,,0,,,,,,,,,0,,,,,,,,
8481161,,Jake Christiansen,Christiansen,D,CBJ,1270000,1,7,9.308824,62,,0,,J,0,1,0,0,0,50,12:32,0,38,0,0,,0,26,68,,0,0,0,,6,11,633.00,0,00:00,8,0,770000,0,58,0,,,,,
8479605,,Nikolaj Krag Christensen,Christensen,C,STL,500000,0,,,,,0,,N,,,,,0,,,0,55,0,0,,0,,,,,,0,,,,,,,,,0,,,,,,,,
8485429,,Jan Chovan,Chovan,C,LAK,500000,1,,,,,0,,J,,,,,0,,,0,43,0,0,,0,,,,,,0,,,,,,,,,,,,,,,,,
8484991,,Emile Chouinard,Chouinard,D,PHI,500000,0,,,,,0,,E,,,,,0,,,0,51,0,0,,0,,,,,,0,,,,,,,,,,,,,,,,,
8471710,,Taylor Chorney,Chorney,D,WSH,500000,0,,,,,0,,T,,,,,0,,,0,59,0,0,,0,,,,,,0,,,,,,,,,0,,,,,,,,
8479395,,Dennis Cholowski,Cholowski,D,NJD,1440000,1,7,9.853659,35,,0,,D,0,3,0,0,0,5,12:52,0,49,0,0,,0,21,41,,0,0,0,,-2,10,404.00,0,00:00,10,0,510000,0,32,0,,,,,
8482943,,Artur Cholach,Cholach,D,VGK,500000,0,,,,,0,,A,,,,,0,,,0,62,0,0,,0,,,,,,0,,,,,,,,,0,,,,,,,,
8480053,,Sasha Chmelevski,Chmelevski,C,SJS,500000,1,,,,,0,,S,,,,,0,,,0,54,0,0,,0,,,,,,0,,,,,,,,,-640000,,,,,,,,
8482877,,Jaroslav Chmelar,Chmelar,W,NYR,500000,1,,,,,0,,J,,,,,0,,,0,47,0,0,,0,,,,,,0,,,,,,,,,0,,,,,,,,
8478488,,Filip Chlapik,Chlapik,C,OTT,500000,0,,,,,0,,F,,,,,0,,,0,50,0,0,,0,,,,,,0,,,,,,,,,-270000,,,,,,,,
8479569,,Braydyn Chizen,Chizen,D,MIN,500000,0,,,,,0,,B,,,,,0,,,0,44,0,0,,0,,,,,,0,,,,,,,,,0,,,,,,,,
8480990,,Declan Chisholm,Chisholm,D,MIN,1310000,1,10,9.606061,60,,0,,D,0,2,1,0,0,33,17:00,0,44,0,0,,0,25,66,,0,0,0,,-5,10,634.00,1,00:00,12,0,810000,0,69,0,,,,,
8471231,,Kyle Chipchura,Chipchura,C,ARI,500000,0,,,,,0,,K,,,,,0,,,0,52,0,0,,0,,,,,,0,,,,,,,,,0,,,,,,,,
8481193,,Lucas Chiodo,Chiodo,W,CBJ,500000,0,,,,,0,,L,,,,,0,,,0,38,0,0,,0,,,,,,0,,,,,,,,,0,,,,,,,,
8482475,,Yegor Chinakhov,Chinakhov,W,CBJ,2590000,1,8,20.566667,10,,0,,Y,0,7,1,0,0,47,15:43,0,38,0,0,,0,15,30,,0,0,0,,-6,4,617.00,2,00:00,15,0,2090000,0,68,0,,,,,
8466251,,Jason Chimera,Chimera,W,ANA,500000,0,,,,,0,,J,,,,,0,,,0,31,0,0,,0,,,,,,0,,,,,,,,,0,,,,,,,,
8482787,,Nikita Chibrikov,Chibrikov,W,WPG,1290000,1,1,30.750000,4,,0,,N,0,2,0,0,0,9,11:24,0,60,0,0,,0,0,4,,0,0,0,,1,0,123.00,0,00:00,3,0,790000,0,6,0,,,,,
8481642,,Andrei Chibisov,Chibisov,W,WPG,500000,0,,,,,0,,A,,,,,0,,,0,60,0,0,,0,,,,,,0,,,,,,,,,0,,,,,,,,
8482706,,Jake Chiasson,Chiasson,W,OTT,500000,1,,,,,0,,J,,,,,0,,,0,50,0,0,,0,,,,,,0,,,,,,,,,0,,,,,,,,
8475163,,Alex Chiasson,Chiasson,W,EDM,500000,0,,,,,0,,A,,,,,0,,,0,41,0,0,,0,,,,,,0,,,,,,,,,-1810000,,,,,,,,
8475279,,Ben Chiarot,Chiarot,D,DET,1980000,1,9,13.876543,130,,0,,B,0,4,0,0,0,127,21:14,0,40,0,0,,0,33,81,,0,0,0,,-14,69,1124.00,0,00:00,13,0,-310000,0,109,0,,,,,
8485635,,Gabriel Chiarot,Chiarot,W,VAN,500000,1,,,,,0,,G,,,,,0,,,0,58,0,0,,0,,,,,,0,,,,,,,,,,,,,,,,,
8484521,,Ty Cheveldayoff,Cheveldayoff,W,BUF,500000,0,,,,,0,,T,,,,,0,,,0,33,0,0,,0,,,,,,0,,,,,,,,,,,,,,,,,
8484439,,Chase Cheslock,Cheslock,D,NJD,500000,1,,,,,0,,C,,,,,0,,,0,49,0,0,,0,,,,,,0,,,,,,,,,,,,,,,,,
8483430,,Ryan Chesley,Chesley,D,WSH,500000,1,,,,,0,,R,,,,,0,,,0,59,0,0,,0,,,,,,0,,,,,,,,,,,,,,,,,
8484994,,Igor Chernyshov,Chernyshov,W,SJS,500000,1,,,,,0,,I,,,,,0,,,0,54,0,0,,0,,,,,,0,,,,,,,,,,,,,,,,,
8470641,,Dimitri Chernykh,Chernykh,W,NYI,500000,0,,,,,0,,D,,,,,0,,,0,46,0,0,,0,,,,,,0,,,,,,,,,0,,,,,,,,
8477865,,Jake Chelios,Chelios,D,DET,500000,0,,,,,0,,J,,,,,0,,,0,40,0,0,,0,,,,,,0,,,,,,,,,0,,,,,,,,
8480276,,Ivan Chekhovich,Chekhovich,W,SJS,500000,0,,,,,0,,I,,,,,0,,,0,54,0,0,,0,,,,,,0,,,,,,,,,0,,,,,,,,
8476504,,Trevor Cheek,Cheek,W,COL,500000,0,,,,,0,,T,,,,,0,,,0,37,0,0,,0,,,,,,0,,,,,,,,,0,,,,,,,,
8482513,,Daniil Chechelev,Chechelev,G,CAL,500000,1,,,,,0,,D,,,,,0,,,0,34,0,0,,0,,,,,,0,,,,,,,,,0,,,,,,,,
8479599,,Nikolai Chebykin,Chebykin,W,TOR,500000,1,,,,,0,,N,,,,,0,,,0,57,0,0,,0,,,,,,0,,,,,,,,,0,,,,,,,,
8482688,,Daniil Chayka,Chayka,D,VGK,500000,0,,,,,0,,D,,,,,0,,,0,62,0,0,,0,,,,,,0,,,,,,,,,0,,,,,,,,
8478002,,Connor Chatham,Chatham,W,NJD,500000,0,,,,,0,,C,,,,,0,,,0,49,0,0,,0,,,,,,0,,,,,,,,,0,,,,,,,,
8478970,,Jalen Chatfield,Chatfield,D,CAR,2860000,1,11,17.363636,74,,0,,J,0,8,2,0,0,73,19:02,0,35,0,0,,0,27,88,,0,0,0,,28,60,1528.00,0,00:00,19,0,2360000,0,122,0,,,,,
8477328,,Gregory Chase,Chase,C,EDM,500000,0,,,,,0,,G,,,,,0,,,0,41,0,0,,0,,,,,,0,,,,,,,,,0,,,,,,,,
8478078,,Rourke Chartier,Chartier,C,OTT,500000,0,,,,,0,,R,,,,,0,,,0,50,0,0,,0,,,,,,0,,,,,,,,,0,,,,,,,,
8485624,,Jordan Charron,Charron,W,PIT,500000,1,,,,,0,,J,,,,,0,,,0,53,0,0,,0,,,,,,0,,,,,,,,,,,,,,,,,
8471849,,Joe Charlebois,Charlebois,D,CHI,500000,0,,,,,0,,J,,,,,0,,,0,36,0,0,,0,,,,,,0,,,,,,,,,0,,,,,,,,
8485242,,Emanuelson Charbonneau,Charbonneau,D,MTL,500000,0,,,,,0,,E,,,,,0,,,0,45,0,0,,0,,,,,,0,,,,,,,,,,,,,,,,,
8465009,,Zdeno Chara,Chara,D,WSH,500000,0,,,,,0,,Z,,,,,0,,,0,59,0,0,,0,,,,,,0,,,,,,,,,-1700000,,,,,,,,
8475808,,Michael Chaput,Chaput,C,PIT,500000,0,,,,,0,,M,,,,,0,,,0,53,0,0,,0,,,,,,0,,,,,,,,,0,,,,,,,,
8478997,,Joshua Chapman,Chapman,D,BUF,500000,0,,,,,0,,J,,,,,0,,,0,33,0,0,,0,,,,,,0,,,,,,,,,0,,,,,,,,
8479305,,Adam Chapie,Chapie,W,WSH,500000,0,,,,,0,,A,,,,,0,,,0,59,0,0,,0,,,,,,0,,,,,,,,,0,,,,,,,,
8485610,,Cole Chandler,Chandler,C,BOS,500000,1,,,,,0,,C,,,,,0,,,0,32,0,0,,0,,,,,,0,,,,,,,,,,,,,,,,,
8482308,,Matej Chalupa,Chalupa,W,CHI,500000,0,,,,,0,,M,,,,,0,,,0,36,0,0,,0,,,,,,0,,,,,,,,,0,,,,,,,,
8480260,,Jocktan Chainey,Chainey,D,NJD,500000,0,,,,,0,,J,,,,,0,,,0,49,0,0,,0,,,,,,0,,,,,,,,,0,,,,,,,,
8467978,,Alexandr Chagodayev,Chagodayev,C,ANA,500000,0,,,,,0,,A,,,,,0,,,0,31,0,0,,0,,,,,,0,,,,,,,,,0,,,,,,,,
8482070,,Mitchell Chaffee,Chaffee,W,TBL,2300000,1,6,15.028571,22,,0,,M,0,13,2,0,0,141,12:00,0,56,0,0,,0,24,70,,0,0,0,,-3,21,1052.00,4,00:00,19,0,1800000,0,69,0,,,,,
8484464,,Noah Chadwick,Chadwick,D,TOR,500000,1,,,,,0,,N,,,,,0,,,0,57,0,0,,0,,,,,,0,,,,,,,,,,,,,,,,,
8478469,,Thomas Chabot,Chabot,D,OTT,4460000,1,39,27.186047,145,,0,,T,0,10,2,0,0,66,23:10,0,50,0,0,,0,31,86,,1,0,0,,18,26,2338.00,1,00:00,49,0,1210000,0,189,0,,,,,
8482678,,Corson Ceulemans,Ceulemans,D,CBJ,500000,1,,,,,0,,C,,,,,0,,,0,38,0,0,,0,,,,,,0,,,,,,,,,0,,,,,,,,
8485563,,Charlie Cerrato,Cerrato,C,CAR,500000,1,,,,,0,,C,,,,,0,,,0,35,0,0,,0,,,,,,0,,,,,,,,,,,,,,,,,
8478416,,Erik Cernak,Cernak,D,TBL,3440000,1,18,21.111111,99,,0,,E,0,4,0,0,0,171,18:14,0,56,1,0,20251004,0,28,81,,0,0,0,,30,54,1710.00,0,00:00,22,0,-510000,0,79,0,,,,2025-10-03,2025-10-03
8482998,,Orrin Centazzo,Centazzo,W,TOR,500000,0,,,,,0,,O,,,,,0,,,0,57,0,0,,0,,,,,,0,,,,,,,,,0,,,,,,,,
8484449,,Aiden Celebrini,Celebrini,D,VAN,500000,1,,,,,0,,A,,,,,0,,,0,58,0,0,,0,,,,,,0,,,,,,,,,,,,,,,,,
8484801,,Macklin Celebrini,Celebrini,C,SJS,4290000,1,38,31.342857,52,,0,,M,0,25,4,0,0,37,19:47,0,54,0,0,,0,42,70,,1,0,0,,-31,28,2194.00,8,00:00,63,0,,0,236,0,,,,,
8477417,,Peter Cehlarik,Cehlarik,W,BOS,500000,0,,,,,0,,P,,,,,0,,,0,32,0,0,,0,,,,,,0,,,,,,,,,0,,,,,,,,
8481722,,Filip Cederqvist,Cederqvist,W,MTL,500000,0,,,,,0,,F,,,,,0,,,0,45,0,0,,0,,,,,,0,,,,,,,,,0,,,,,,,,
8477377,,Anton Cederholm,Cederholm,D,VAN,500000,0,,,,,0,,A,,,,,0,,,0,58,0,0,,0,,,,,,0,,,,,,,,,0,,,,,,,,
8479422,,Jacob Cederholm,Cederholm,D,WPG,500000,0,,,,,0,,J,,,,,0,,,0,60,0,0,,0,,,,,,0,,,,,,,,,0,,,,,,,,
8476879,,Cody Ceci,Ceci,D,DAL,2570000,1,23,14.864078,162,,0,,C,0,4,2,0,0,97,21:16,0,39,0,0,,0,50,103,,0,0,0,,0,26,1531.00,0,00:00,27,0,-220000,0,110,0,,,,,
8478863,,Joseph Cecconi,Cecconi,D,MIN,500000,0,,,,,0,,J,,,,,0,,,0,44,0,0,,0,,,,,,0,,,,,,,,,0,,,,,,,,
8477529,,Colby Cave,Cave,C,EDM,500000,0,,,,,0,,C,,,,,0,,,0,41,0,0,,0,,,,,,0,,,,,,,,,0,,,,,,,,
8483654,,Luke Cavallin,Cavallin,G,BOS,500000,1,,,,,0,,L,,,,,0,,,0,32,0,0,,0,,,,,,0,,,,,,,,,,,,,,,,,
8481538,,Judd Caulfield,Caulfield,W,ANA,500000,1,,,,,0,,J,,,,,0,,,0,31,0,0,,0,,,,,,0,,,,,,,,,0,,,,,,,,
8481540,,Cole Caufield,Caufield,W,MTL,5320000,1,34,33.735632,31,,0,,C,0,40,8,0,0,70,18:10,0,45,0,0,,0,33,87,,1,0,0,,3,14,2935.00,12,00:00,74,0,2810000,0,263,0,,,,,
8484800,,Berkly Catton,Catton,C,SEA,2500000,1,,,,,0,,B,,,,,0,,,0,63,0,0,,0,,,,,,0,,,,,,,,,,,,,,,,,
8483037,,Landon Cato,Cato,D,TOR,500000,0,,,,,0,,L,,,,,0,,,0,57,0,0,,0,,,,,,0,,,,,,,,,0,,,,,,,,
8480220,,Noah Cates,Cates,W,PHI,2710000,1,21,19.782051,51,,0,,N,0,16,2,0,0,87,15:53,0,51,0,0,,0,36,78,,0,0,0,,3,14,1543.00,1,00:00,37,0,2210000,0,110,0,,,,,
8482654,,Jackson Cates,Cates,C,PHI,500000,0,,,,,0,,J,,,,,0,,,0,51,0,0,,0,,,,,,0,,,,,,,,,0,,,,,,,,
8476401,,Daniel Catenacci,Catenacci,C,NYR,500000,0,,,,,0,,D,,,,,0,,,0,47,0,0,,0,,,,,,0,,,,,,,,,0,,,,,,,,
8484155,,Mathieu Cataford,Cataford,C,VGK,500000,1,,,,,0,,M,,,,,0,,,0,62,0,0,,0,,,,,,0,,,,,,,,,,,,,,,,,
8485036,,Clarke Caswell,Caswell,W,SEA,500000,1,,,,,0,,C,,,,,0,,,0,63,0,0,,0,,,,,,0,,,,,,,,,,,,,,,,,
8477211,,Chris Casto,Casto,D,VGK,500000,0,,,,,0,,C,,,,,0,,,0,62,0,0,,0,,,,,,0,,,,,,,,,0,,,,,,,,
8480360,,Oliver Castleman,Castleman,W,FA,500000,0,,,,,0,,O,,,,,0,,,0,0,0,0,,0,,,,,,0,,,,,,,,,0,,,,,,,,
8484154,,Jonathan Castagna,Castagna,C,UTA,500000,1,,,,,0,,J,,,,,0,,,0,64,0,0,,0,,,,,,0,,,,,,,,,,,,,,,,,
8477412,,Cole Cassels,Cassels,C,VAN,500000,0,,,,,0,,C,,,,,0,,,0,58,0,0,,0,,,,,,0,,,,,,,,,0,,,,,,,,
8483429,,Seamus Casey,Casey,D,NJD,2220000,1,4,22.266667,9,,0,,S,0,4,1,0,0,11,12:25,0,49,1,0,20251004,0,5,15,,0,0,0,,3,0,334.00,2,00:00,8,0,,0,12,0,,,,2025-10-03,2025-10-03
8470604,,Jeff Carter,Carter,C,PIT,500000,0,,,,,0,,J,,,,,0,,,0,53,0,0,,0,,,,,,0,,,,,,,,,-3520000,,,,,,,,
8473646,,Ryan Carter,Carter,W,MIN,500000,0,,,,,0,,R,,,,,0,,,0,44,0,0,,0,,,,,,0,,,,,,,,,0,,,,,,,,
8480354,,MacAuley Carson,Carson,W,SJS,500000,0,,,,,0,,M,,,,,0,,,0,54,0,0,,0,,,,,,0,,,,,,,,,0,,,,,,,,
8477610,,Austin Carroll,Carroll,W,CAL,500000,0,,,,,0,,A,,,,,0,,,0,34,0,0,,0,,,,,,0,,,,,,,,,0,,,,,,,,
8479545,,Noah Carroll,Carroll,D,TOR,500000,0,,,,,0,,N,,,,,0,,,0,57,0,0,,0,,,,,,0,,,,,,,,,0,,,,,,,,
8484887,,Gabriel Carriere,Carriere,G,SJS,500000,1,,,,,0,,G,,,,,0,,,0,54,0,0,,0,,,,,,0,,,,,,,,,,,,,,,,,
8477478,,William Carrier,Carrier,W,CAR,2750000,1,7,17.155172,20,,0,,W,0,4,1,0,0,219,11:43,0,35,0,0,,0,21,58,,0,0,0,,1,24,995.00,0,00:00,11,0,200000,0,70,0,,,,,
8478851,,Alexandre Carrier,Carrier,D,MTL,2650000,1,22,16.095238,169,,0,,A,0,4,0,0,0,82,20:36,0,45,0,0,,0,31,84,,0,0,0,,-10,40,1352.00,0,00:00,26,0,790000,0,90,0,,,,,
8475842,,Sam Carrick,Carrick,C,NYR,2310000,1,14,16.437500,42,,0,,S,0,6,2,0,0,137,11:56,0,47,0,0,,0,35,80,,1,0,0,,5,58,1315.00,0,00:00,20,0,-280000,1,84,0,,,,,
8476941,,Connor Carrick,Carrick,D,EDM,500000,1,,,,,0,,C,,,,,0,,,0,41,0,0,,0,,,,,,0,,,,,,,,,-520000,,,,,,,,
8476953,,Trevor Carrick,Carrick,D,ANA,500000,0,,,,,0,,T,,,,,0,,,0,31,0,0,,0,,,,,,0,,,,,,,,,0,,,,,,,,
8477901,,Daniel Carr,Carr,W,WSH,500000,0,,,,,0,,D,,,,,0,,,0,59,0,0,,0,,,,,,0,,,,,,,,,-340000,,,,,,,,
8477846,,Ryan Carpenter,Carpenter,C,SJS,500000,0,,,,,0,,R,,,,,0,,,0,54,0,0,,0,,,,,,0,,,,,,,,,-760000,,,,,,,,
8480436,,Massimo Carozza,Carozza,G,LAK,500000,0,,,,,0,,M,,,,,0,,,0,43,0,0,,0,,,,,,0,,,,,,,,,0,,,,,,,,
8475150,,Jordan Caron,Caron,W,STL,500000,0,,,,,0,,J,,,,,0,,,0,55,0,0,,0,,,,,,0,,,,,,,,,0,,,,,,,,
8482975,,Thomas Caron,Caron,W,MTL,500000,0,,,,,0,,T,,,,,0,,,0,45,0,0,,0,,,,,,0,,,,,,,,,0,,,,,,,,
8479523,,Lucas Carlsson,Carlsson,D,SJS,1510000,1,3,16.000000,14,,0,,L,0,1,1,0,0,4,19:22,0,54,1,0,20250929,0,8,13,,0,0,0,,-2,14,208.00,0,00:00,4,0,820000,0,15,0,,,,2025-09-26,2025-09-26
8484153,,Leo Carlsson,Carlsson,C,ANA,3160000,1,24,22.828947,36,,0,,L,0,20,5,0,0,24,16:14,0,31,0,0,,0,34,76,,2,0,0,,6,14,1735.00,4,00:00,44,0,,1,114,0,,,,,
8478506,,Gabriel Carlsson,Carlsson,D,WSH,500000,0,,,,,0,,G,,,,,0,,,0,59,0,0,,0,,,,,,0,,,,,,,,,-350000,,,,,,,,
8474590,,John Carlson,Carlson,D,WSH,4510000,1,48,27.539326,134,,0,,J,0,6,1,0,0,57,23:38,0,59,0,0,,0,23,89,,0,0,0,,20,24,2451.00,2,00:00,54,0,120000,0,181,0,,,,,
8479281,,Adam Carlson,Carlson,G,WSH,500000,0,,,,,0,,A,,,,,0,,,0,59,0,0,,0,,,,,,0,,,,,,,,,0,,,,,,,,
8478443,,Brandon Carlo,Carlo,D,TOR,2100000,1,11,12.406250,177,,0,,B,0,1,0,0,0,99,18:55,0,57,0,0,,0,35,96,,0,0,0,,2,45,1191.00,0,00:00,12,0,80000,0,92,0,,,,,
8478986,,Chris Carlisle,Carlisle,D,OTT,500000,0,,,,,0,,C,,,,,0,,,0,50,0,0,,0,,,,,,0,,,,,,,,,0,,,,,,,,
8483398,,Declan Carlile,Carlile,D,TBL,940000,1,0,19.000000,2,,0,,D,0,1,0,0,0,1,13:00,0,56,0,0,,0,1,3,,0,0,0,,2,0,57.00,0,00:00,1,0,,0,3,0,,,,,
8470640,,Matt Carle,Carle,D,NSH,500000,0,,,,,0,,M,,,,,0,,,0,48,0,0,,0,,,,,,0,,,,,,,,,0,,,,,,,,
8485484,,Damien Carfagna,Carfagna,D,EDM,500000,1,,,,,0,,D,,,,,0,,,0,41,0,0,,0,,,,,,0,,,,,,,,,,,,,,,,,
8474008,,Paul Carey,Carey,C,BOS,500000,0,,,,,0,,P,,,,,0,,,0,32,0,0,,0,,,,,,0,,,,,,,,,0,,,,,,,,
8482206,,Ethan Cardwell,Cardwell,W,SJS,710000,1,0,7.166667,3,,0,,E,0,1,0,0,0,8,11:32,0,54,0,0,,0,2,6,,0,0,0,,-2,2,43.00,0,00:00,1,0,,0,5,0,,,,,
8479619,,Michael Carcone,Carcone,W,UTA,1950000,1,12,14.735849,11,,0,,M,0,7,0,0,0,48,11:26,0,64,0,0,,0,20,53,,0,0,0,,-7,36,781.00,0,00:00,19,0,1450000,0,75,0,,,,,
8470666,,Daniel Carcillo,Carcillo,W,CHI,500000,0,,,,,0,,D,,,,,0,,,0,36,0,0,,0,,,,,,0,,,,,,,,,0,,,,,,,,
8485382,,Justin Carbonneau,Carbonneau,W,STL,1620000,1,,,,,0,,J,,,,,0,,,0,55,0,0,,0,,,,,,0,,,,,,,,,,,,,,,,,
8480379,,Adrian Carbonara,Carbonara,W,FA,500000,0,,,,,0,,A,,,,,0,,,0,0,0,0,,0,,,,,,0,,,,,,,,,0,,,,,,,,
8482493,,Nick Capone,Capone,W,PHI,500000,0,,,,,0,,N,,,,,0,,,0,51,0,0,,0,,,,,,0,,,,,,,,,0,,,,,,,,
8478476,,Kyle Capobianco,Capobianco,D,DAL,500000,1,0,-6.000000,0,,0,,K,0,0,0,0,0,1,11:23,0,39,0,0,,0,0,1,,0,0,0,,-2,4,-6.00,0,00:00,0,0,0,0,0,0,,,,,
8482754,,Lorenzo Canonica,Canonica,C,LAK,500000,0,,,,,0,,L,,,,,0,,,0,43,0,0,,0,,,,,,0,,,,,,,,,0,,,,,,,,
8476219,,Patrick Cannone,Cannone,C,MIN,500000,0,,,,,0,,P,,,,,0,,,0,44,0,0,,0,,,,,,0,,,,,,,,,0,,,,,,,,
8475300,,Joe Cannata,Cannata,G,COL,500000,0,,,,,0,,J,,,,,0,,,0,37,0,0,,0,,,,,,0,,,,,,,,,0,,,,,,,,
8479461,,Cole Candella,Candella,D,VAN,500000,0,,,,,0,,C,,,,,0,,,0,58,0,0,,0,,,,,,0,,,,,,,,,0,,,,,,,,
8480288,,Nick Campoli,Campoli,C,VGK,500000,0,,,,,0,,N,,,,,0,,,0,62,0,0,,0,,,,,,0,,,,,,,,,0,,,,,,,,
8476211,,Carter Camper,Camper,C,NJD,500000,0,,,,,0,,C,,,,,0,,,0,49,0,0,,0,,,,,,0,,,,,,,,,0,,,,,,,,
8475789,,Jack Campbell,Campbell,G,DET,500000,1,,,,,0,,J,,,,,0,,,0,40,0,0,,0,,,,,,0,,,,,,,,,-8690000,,,,,,,,
8466285,,Brian Campbell,Campbell,D,CHI,500000,0,,,,,0,,B,,,,,0,,,0,36,0,0,,0,,,,,,0,,,,,,,,,0,,,,,,,,
8470169,,Gregory Campbell,Campbell,C,CBJ,500000,0,,,,,0,,G,,,,,0,,,0,38,0,0,,0,,,,,,0,,,,,,,,,0,,,,,,,,
8474638,,Andrew Campbell,Campbell,D,CHI,500000,0,,,,,0,,A,,,,,0,,,0,36,0,0,,0,,,,,,0,,,,,,,,,0,,,,,,,,
8477360,,Evan Campbell,Campbell,W,EDM,500000,0,,,,,0,,E,,,,,0,,,0,41,0,0,,0,,,,,,0,,,,,,,,,0,,,,,,,,
8477819,,Colin Campbell,Campbell,C,DET,500000,0,,,,,0,,C,,,,,0,,,0,40,0,0,,0,,,,,,0,,,,,,,,,0,,,,,,,,
8481619,,Alexander Campbell,Campbell,W,NSH,500000,0,,,,,0,,A,,,,,0,,,0,48,0,0,,0,,,,,,0,,,,,,,,,0,,,,,,,,
8482968,,Isiah Campbell,Campbell,W,MTL,500000,0,,,,,0,,I,,,,,0,,,0,45,0,0,,0,,,,,,0,,,,,,,,,0,,,,,,,,
8477403,,Taylor Cammarata,Cammarata,C,NYI,500000,0,,,,,0,,T,,,,,0,,,0,46,0,0,,0,,,,,,0,,,,,,,,,0,,,,,,,,
8469500,,Michael Cammalleri,Cammalleri,W,EDM,500000,0,,,,,0,,M,,,,,0,,,0,41,0,0,,0,,,,,,0,,,,,,,,,0,,,,,,,,
8476371,,Tony Cameranesi,Cameranesi,C,TOR,500000,0,,,,,0,,T,,,,,0,,,0,57,0,0,,0,,,,,,0,,,,,,,,,0,,,,,,,,
8476405,,Anthony Camara,Camara,W,BOS,500000,0,,,,,0,,A,,,,,0,,,0,32,0,0,,0,,,,,,0,,,,,,,,,0,,,,,,,,
8474685,,Matt Calvert,Calvert,W,COL,500000,0,,,,,0,,M,,,,,0,,,0,37,0,0,,0,,,,,,0,,,,,,,,,-670000,,,,,,,,
8483833,,Atley Calvert,Calvert,C,PIT,500000,0,,,,,0,,A,,,,,0,,,0,53,0,0,,0,,,,,,0,,,,,,,,,,,,,,,,,
8476895,,Chris Calnan,Calnan,W,CHI,500000,0,,,,,0,,C,,,,,0,,,0,36,0,0,,0,,,,,,0,,,,,,,,,0,,,,,,,,
8483770,,Michael Callow,Callow,W,ANA,500000,1,,,,,0,,M,,,,,0,,,0,31,0,0,,0,,,,,,0,,,,,,,,,,,,,,,,,
8480828,,Michael Callahan,Callahan,D,BOS,500000,1,0,3.176471,12,,0,,M,0,1,0,0,0,8,14:09,0,32,0,0,,0,9,17,,0,0,0,,-5,7,54.00,0,00:00,1,0,0,0,9,0,,,,,
8471339,,Ryan Callahan,Callahan,W,OTT,500000,0,,,,,0,,R,,,,,0,,,0,50,0,0,,0,,,,,,0,,,,,,,,,0,,,,,,,,
8475296,,Mitch Callahan,Callahan,W,EDM,500000,0,,,,,0,,M,,,,,0,,,0,41,0,0,,0,,,,,,0,,,,,,,,,0,,,,,,,,
8480898,,Tony Calderone,Calderone,W,DAL,500000,0,,,,,0,,T,,,,,0,,,0,39,0,0,,0,,,,,,0,,,,,,,,,0,,,,,,,,
8481738,,Maxim Cajkovic,Cajkovic,W,PIT,500000,0,,,,,0,,M,,,,,0,,,0,53,0,0,,0,,,,,,0,,,,,,,,,0,,,,,,,,
8483805,,Pavel Cajan,Cajan,G,CBJ,500000,0,,,,,0,,P,,,,,0,,,0,38,0,0,,0,,,,,,0,,,,,,,,,,,,,,,,,
8479417,,Matthew Cairns,Cairns,D,BUF,500000,0,,,,,0,,M,,,,,0,,,0,33,0,0,,0,,,,,,0,,,,,,,,,0,,,,,,,,
8484152,,Luca Cagnoni,Cagnoni,D,SJS,1010000,1,2,11.333333,9,,0,,L,0,0,0,0,0,1,17:39,0,54,0,0,,0,3,6,,0,0,0,,-4,8,68.00,0,00:00,2,0,,0,7,0,,,,,
8479465,,Drake Caggiula,Caggiula,W,EDM,960000,0,1,10.571429,3,,0,,D,0,0,0,0,0,8,07:18,0,41,0,0,,0,2,7,,0,0,0,,0,5,74.00,0,00:00,1,0,-640000,0,6,0,,,,,
8485210,,Arvid Caderoth,Caderoth,C,LAK,500000,0,,,,,0,,A,,,,,0,,,0,43,0,0,,0,,,,,,0,,,,,,,,,,,,,,,,,
8479381,,Nick Caamano,Caamano,W,DAL,500000,0,,,,,0,,N,,,,,0,,,0,39,0,0,,0,,,,,,0,,,,,,,,,-360000,,,,,,,,
8476930,,Ludwig Bystrom,Bystrom,D,FLA,500000,0,,,,,0,,L,,,,,0,,,0,42,0,0,,0,,,,,,0,,,,,,,,,0,,,,,,,,
8483428,,Filip Bystedt,Bystedt,C,SJS,500000,1,,,,,0,,F,,,,,0,,,0,54,0,0,,0,,,,,,0,,,,,,,,,,,,,,,,,
8474038,,Paul Byron,Byron,W,MTL,500000,0,,,,,0,,P,,,,,0,,,0,45,0,0,,0,,,,,,0,,,,,,,,,-2560000,,,,,,,,
8477319,,Blaine Byron,Byron,C,PIT,500000,0,,,,,0,,B,,,,,0,,,0,53,0,0,,0,,,,,,0,,,,,,,,,0,,,,,,,,
8481524,,Bowen Byram,Byram,D,BUF,3050000,1,31,21.682927,102,,0,,B,0,7,2,0,0,74,22:42,0,33,0,0,,0,36,82,,0,0,0,,11,46,1778.00,0,00:00,38,0,1650000,0,94,0,,,,,
8470834,,Dustin Byfuglien,Byfuglien,D,WPG,500000,0,,,,,0,,D,,,,,0,,,0,60,0,0,,0,,,,,,0,,,,,,,,,0,,,,,,,,
8482124,,Quinton Byfield,Byfield,W,LAK,4520000,1,32,28.379310,35,,0,,Q,0,26,4,0,0,94,18:53,0,43,0,0,,0,28,87,,3,0,0,,9,48,2469.00,3,00:00,58,0,3520000,1,176,0,,,,,
8481610,,Roman Bychkov,Bychkov,D,BOS,500000,1,,,,,0,,R,,,,,0,,,0,32,0,0,,0,,,,,,0,,,,,,,,,0,,,,,,,,
8482779,,Andrei Buyalsky,Buyalsky,C,COL,500000,1,,,,,0,,A,,,,,0,,,0,37,0,0,,0,,,,,,0,,,,,,,,,0,,,,,,,,
8467912,,Alexander Buturlin,Buturlin,W,MTL,500000,0,,,,,0,,A,,,,,0,,,0,45,0,0,,0,,,,,,0,,,,,,,,,0,,,,,,,,
8483045,,Cameron Butler,Butler,W,MIN,500000,1,,,,,0,,C,,,,,0,,,0,44,0,0,,0,,,,,,0,,,,,,,,,0,,,,,,,,
8471761,,Chris Butler,Butler,D,STL,500000,0,,,,,0,,C,,,,,0,,,0,55,0,0,,0,,,,,,0,,,,,,,,,0,,,,,,,,
8483746,,Vyacheslav Buteyets,Buteyets,G,ANA,500000,1,,,,,0,,V,,,,,0,,,0,31,0,0,,0,,,,,,0,,,,,,,,,,,,,,,,,
8483812,,Francois-James Buteau,Buteau,D,BUF,500000,0,,,,,0,,F,,,,,0,,,0,33,0,0,,0,,,,,,0,,,,,,,,,,,,,,,,,
8477355,,Will Butcher,Butcher,D,MIN,500000,0,,,,,0,,W,,,,,0,,,0,44,0,0,,0,,,,,,0,,,,,,,,,-1580000,,,,,,,,
8484388,,Daniil But,But,W,UTA,500000,1,,,,,0,,D,,,,,0,,,0,64,1,0,20251004,0,,,,,,0,,,,,,,,,,,,,,,,2025-10-04,2025-10-04
8467441,,Anton But,But,W,TBL,500000,0,,,,,0,,A,,,,,0,,,0,56,0,0,,0,,,,,,0,,,,,,,,,0,,,,,,,,
8476933,,Raphael Bussieres,Bussieres,W,MIN,500000,0,,,,,0,,R,,,,,0,,,0,44,0,0,,0,,,,,,0,,,,,,,,,0,,,,,,,,
8483548,,Brandon Bussi,Bussi,G,FLA,500000,1,,,,,0,,B,,,,,0,,,0,42,0,0,,0,,,,,,0,,,,,,,,,,,,,,,,,
8485597,,Shea Busch,Busch,W,FLA,500000,1,,,,,0,,S,,,,,0,,,0,42,0,0,,0,,,,,,0,,,,,,,,,,,,,,,,,
8480989,,Dennis Busby,Busby,D,ARI,500000,0,,,,,0,,D,,,,,0,,,0,52,0,0,,0,,,,,,0,,,,,,,,,0,,,,,,,,
8484840,,Hagen Burrows,Burrows,W,TBL,500000,1,,,,,0,,H,,,,,0,,,0,56,0,0,,0,,,,,,0,,,,,,,,,,,,,,,,,
8470358,,Alexandre Burrows,Burrows,W,OTT,500000,0,,,,,0,,A,,,,,0,,,0,50,0,0,,0,,,,,,0,,,,,,,,,0,,,,,,,,
8477335,,Kyle Burroughs,Burroughs,D,LAK,1330000,1,3,10.484848,14,,0,,K,0,0,0,0,0,42,07:49,0,43,1,0,20251002,0,10,33,,0,0,0,,3,39,346.00,0,00:00,3,0,20000,0,6,0,,,,2025-10-01,2025-10-01
8483076,,Ethan Burroughs,Burroughs,W,PHI,500000,0,,,,,0,,E,,,,,0,,,0,51,0,0,,0,,,,,,0,,,,,,,,,0,,,,,,,,
8470613,,Brent Burns,Burns,D,CAR,3040000,1,27,17.608247,111,,0,,B,0,7,0,0,0,21,21:16,0,35,0,0,,0,34,97,,0,0,0,,8,38,1708.00,0,00:00,34,0,140000,0,200,0,,,,,
8484151,,Quinton Burns,Burns,D,STL,500000,1,,,,,0,,Q,,,,,0,,,0,55,0,0,,0,,,,,,0,,,,,,,,,,,,,,,,,
8483053,,Brady Burns,Burns,W,EDM,500000,0,,,,,0,,B,,,,,0,,,0,41,0,0,,0,,,,,,0,,,,,,,,,0,,,,,,,,
8485059,,Austin Burnevik,Burnevik,W,ANA,500000,1,,,,,0,,A,,,,,0,,,0,31,0,0,,0,,,,,,0,,,,,,,,,,,,,,,,,
8475788,,Alexander Burmistrov,Burmistrov,C,VAN,500000,0,,,,,0,,A,,,,,0,,,0,58,0,0,,0,,,,,,0,,,,,,,,,0,,,,,,,,
8474614,,Brandon Burlon,Burlon,D,NJD,500000,0,,,,,0,,B,,,,,0,,,0,49,0,0,,0,,,,,,0,,,,,,,,,0,,,,,,,,
8477396,,Brendan Burke,Burke,G,ANA,500000,0,,,,,0,,B,,,,,0,,,0,31,0,0,,0,,,,,,0,,,,,,,,,0,,,,,,,,
8479633,,Brayden Burke,Burke,W,NSH,500000,0,,,,,0,,B,,,,,0,,,0,48,0,0,,0,,,,,,0,,,,,,,,,0,,,,,,,,
8482250,,Callahan Burke,Burke,C,VGK,1030000,0,0,11.571429,3,,0,,C,0,1,0,0,0,0,10:50,0,62,0,0,,0,1,7,,0,0,0,,2,2,81.00,0,00:00,1,0,,0,12,0,,,,,
8483879,,Nolan Burke,Burke,C,SJS,500000,0,,,,,0,,N,,,,,0,,,0,54,0,0,,0,,,,,,0,,,,,,,,,,,,,,,,,
8470063,,Adam Burish,Burish,W,SJS,500000,0,,,,,0,,A,,,,,0,,,0,54,0,0,,0,,,,,,0,,,,,,,,,0,,,,,,,,
8481094,,Luke Burghardt,Burghardt,W,VGK,500000,0,,,,,0,,L,,,,,0,,,0,62,0,0,,0,,,,,,0,,,,,,,,,0,,,,,,,,
8479586,,Todd Burgess,Burgess,C,OTT,500000,0,,,,,0,,T,,,,,0,,,0,50,0,0,,0,,,,,,0,,,,,,,,,0,,,,,,,,
8475982,,Erik Burgdoerfer,Burgdoerfer,D,OTT,500000,0,,,,,0,,E,,,,,0,,,0,50,0,0,,0,,,,,,0,,,,,,,,,0,,,,,,,,
8471852,,Vjateslav Buravchikov,Buravchikov,D,BUF,500000,0,,,,,0,,V,,,,,0,,,0,33,0,0,,0,,,,,,0,,,,,,,,,0,,,,,,,,
8477444,,Andre Burakovsky,Burakovsky,W,SEA,2300000,1,27,16.493671,27,,0,,A,0,10,1,0,0,33,14:25,0,63,0,0,,0,40,79,,0,0,0,,-3,12,1303.00,0,00:00,37,0,-1810000,0,116,0,,,,,
8475781,,Tyler Bunz,Bunz,G,EDM,500000,0,,,,,0,,T,,,,,0,,,0,41,0,0,,0,,,,,,0,,,,,,,,,0,,,,,,,,
8478047,,Michael Bunting,Bunting,W,NSH,2880000,1,19,20.789474,19,,0,,M,0,19,1,0,0,69,15:32,0,48,0,0,,0,36,76,,0,0,0,,-19,68,1580.00,11,00:00,38,0,-360000,0,155,0,,,,,
8479382,,Connor Bunnaman,Bunnaman,C,FLA,500000,0,,,,,0,,C,,,,,0,,,0,42,0,0,,0,,,,,,0,,,,,,,,,0,,,,,,,,
8483731,,Alex Bump,Bump,W,PHI,500000,1,,,,,0,,A,,,,,0,,,0,51,0,0,,0,,,,,,0,,,,,,,,,,,,,,,,,
8468740,,Evgeni Bumagin,Bumagin,W,DET,500000,0,,,,,0,,E,,,,,0,,,0,40,0,0,,0,,,,,,0,,,,,,,,,0,,,,,,,,
8473557,,Alexander Bumagin,Bumagin,W,EDM,500000,0,,,,,0,,A,,,,,0,,,0,41,0,0,,0,,,,,,0,,,,,,,,,0,,,,,,,,
8475757,,Brett Bulmer,Bulmer,W,MIN,500000,0,,,,,0,,B,,,,,0,,,0,44,0,0,,0,,,,,,0,,,,,,,,,0,,,,,,,,
8485703,,Peteris Bulans,Bulans,D,VGK,500000,1,,,,,0,,P,,,,,0,,,0,62,0,0,,0,,,,,,0,,,,,,,,,,,,,,,,,
8480270,,Daniel Bukac,Bukac,D,BOS,500000,0,,,,,0,,D,,,,,0,,,0,32,0,0,,0,,,,,,0,,,,,,,,,0,,,,,,,,
8482777,,Shai Buium,Buium,D,DET,500000,1,,,,,0,,S,,,,,0,,,0,40,1,0,20251017,0,,,,,,0,,,,,,,,,0,,,,,,,2025-10-03,2025-10-03
8484798,,Zeev Buium,Buium,D,MIN,500000,1,,,,,0,,Z,,,,,0,,,0,44,0,0,,0,,,,,,0,,,,,,,,,,,,,,,,,
8485556,,Tommy Budnick,Budnick,D,PIT,500000,1,,,,,0,,T,,,,,0,,,0,53,0,0,,0,,,,,,0,,,,,,,,,,,,,,,,,
8479332,,Vojtech Budik,Budik,D,BUF,500000,0,,,,,0,,V,,,,,0,,,0,33,0,0,,0,,,,,,0,,,,,,,,,0,,,,,,,,
8482997,,Brett Budgell,Budgell,C,TOR,500000,0,,,,,0,,B,,,,,0,,,0,57,0,0,,0,,,,,,0,,,,,,,,,0,,,,,,,,
8469514,,Peter Budaj,Budaj,G,LAK,500000,0,,,,,0,,P,,,,,0,,,0,43,0,0,,0,,,,,,0,,,,,,,,,0,,,,,,,,
8477423,,Matt Buckles,Buckles,C,FLA,500000,0,,,,,0,,M,,,,,0,,,0,42,0,0,,0,,,,,,0,,,,,,,,,0,,,,,,,,
8477402,,Pavel Buchnevich,Buchnevich,W,STL,5070000,1,42,29.927711,36,,0,,P,0,23,3,0,0,59,19:09,0,55,0,0,,0,32,83,,0,0,0,,12,37,2484.00,3,00:00,65,0,270000,0,159,0,,,,,
8483427,,Michael Buchinger,Buchinger,D,STL,500000,1,,,,,0,,M,,,,,0,,,0,55,0,0,,0,,,,,,0,,,,,,,,,,,,,,,,,
8483667,,Dmitri Buchelnikov,Buchelnikov,W,DET,500000,1,,,,,0,,D,,,,,0,,,0,40,0,0,,0,,,,,,0,,,,,,,,,,,,,,,,,
8484893,,Jeremie Bucheler,Bucheler,D,SJS,500000,0,,,,,0,,J,,,,,0,,,0,54,0,0,,0,,,,,,0,,,,,,,,,,,,,,,,,
8484150,,Hunter Brzustewicz,Brzustewicz,D,CAL,500000,1,0,32.000000,0,,0,,H,0,0,0,0,0,1,18:23,0,34,0,0,,0,0,1,,0,0,0,,2,2,32.00,0,00:00,0,0,,0,2,0,,,,,
8485381,,Henry Brzustewicz,Brzustewicz,D,LAK,660000,1,,,,,0,,H,,,,,0,,,0,43,0,0,,0,,,,,,0,,,,,,,,,,,,,,,,,
8468524,,Ilya Bryzgalov,Bryzgalov,G,ANA,500000,0,,,,,0,,I,,,,,0,,,0,31,0,0,,0,,,,,,0,,,,,,,,,0,,,,,,,,
8481106,,Vladimir Bryukvin,Bryukvin,W,MTL,500000,0,,,,,0,,V,,,,,0,,,0,45,0,0,,0,,,,,,0,,,,,,,,,0,,,,,,,,
8480196,,Jacob Bryson,Bryson,D,BUF,740000,1,7,5.854167,48,,0,,J,0,0,0,0,0,15,14:24,0,33,0,0,,0,24,48,,0,0,0,,-9,10,281.00,0,00:00,7,0,-680000,0,20,0,,,,,
8477059,,Damien Brunner,Brunner,W,NJD,500000,0,,,,,0,,D,,,,,0,,,0,49,0,0,,0,,,,,,0,,,,,,,,,0,,,,,,,,
8484839,,Harrison Brunicke,Brunicke,D,PIT,500000,1,,,,,0,,H,,,,,0,,,0,53,0,0,,0,,,,,,0,,,,,,,,,,,,,,,,,
8483017,,Frederic Brunet,Brunet,D,BOS,550000,1,0,6.000000,5,,0,,F,0,0,0,0,0,1,14:23,0,32,0,0,,0,0,1,,0,0,0,,-1,0,6.00,0,00:00,0,0,50000,0,2,0,,,,,
8485027,,Simon-Pier Brunet,Brunet,D,BUF,500000,1,,,,,0,,S,,,,,0,,,0,33,0,0,,0,,,,,,0,,,,,,,,,,,,,,,,,
8485157,,Benjamin Brunelle,Brunelle,W,COL,500000,0,,,,,0,,B,,,,,0,,,0,37,0,0,,0,,,,,,0,,,,,,,,,,,,,,,,,
8478913,,Riley Bruce,Bruce,D,CAL,500000,0,,,,,0,,R,,,,,0,,,0,34,0,0,,0,,,,,,0,,,,,,,,,0,,,,,,,,
8482698,,Tristan Broz,Broz,C,PIT,500000,1,,,,,0,,T,,,,,0,,,0,53,0,0,,0,,,,,,0,,,,,,,,,0,,,,,,,,
8477015,,Connor Brown,Brown,W,EDM,2850000,1,21,16.470588,45,,0,,C,0,18,4,0,0,37,14:20,0,41,0,0,,0,34,102,,1,0,0,,10,12,1680.00,0,00:00,39,0,-400000,1,150,0,,,,,
8477384,,Josh Brown,Brown,D,EDM,1480000,1,1,13.636364,21,,0,,J,0,0,0,0,0,21,11:55,0,41,0,0,,0,6,11,,0,0,0,,-1,11,150.00,0,00:00,1,0,-40000,0,9,0,,,,,
8477887,,Patrick Brown,Brown,C,BOS,1190000,1,1,11.133333,12,,0,,P,0,0,0,0,0,46,10:34,0,32,0,0,,0,11,15,,0,0,0,,-2,8,167.00,0,00:00,1,0,500000,0,11,0,,,,,
8479366,,Logan Brown,Brown,C,LAK,500000,1,,,,,0,,L,,,,,0,,,0,43,0,0,,0,,,,,,0,,,,,,,,,-50000,,,,,,,,
8483672,,Garrett Brown,Brown,D,WPG,500000,1,,,,,0,,G,,,,,0,,,0,60,0,0,,0,,,,,,0,,,,,,,,,,,,,,,,,
8484446,,Cole Brown,Brown,W,NJD,500000,1,,,,,0,,C,,,,,0,,,0,49,0,0,,0,,,,,,0,,,,,,,,,,,,,,,,,
8470606,,Dustin Brown,Brown,W,LAK,500000,0,,,,,0,,D,,,,,0,,,0,43,0,0,,0,,,,,,0,,,,,,,,,-3070000,,,,,,,,
8471371,,Mike Brown,Brown,W,MTL,500000,0,,,,,0,,M,,,,,0,,,0,45,0,0,,0,,,,,,0,,,,,,,,,0,,,,,,,,
8475161,,Chris Brown,Brown,W,NYR,500000,0,,,,,0,,C,,,,,0,,,0,47,0,0,,0,,,,,,0,,,,,,,,,0,,,,,,,,
8476806,,J.T. Brown,Brown,W,MIN,500000,0,,,,,0,,J,,,,,0,,,0,44,0,0,,0,,,,,,0,,,,,,,,,0,,,,,,,,
8477020,,Travis Brown,Brown,D,MTL,500000,0,,,,,0,,T,,,,,0,,,0,45,0,0,,0,,,,,,0,,,,,,,,,0,,,,,,,,
8478080,,Christopher Brown,Brown,C,PIT,500000,0,,,,,0,,C,,,,,0,,,0,53,0,0,,0,,,,,,0,,,,,,,,,0,,,,,,,,
8485143,,Christopher Brown,Brown,C,PIT,500000,0,,,,,0,,C,,,,,0,,,0,53,0,0,,0,,,,,,0,,,,,,,,,,,,,,,,,
8471426,,Troy Brouwer,Brouwer,W,FLA,500000,0,,,,,0,,T,,,,,0,,,0,42,0,0,,0,,,,,,0,,,,,,,,,0,,,,,,,,
8475567,,Julien Brouillette,Brouillette,D,WPG,500000,0,,,,,0,,J,,,,,0,,,0,60,0,0,,0,,,,,,0,,,,,,,,,0,,,,,,,,
8477522,,Nikolas Brouillard,Brouillard,D,SEA,500000,1,,,,,0,,N,,,,,0,,,0,63,0,0,,0,,,,,,0,,,,,,,,,0,,,,,,,,
8476316,,Laurent Brossoit,Brossoit,G,CHI,3070000,1,,,,,0,,L,,,,,0,,,0,36,0,0,,0,,,,,,0,,,,,,,,,-900000,,,,,,,,
8478996,,Adam Brooks,Brooks,C,PHI,500000,0,,,,,0,,A,,,,,0,,,0,51,0,0,,0,,,,,,0,,,,,,,,,-1690000,,,,,,,,
8479990,,Josh Brook,Brook,D,MTL,500000,0,,,,,0,,J,,,,,0,,,0,45,0,0,,0,,,,,,0,,,,,,,,,0,,,,,,,,
8482240,,Mathias Brome,Brome,W,DET,500000,0,,,,,0,,M,,,,,0,,,0,40,0,0,,0,,,,,,0,,,,,,,,,0,,,,,,,,
8476304,,David Broll,Broll,W,TBL,500000,0,,,,,0,,D,,,,,0,,,0,56,0,0,,0,,,,,,0,,,,,,,,,0,,,,,,,,
8477380,,Jonny Brodzinski,Brodzinski,C,NYR,2170000,1,7,16.176471,19,,0,,J,0,12,2,0,0,27,11:41,0,47,0,0,,0,22,51,,0,0,0,,6,4,825.00,0,00:00,19,0,1100000,0,73,0,,,,,
8477373,,Michael Brodzinski,Brodzinski,D,SJS,500000,0,,,,,0,,M,,,,,0,,,0,54,0,0,,0,,,,,,0,,,,,,,,,0,,,,,,,,
8481735,,Bryce Brodzinski,Brodzinski,W,LAK,500000,0,,,,,0,,B,,,,,0,,,0,43,0,0,,0,,,,,,0,,,,,,,,,0,,,,,,,,
8470803,,Kyle Brodziak,Brodziak,C,DET,500000,0,,,,,0,,K,,,,,0,,,0,40,0,0,,0,,,,,,0,,,,,,,,,0,,,,,,,,
8476463,,Jonas Brodin,Brodin,D,MIN,3000000,1,17,20.017857,107,,0,,J,0,4,1,0,0,33,23:09,0,44,1,0,20251009,0,18,56,,0,0,0,,9,18,1121.00,0,00:00,21,0,-60000,0,76,0,,,,2025-09-29,2025-09-29
8474673,,TJ Brodie,Brodie,D,CHI,770000,1,8,5.814815,56,,0,,T,0,2,0,0,0,16,15:38,0,36,0,0,,0,30,54,,0,0,0,,-18,18,314.00,0,00:00,10,0,-1960000,0,23,0,,,,,
8455710,,Martin Brodeur,Brodeur,G,STL,500000,0,,,,,0,,M,,,,,0,,,0,55,0,0,,0,,,,,,0,,,,,,,,,0,,,,,,,,
8481598,,Philip Broberg,Broberg,D,STL,3670000,1,22,22.733333,106,,0,,P,0,9,2,0,0,47,20:39,0,55,0,0,,0,25,75,,1,0,0,,30,18,1705.00,0,00:00,31,0,3170000,0,105,0,,,,,
8476283,,Alex Broadhurst,Broadhurst,C,WPG,500000,0,,,,,0,,A,,,,,0,,,0,60,0,0,,0,,,,,,0,,,,,,,,,0,,,,,,,,
8475821,,Sam Brittain,Brittain,G,FLA,500000,0,,,,,0,,S,,,,,0,,,0,42,0,0,,0,,,,,,0,,,,,,,,,0,,,,,,,,
8482153,,Brendan Brisson,Brisson,C,NYR,500000,1,0,0.222222,0,,0,,B,0,0,0,0,0,9,09:52,0,47,0,0,,0,3,9,,0,0,0,,-3,0,2.00,0,00:00,0,0,0,0,7,0,,,,,
8478465,,Guillaume Brisebois,Brisebois,D,VAN,530000,1,0,5.333333,4,,0,,G,0,0,0,0,0,2,15:48,0,58,1,0,20251021,0,1,3,,0,0,0,,0,0,16.00,0,00:00,0,0,30000,0,2,0,,,,2025-09-28,2025-09-28
8477195,,Mathieu Brisebois,Brisebois,D,CHI,500000,0,,,,,0,,M,,,,,0,,,0,36,0,0,,0,,,,,,0,,,,,,,,,0,,,,,,,,
8481755,,Benjamin Brinkman,Brinkman,D,DAL,500000,0,,,,,0,,B,,,,,0,,,0,39,0,0,,0,,,,,,0,,,,,,,,,0,,,,,,,,
8481553,,Bobby Brink,Brink,W,PHI,2590000,1,29,19.215190,29,,0,,B,0,12,2,0,0,97,14:50,0,51,0,0,,0,36,79,,0,0,0,,-11,22,1518.00,2,00:00,41,0,2090000,0,105,0,,,,,
8484149,,Gavin Brindley,Brindley,C,COL,500000,1,,,,,0,,G,,,,,0,,,0,37,0,0,,0,,,,,,0,,,,,,,,,,,,,,,,,
8480291,,Skyler Brind'Amour,Brind'Amour,C,CAR,500000,1,0,3.500000,1,,0,,S,0,1,0,0,0,1,16:35,0,35,0,0,,0,2,2,,0,0,0,,-3,2,7.00,0,00:00,1,0,0,0,1,0,,,,,
8464975,,Daniel Briere,Briere,C,COL,500000,0,,,,,0,,D,,,,,0,,,0,37,0,0,,0,,,,,,0,,,,,,,,,0,,,,,,,,
8475736,,Connor Brickley,Brickley,W,NYR,500000,0,,,,,0,,C,,,,,0,,,0,47,0,0,,0,,,,,,0,,,,,,,,,0,,,,,,,,
8480771,,Daniel Brickley,Brickley,D,LAK,500000,0,,,,,0,,D,,,,,0,,,0,43,0,0,,0,,,,,,0,,,,,,,,,0,,,,,,,,
8484833,,Scooter Brickey,Brickey,D,PIT,500000,0,,,,,0,,S,,,,,0,,,0,53,0,0,,0,,,,,,0,,,,,,,,,,,,,,,,,
8466142,,Eric Brewer,Brewer,D,TOR,500000,0,,,,,0,,E,,,,,0,,,0,57,0,0,,0,,,,,,0,,,,,,,,,0,,,,,,,,
8480094,,Phil Brewer,Brewer,C,FA,500000,0,,,,,0,,P,,,,,0,,,0,0,0,0,,0,,,,,,0,,,,,,,,,0,,,,,,,,
8470283,,Tim Brent,Brent,C,PHI,500000,0,,,,,0,,T,,,,,0,,,0,51,0,0,,0,,,,,,0,,,,,,,,,0,,,,,,,,
8483426,,Tyler Brennan,Brennan,G,NJD,500000,1,,,,,0,,T,,,,,0,,,0,49,0,0,,0,,,,,,0,,,,,,,,,,,,,,,,,
8474113,,TJ Brennan,Brennan,D,CHI,500000,0,,,,,0,,T,,,,,0,,,0,36,0,0,,0,,,,,,0,,,,,,,,,0,,,,,,,,
8475648,,Chris Breen,Breen,D,BOS,500000,0,,,,,0,,C,,,,,0,,,0,32,0,0,,0,,,,,,0,,,,,,,,,0,,,,,,,,
8485500,,David Breazeale,Breazeale,D,PIT,500000,1,,,,,0,,D,,,,,0,,,0,53,0,0,,0,,,,,,0,,,,,,,,,,,,,,,,,
8479638,,Justin Brazeau,Brazeau,W,PIT,2450000,1,13,14.951220,40,,0,,J,0,11,3,0,0,145,11:35,0,53,0,0,,0,33,82,,0,0,0,,-8,18,1226.00,4,00:00,24,0,1950000,0,91,0,,,,,
8474027,,Justin Braun,Braun,D,PHI,500000,0,,,,,0,,J,,,,,0,,,0,51,0,0,,0,,,,,,0,,,,,,,,,-980000,,,,,,,,
8480997,,Victor Brattstrom,Brattstrom,G,DET,500000,0,,,,,0,,V,,,,,0,,,0,40,0,0,,0,,,,,,0,,,,,,,,,0,,,,,,,,
8479407,,Jesper Bratt,Bratt,W,NJD,5760000,1,69,37.244186,45,,0,,J,0,22,2,0,0,102,19:12,0,49,0,0,,0,34,86,,0,0,0,,0,18,3203.00,4,00:00,91,0,2510000,2,200,0,,,,,
8478181,,Zach Bratina,Bratina,W,NYR,500000,0,,,,,0,,Z,,,,,0,,,0,47,0,0,,0,,,,,,0,,,,,,,,,0,,,,,,,,
8477585,,Brady Brassart,Brassart,C,MIN,500000,0,,,,,0,,B,,,,,0,,,0,44,0,0,,0,,,,,,0,,,,,,,,,0,,,,,,,,
8473544,,Derick Brassard,Brassard,C,OTT,500000,0,,,,,0,,D,,,,,0,,,0,50,0,0,,0,,,,,,0,,,,,,,,,-1540000,,,,,,,,
8476301,,Austen Brassard,Brassard,W,WPG,500000,0,,,,,0,,A,,,,,0,,,0,60,0,0,,0,,,,,,0,,,,,,,,,0,,,,,,,,
8480258,,Matt Brassard,Brassard,D,VAN,500000,0,,,,,0,,M,,,,,0,,,0,58,0,0,,0,,,,,,0,,,,,,,,,0,,,,,,,,
8480073,,Erik Brannstrom,Brannstrom,D,VAN,1800000,0,5,14.321429,38,,0,,E,0,3,1,0,0,14,14:56,0,58,0,0,,0,9,28,,0,0,0,,-4,17,401.00,0,00:00,8,0,-760000,0,33,0,,,,,
8484794,,Michael Brandsegg-NygÃ¥rd,Brandsegg-NygÃ¥rd,W,DET,1940000,1,,,,,0,,M,,,,,0,,,0,40,0,0,,0,,,,,,0,,,,,,,,,,,,,,,,,
8480521,,MacKenzie Braid,Braid,G,WSH,500000,0,,,,,0,,M,,,,,0,,,0,59,0,0,,0,,,,,,0,,,,,,,,,0,,,,,,,,
8481744,,Cole Brady,Brady,G,NJD,500000,0,,,,,0,,C,,,,,0,,,0,49,0,0,,0,,,,,,0,,,,,,,,,0,,,,,,,,
8484495,,Sebastian Bradshaw,Bradshaw,W,DAL,500000,1,,,,,0,,S,,,,,0,,,0,39,0,0,,0,,,,,,0,,,,,,,,,,,,,,,,,
8482507,,Chase Bradley,Bradley,W,COL,500000,1,0,2.000000,1,,0,,C,0,0,0,0,0,1,05:35,0,37,0,0,,0,1,2,,0,0,0,,0,0,4.00,0,00:00,0,0,0,0,0,0,,,,,
8478862,,Matthew Bradley,Bradley,C,MIN,500000,0,,,,,0,,M,,,,,0,,,0,44,0,0,,0,,,,,,0,,,,,,,,,0,,,,,,,,
8478404,,Jeremy Bracco,Bracco,W,CAR,500000,0,,,,,0,,J,,,,,0,,,0,35,0,0,,0,,,,,,0,,,,,,,,,0,,,,,,,,
8482724,,Jakub Brabenec,Brabenec,C,VGK,500000,1,,,,,0,,J,,,,,0,,,0,62,0,0,,0,,,,,,0,,,,,,,,,0,,,,,,,,
8477847,,Bryce Van Brabant,Brabant,W,CAL,500000,0,,,,,0,,B,,,,,0,,,0,34,0,0,,0,,,,,,0,,,,,,,,,0,,,,,,,,
8476916,,Tim Bozon,Bozon,W,FLA,500000,0,,,,,0,,T,,,,,0,,,0,42,0,0,,0,,,,,,0,,,,,,,,,0,,,,,,,,
8475098,,Tyler Bozak,Bozak,C,STL,500000,0,,,,,0,,T,,,,,0,,,0,55,0,0,,0,,,,,,0,,,,,,,,,-2350000,,,,,,,,
8467096,,Dan Boyle,Boyle,D,NYR,500000,0,,,,,0,,D,,,,,0,,,0,47,0,0,,0,,,,,,0,,,,,,,,,0,,,,,,,,
8470619,,Brian Boyle,Boyle,C,FLA,500000,0,,,,,0,,B,,,,,0,,,0,42,1,0,,0,,,,,,0,,,,,,,,,0,,,,,,,2021-12-17,2021-12-17
8476968,,Timothy Boyle,Boyle,D,OTT,500000,0,,,,,0,,T,,,,,0,,,0,50,0,0,,0,,,,,,0,,,,,,,,,0,,,,,,,,
8479294,,Kevin Boyle,Boyle,G,DET,500000,0,,,,,0,,K,,,,,0,,,0,40,0,0,,0,,,,,,0,,,,,,,,,0,,,,,,,,
8482869,,Talyn Boyko,Boyko,G,NYR,500000,1,,,,,0,,T,,,,,0,,,0,47,0,0,,0,,,,,,0,,,,,,,,,0,,,,,,,,
8468504,,Brad Boyes,Boyes,W,TOR,500000,0,,,,,0,,B,,,,,0,,,0,57,0,0,,0,,,,,,0,,,,,,,,,0,,,,,,,,
8476329,,Travis Boyd,Boyd,C,MIN,500000,1,0,2.666667,3,,0,,T,0,0,0,0,0,1,07:48,0,44,0,0,,0,1,3,,0,0,0,,0,0,8.00,0,00:00,0,0,-660000,0,0,0,,,,,
8482885,,Ben Boyd,Boyd,W,CBJ,500000,0,,,,,0,,B,,,,,0,,,0,38,0,0,,0,,,,,,0,,,,,,,,,0,,,,,,,,
8470187,,Johnny Boychuk,Boychuk,D,NYI,500000,0,,,,,0,,J,,,,,0,,,0,46,0,0,,0,,,,,,0,,,,,,,,,-260000,,,,,,,,
8474576,,Zach Boychuk,Boychuk,W,CAR,500000,0,,,,,0,,Z,,,,,0,,,0,35,0,0,,0,,,,,,0,,,,,,,,,0,,,,,,,,
8483890,,Braeden Bowman,Bowman,W,VGK,500000,1,,,,,0,,B,,,,,0,,,0,62,0,0,,0,,,,,,0,,,,,,,,,,,,,,,,,
8474137,,Drayson Bowman,Bowman,W,MTL,500000,0,,,,,0,,D,,,,,0,,,0,45,0,0,,0,,,,,,0,,,,,,,,,0,,,,,,,,
8482438,,Henry Bowlby,Bowlby,W,FLA,500000,0,,,,,0,,H,,,,,0,,,0,42,0,0,,0,,,,,,0,,,,,,,,,0,,,,,,,,
8477474,,Madison Bowey,Bowey,D,MTL,500000,0,,,,,0,,M,,,,,0,,,0,45,0,0,,0,,,,,,0,,,,,,,,,-520000,,,,,,,,
8480032,,Shane Bowers,Bowers,C,SJS,500000,1,0,3.500000,1,,0,,S,0,0,0,0,0,9,08:15,0,54,0,0,,0,2,4,,0,0,0,,-1,0,14.00,0,00:00,0,0,0,0,2,0,,,,,
8482115,,Ethan Bowen,Bowen,C,ANA,500000,1,,,,,0,,E,,,,,0,,,0,31,0,0,,0,,,,,,0,,,,,,,,,0,,,,,,,,
8479016,,Landon Bow,Bow,G,DAL,500000,0,,,,,0,,L,,,,,0,,,0,39,0,0,,0,,,,,,0,,,,,,,,,0,,,,,,,,
8470151,,Jay Bouwmeester,Bouwmeester,D,STL,500000,0,,,,,0,,J,,,,,0,,,0,55,0,0,,0,,,,,,0,,,,,,,,,0,,,,,,,,
8483877,,Olivier Boutin,Boutin,D,COL,500000,0,,,,,0,,O,,,,,0,,,0,37,0,0,,0,,,,,,0,,,,,,,,,,,,,,,,,
8481011,,Zachary Bouthillier,Bouthillier,G,TOR,500000,0,,,,,0,,Z,,,,,0,,,0,57,0,0,,0,,,,,,0,,,,,,,,,0,,,,,,,,
8482145,,Mavrik Bourque,Bourque,C,DAL,2190000,1,14,14.355263,38,,0,,M,0,11,1,0,0,52,12:36,0,39,0,0,,0,28,76,,0,0,0,,5,10,1091.00,1,00:00,25,0,1690000,0,88,0,,,,,
8471246,,Chris Bourque,Bourque,W,WSH,500000,0,,,,,0,,C,,,,,0,,,0,59,0,0,,0,,,,,,0,,,,,,,,,0,,,,,,,,
8471504,,Rene Bourque,Bourque,W,COL,500000,0,,,,,0,,R,,,,,0,,,0,37,0,0,,0,,,,,,0,,,,,,,,,0,,,,,,,,
8475243,,Ryan Bourque,Bourque,C,NYR,500000,0,,,,,0,,R,,,,,0,,,0,47,0,0,,0,,,,,,0,,,,,,,,,0,,,,,,,,
8475268,,Gabriel Bourque,Bourque,W,WPG,500000,0,,,,,0,,G,,,,,0,,,0,60,0,0,,0,,,,,,0,,,,,,,,,0,,,,,,,,
8478517,,Simon Bourque,Bourque,D,WPG,500000,0,,,,,0,,S,,,,,0,,,0,60,0,0,,0,,,,,,0,,,,,,,,,0,,,,,,,,
8480250,,Trenton Bourque,Bourque,D,STL,500000,0,,,,,0,,T,,,,,0,,,0,55,0,0,,0,,,,,,0,,,,,,,,,0,,,,,,,,
8475739,,Michael Bournival,Bournival,W,TBL,500000,0,,,,,0,,M,,,,,0,,,0,56,0,0,,0,,,,,,0,,,,,,,,,0,,,,,,,,
8476912,,Troy Bourke,Bourke,W,COL,500000,0,,,,,0,,T,,,,,0,,,0,37,0,0,,0,,,,,,0,,,,,,,,,0,,,,,,,,
8482673,,Xavier Bourgault,Bourgault,W,OTT,500000,1,,,,,0,,X,,,,,0,,,0,50,0,0,,0,,,,,,0,,,,,,,,,0,,,,,,,,
8480398,,Riley Bourbonnais,Bourbonnais,C,FA,500000,0,,,,,0,,R,,,,,0,,,0,0,0,0,,0,,,,,,0,,,,,,,,,0,,,,,,,,
8483818,,Daniil Bourash,Bourash,C,VGK,500000,0,,,,,0,,D,,,,,0,,,0,62,0,0,,0,,,,,,0,,,,,,,,,,,,,,,,,
8478501,,Gustav Bouramman,Bouramman,D,FLA,500000,0,,,,,0,,G,,,,,0,,,0,42,0,0,,0,,,,,,0,,,,,,,,,0,,,,,,,,
8485377,,Sascha Boumedienne,Boumedienne,D,WPG,900000,1,,,,,0,,S,,,,,0,,,0,60,0,0,,0,,,,,,0,,,,,,,,,,,,,,,,,
8474642,,Lance Bouma,Bouma,W,CHI,500000,0,,,,,0,,L,,,,,0,,,0,36,0,0,,0,,,,,,0,,,,,,,,,0,,,,,,,,
8485239,,Ryder Boulton,Boulton,W,CBJ,500000,1,,,,,0,,R,,,,,0,,,0,38,0,0,,0,,,,,,0,,,,,,,,,,,,,,,,,
8460720,,Eric Boulton,Boulton,W,NYI,500000,0,,,,,0,,E,,,,,0,,,0,46,0,0,,0,,,,,,0,,,,,,,,,0,,,,,,,,
8485170,,Sawyer Boulton,Boulton,W,PHI,500000,0,,,,,0,,S,,,,,0,,,0,51,0,0,,0,,,,,,0,,,,,,,,,,,,,,,,,
8477470,,Gabryel Boudreau,Boudreau,W,SJS,500000,0,,,,,0,,G,,,,,0,,,0,54,0,0,,0,,,,,,0,,,,,,,,,0,,,,,,,,
8482970,,Marc Boudreau,Boudreau,W,BOS,500000,0,,,,,0,,M,,,,,0,,,0,32,0,0,,0,,,,,,0,,,,,,,,,0,,,,,,,,
8484119,,Louis Boudon,Boudon,C,MIN,500000,0,,,,,0,,L,,,,,0,,,0,44,0,0,,0,,,,,,0,,,,,,,,,,,,,,,,,
8480316,,Jordan Boucher-Gould,Boucher-Gould,W,MTL,500000,0,,,,,0,,J,,,,,0,,,0,45,0,0,,0,,,,,,0,,,,,,,,,0,,,,,,,,
8482674,,Tyler Boucher,Boucher,W,OTT,500000,1,,,,,0,,T,,,,,0,,,0,50,0,0,,0,,,,,,0,,,,,,,,,-100000,,,,,,,,
8476423,,Reid Boucher,Boucher,C,VAN,500000,0,,,,,0,,R,,,,,0,,,0,58,0,0,,0,,,,,,0,,,,,,,,,0,,,,,,,,
8480803,,Evan Bouchard,Bouchard,D,EDM,6330000,1,69,35.173077,133,,0,,E,0,21,3,0,0,41,24:02,0,41,0,0,,0,34,104,,1,0,0,,20,40,3658.00,5,00:00,90,0,4610000,0,305,0,,,,,
8478111,,Keven Bouchard,Bouchard,G,EDM,500000,0,,,,,0,,K,,,,,0,,,0,41,0,0,,0,,,,,,0,,,,,,,,,0,,,,,,,,
8480864,,Xavier Bouchard,Bouchard,D,VGK,500000,0,,,,,0,,X,,,,,0,,,0,62,0,0,,0,,,,,,0,,,,,,,,,0,,,,,,,,
8474145,,Robert Bortuzzo,Bortuzzo,D,UTA,1270000,1,2,11.882353,24,,0,,R,0,0,0,0,0,21,10:57,0,64,0,0,,0,6,17,,0,0,0,,-2,22,202.00,0,00:00,2,0,-800000,0,8,0,,,,,
8474697,,Mark Borowiecki,Borowiecki,D,NSH,500000,0,,,,,0,,M,,,,,0,,,0,48,0,0,,0,,,,,,0,,,,,,,,,-1240000,,,,,,,,
8479253,,Michael Borkowski,Borkowski,W,DET,500000,0,,,,,0,,M,,,,,0,,,0,40,0,0,,0,,,,,,0,,,,,,,,,0,,,,,,,,
8485594,,Yegor Borikov,Borikov,W,UTA,500000,1,,,,,0,,Y,,,,,0,,,0,64,0,0,,0,,,,,,0,,,,,,,,,,,,,,,,,
8479404,,Henrik Borgstrom,Borgstrom,C,WSH,500000,0,,,,,0,,H,,,,,0,,,0,59,0,0,,0,,,,,,0,,,,,,,,,0,,,,,,,,
8480158,,Andreas Borgman,Borgman,D,DAL,500000,0,,,,,0,,A,,,,,0,,,0,39,0,0,,0,,,,,,0,,,,,,,,,-520000,,,,,,,,
8478840,,Will Borgen,Borgen,D,NYR,1820000,1,10,13.178571,110,,0,,W,0,5,0,0,0,122,17:05,0,47,0,0,,0,36,84,,0,0,0,,-4,42,1107.00,0,00:00,15,0,1080000,1,81,0,,,,,
8482133,,Thomas Bordeleau,Bordeleau,C,NJD,500000,1,0,2.000000,0,,0,,T,0,0,0,0,0,0,10:38,0,49,0,0,,0,1,1,,0,0,0,,0,0,2.00,0,00:00,0,0,0,0,1,0,,,,,
8471326,,Patrick Bordeleau,Bordeleau,W,COL,500000,0,,,,,0,,P,,,,,0,,,0,37,0,0,,0,,,,,,0,,,,,,,,,0,,,,,,,,
8480003,,Jesper Boqvist,Boqvist,C,FLA,2790000,1,14,16.549451,31,,0,,J,0,14,3,0,0,232,12:43,0,42,0,0,,0,33,91,,0,0,0,,-3,14,1506.00,0,00:00,28,0,1620000,1,94,0,,,,,
8480871,,Adam Boqvist,Boqvist,D,NYI,1770000,1,10,12.685714,19,,0,,A,0,4,0,0,0,13,14:04,0,46,0,0,,0,16,35,,0,0,0,,-9,10,444.00,1,00:00,14,0,-250000,0,40,0,,,,,
8483699,,Angus Booth,Booth,D,LAK,500000,1,,,,,0,,A,,,,,0,,,0,43,0,0,,0,,,,,,0,,,,,,,,,,,,,,,,,
8471266,,David Booth,Booth,W,DET,500000,0,,,,,0,,D,,,,,0,,,0,40,0,0,,0,,,,,,0,,,,,,,,,0,,,,,,,,
8478473,,Callum Booth,Booth,G,BOS,500000,0,,,,,0,,C,,,,,0,,,0,32,0,0,,0,,,,,,0,,,,,,,,,0,,,,,,,,
8480348,,Shaw Boomhower,Boomhower,W,FA,500000,0,,,,,0,,S,,,,,0,,,0,0,0,0,,0,,,,,,0,,,,,,,,,0,,,,,,,,
8484148,,Oliver Bonk,Bonk,D,PHI,500000,1,,,,,0,,O,,,,,0,,,0,51,1,0,20250925,0,,,,,,0,,,,,,,,,,,,,,,,2025-09-24,2025-09-24
8474009,,Nick Bonino,Bonino,C,NYR,500000,0,,,,,0,,N,,,,,0,,,0,47,0,0,,0,,,,,,0,,,,,,,,,-1950000,,,,,,,,
8483579,,Wyatt Bongiovanni,Bongiovanni,W,OTT,500000,1,,,,,0,,W,,,,,0,,,0,50,0,0,,0,,,,,,0,,,,,,,,,,,,,,,,,
8478876,,Radovan Bondra,Bondra,W,CHI,500000,0,,,,,0,,R,,,,,0,,,0,36,0,0,,0,,,,,,0,,,,,,,,,0,,,,,,,,
8482183,,Jake Boltmann,Boltmann,D,CAL,500000,0,,,,,0,,J,,,,,0,,,0,34,0,0,,0,,,,,,0,,,,,,,,,0,,,,,,,,
8475650,,Brandon Bollig,Bollig,W,NSH,500000,0,,,,,0,,B,,,,,0,,,0,48,0,0,,0,,,,,,0,,,,,,,,,0,,,,,,,,
8471245,,Dave Bolland,Bolland,C,ARI,500000,0,,,,,0,,D,,,,,0,,,0,52,0,0,,0,,,,,,0,,,,,,,,,0,,,,,,,,
8471766,,Jared Boll,Boll,W,ANA,500000,0,,,,,0,,J,,,,,0,,,0,31,0,0,,0,,,,,,0,,,,,,,,,0,,,,,,,,
8481557,,Matt Boldy,Boldy,W,MIN,6260000,1,48,37.965909,72,,0,,M,0,32,11,0,0,63,20:37,0,44,0,0,,0,32,88,,2,0,0,,1,53,3341.00,6,00:00,80,0,5760000,0,291,0,,,,,
8481541,,Samuel Bolduc,Bolduc,D,LAK,500000,1,0,-10.000000,0,,0,,S,0,0,0,0,0,0,05:56,0,43,0,0,,0,1,1,,0,0,0,,-1,0,-10.00,0,00:00,0,0,0,0,0,0,,,,,
8482737,,Zack Bolduc,Bolduc,W,MTL,3840000,1,18,24.303797,38,,0,,Z,0,19,0,0,0,128,12:51,0,45,1,0,20251004,0,27,79,,0,0,0,,18,53,1920.00,7,00:00,37,0,3140000,0,127,0,,,,2025-10-03,2025-10-03
8470719,,Alexandre Bolduc,Bolduc,C,ARI,500000,0,,,,,0,,A,,,,,0,,,0,52,0,0,,0,,,,,,0,,,,,,,,,0,,,,,,,,
8480827,,Dominik Bokk,Bokk,W,CAR,500000,0,,,,,0,,D,,,,,0,,,0,35,0,0,,0,,,,,,0,,,,,,,,,0,,,,,,,,
8478428,,Nicholas Boka,Boka,D,MIN,500000,0,,,,,0,,N,,,,,0,,,0,44,0,0,,0,,,,,,0,,,,,,,,,0,,,,,,,,
8484793,,Sacha Boisvert,Boisvert,C,CHI,1700000,1,,,,,0,,S,,,,,0,,,0,36,0,0,,0,,,,,,0,,,,,,,,,,,,,,,,,
8484791,,Raoul Boilard,Boilard,C,NYR,500000,1,,,,,0,,R,,,,,0,,,0,47,0,0,,0,,,,,,0,,,,,,,,,,,,,,,,,
8478884,,Sergei Boikov,Boikov,D,COL,500000,1,,,,,0,,S,,,,,0,,,0,37,0,0,,0,,,,,,0,,,,,,,,,0,,,,,,,,
8474567,,Zach Bogosian,Bogosian,D,MIN,1830000,1,13,11.402299,76,,0,,Z,0,4,0,0,0,87,15:37,0,44,0,0,,0,31,87,,0,0,0,,-5,43,992.00,0,00:00,17,0,100000,0,81,0,,,,,
8484482,,Dennis Good Bogg,Bogg,D,NYI,500000,1,,,,,0,,D,,,,,0,,,0,46,0,0,,0,,,,,,0,,,,,,,,,,,,,,,,,
8478444,,Brock Boeser,Boeser,W,VAN,3150000,1,25,22.800000,34,,0,,B,0,25,3,0,0,76,18:10,0,58,0,0,,0,26,75,,0,0,0,,-25,16,1710.00,9,00:00,50,0,-570000,0,146,0,,,,,
8480386,,Corbin Boes,Boes,G,FA,500000,0,,,,,0,,C,,,,,0,,,0,0,0,0,,0,,,,,,0,,,,,,,,,0,,,,,,,,
8485374,,Lasse Boelius,Boelius,D,ANA,500000,1,,,,,0,,L,,,,,0,,,0,31,0,0,,0,,,,,,0,,,,,,,,,,,,,,,,,
8485208,,Brayden Boehm,Boehm,C,EDM,500000,0,,,,,0,,B,,,,,0,,,0,41,0,0,,0,,,,,,0,,,,,,,,,,,,,,,,,
8474571,,Mikkel Boedker,Boedker,W,OTT,500000,0,,,,,0,,M,,,,,0,,,0,50,0,0,,0,,,,,,0,,,,,,,,,0,,,,,,,,
8473495,,Denis Bodrov,Bodrov,D,PHI,500000,0,,,,,0,,D,,,,,0,,,0,51,0,0,,0,,,,,,0,,,,,,,,,0,,,,,,,,
8473550,,Andrew Bodnarchuk,Bodnarchuk,D,DAL,500000,0,,,,,0,,A,,,,,0,,,0,39,0,0,,0,,,,,,0,,,,,,,,,0,,,,,,,,
8470867,,Troy Bodie,Bodie,W,TOR,500000,0,,,,,0,,T,,,,,0,,,0,57,0,0,,0,,,,,,0,,,,,,,,,0,,,,,,,,
8477889,,Mathew Bodie,Bodie,D,TBL,500000,0,,,,,0,,M,,,,,0,,,0,56,0,0,,0,,,,,,0,,,,,,,,,0,,,,,,,,
8481090,,Martin Bodak,Bodak,D,VGK,500000,0,,,,,0,,M,,,,,0,,,0,62,0,0,,0,,,,,,0,,,,,,,,,0,,,,,,,,
8479528,,Vladimir Bobylev,Bobylev,W,TOR,500000,1,,,,,0,,V,,,,,0,,,0,57,0,0,,0,,,,,,0,,,,,,,,,0,,,,,,,,
8475683,,Sergei Bobrovsky,Bobrovsky,G,FLA,8290000,1,1,49.974026,0,,0,,S,183,0,0,49,0,0,01:18,0,42,0,0,,0,23,77,,0,4,0,,0,0,3848.00,0,00:00,1,1809,2790000,0,0,8,,90.8,,,
8470094,,Victor Bobrov,Bobrov,W,CAL,500000,0,,,,,0,,V,,,,,0,,,0,34,0,0,,0,,,,,,0,,,,,,,,,0,,,,,,,,
8471663,,Mike Blunden,Blunden,W,OTT,500000,0,,,,,0,,M,,,,,0,,,0,50,0,0,,0,,,,,,0,,,,,,,,,0,,,,,,,,
8474164,,Jonathon Blum,Blum,D,MIN,500000,0,,,,,0,,J,,,,,0,,,0,44,0,0,,0,,,,,,0,,,,,,,,,0,,,,,,,,
8476860,,Dylan Blujus,Blujus,D,TBL,500000,0,,,,,0,,D,,,,,0,,,0,56,0,0,,0,,,,,,0,,,,,,,,,0,,,,,,,,
8476927,,Teddy Blueger,Blueger,C,VAN,2020000,1,18,14.378049,43,,0,,T,0,8,0,0,0,104,14:19,0,58,0,0,,0,30,82,,0,0,0,,-7,39,1179.00,0,00:00,26,0,-1110000,0,94,0,,,,,
8482865,,Josh Bloom,Bloom,W,VAN,500000,1,,,,,0,,J,,,,,0,,,0,58,0,0,,0,,,,,,0,,,,,,,,,0,,,,,,,,
8476362,,Ludwig Blomstrand,Blomstrand,W,VAN,500000,0,,,,,0,,L,,,,,0,,,0,58,0,0,,0,,,,,,0,,,,,,,,,0,,,,,,,,
8482446,,Joel Blomqvist,Blomqvist,G,PIT,1680000,1,0,16.133333,0,,0,,J,49,0,0,4,0,0,51:30,0,53,1,0,20250926,0,9,15,,0,1,0,,0,0,242.00,0,00:00,0,376,1180000,0,0,0,,88.5,,2025-09-24,2025-09-24
8477627,,Axel Blomqvist,Blomqvist,W,WPG,500000,0,,,,,0,,A,,,,,0,,,0,60,0,0,,0,,,,,,0,,,,,,,,,0,,,,,,,,
8477320,,Anton Blidh,Blidh,W,NYR,500000,1,,,,,0,,A,,,,,0,,,0,47,0,0,,0,,,,,,0,,,,,,,,,-230000,,,,,,,,
8479571,,Joachim Blichfeld,Blichfeld,W,SJS,500000,0,,,,,0,,J,,,,,0,,,0,54,0,0,,0,,,,,,0,,,,,,,,,-460000,,,,,,,,
8477954,,Conner Bleackley,Bleackley,C,STL,500000,0,,,,,0,,C,,,,,0,,,0,55,0,0,,0,,,,,,0,,,,,,,,,0,,,,,,,,
8469577,,Miroslav Blatak,Blatak,D,DET,500000,0,,,,,0,,M,,,,,0,,,0,40,0,0,,0,,,,,,0,,,,,,,,,0,,,,,,,,
8483565,,Nick Blankenburg,Blankenburg,D,NSH,2010000,1,12,14.950000,59,,0,,N,0,4,2,0,0,53,19:33,0,48,0,0,,0,32,60,,1,0,0,,-2,24,897.00,1,00:00,16,0,,0,83,0,,,,,
8477010,,Joseph Blandisi,Blandisi,C,MTL,500000,0,,,,,0,,J,,,,,0,,,0,45,0,0,,0,,,,,,0,,,,,,,,,0,,,,,,,,
8485583,,Vashek Blanar,Blanar,D,BOS,500000,1,,,,,0,,V,,,,,0,,,0,32,0,0,,0,,,,,,0,,,,,,,,,,,,,,,,,
8482809,,Jackson Blake,Blake,W,CAR,3400000,1,20,19.915789,29,,0,,J,0,20,6,0,0,36,14:20,0,35,0,0,,0,32,95,,0,0,0,,10,46,1892.00,7,00:00,40,0,2900000,0,167,0,,,,,
8481612,,Harrison Blaisdell,Blaisdell,C,WPG,500000,1,,,,,0,,H,,,,,0,,,0,60,0,0,,0,,,,,,0,,,,,,,,,0,,,,,,,,
8485009,,Alexandre Blais,Blais,C,ANA,500000,1,,,,,0,,A,,,,,0,,,0,31,0,0,,0,,,,,,0,,,,,,,,,,,,,,,,,
8478104,,Sammy Blais,Blais,W,STL,500000,0,,,,,0,,S,,,,,0,,,0,55,0,0,,0,,,,,,0,,,,,,,,,-2360000,,,,,,,,
8478406,,Mackenzie Blackwood,Blackwood,G,COL,6960000,1,1,44.682540,0,,0,,M,156,0,0,31,0,0,57:51,0,37,0,0,,0,24,63,,0,8,0,,0,0,2815.00,0,00:00,1,1565,2650000,0,0,5,,90.9,,,
8476278,,Colin Blackwell,Blackwell,C,DAL,2190000,1,11,13.581081,28,,0,,C,0,7,1,0,0,110,11:29,0,39,0,0,,0,27,74,,1,0,0,,-1,22,1005.00,0,00:00,18,0,-400000,2,79,0,,,,,
8475203,,Jesse Blacker,Blacker,D,ANA,500000,0,,,,,0,,J,,,,,0,,,0,31,0,0,,0,,,,,,0,,,,,,,,,0,,,,,,,,
8484900,,Cooper Black,Black,G,FLA,500000,1,,,,,0,,C,,,,,0,,,0,42,0,0,,0,,,,,,0,,,,,,,,,,,,,,,,,
8476939,,Graham Black,Black,C,FLA,500000,0,,,,,0,,G,,,,,0,,,0,42,0,0,,0,,,,,,0,,,,,,,,,0,,,,,,,,
8481712,,MatÄ›j  BlÃ¼mel,BlÃ¼mel,W,BOS,700000,1,0,7.000000,1,,0,,M,0,1,0,0,0,6,08:26,0,32,0,0,,0,4,7,,0,0,0,,-1,0,49.00,0,00:00,1,0,200000,0,10,0,,,,,
8475760,,Nick Bjugstad,Bjugstad,C,UTA,2070000,1,11,15.257576,28,,0,,N,0,8,0,0,0,104,12:19,0,64,0,0,,0,26,66,,0,0,0,,-2,16,1007.00,1,00:00,19,0,-860000,0,115,0,,,,,
8481600,,Tobias Bjornfot,Bjornfot,D,FLA,500000,1,0,2.857143,9,,0,,T,0,0,0,0,0,13,13:06,0,42,0,0,,0,6,14,,0,0,0,,-3,2,40.00,0,00:00,0,0,-790000,0,10,0,,,,,
8477416,,Oliver Bjorkstrand,Bjorkstrand,W,TBL,3210000,1,25,23.012658,24,,0,,O,0,21,2,0,0,74,15:09,0,56,0,0,,0,35,79,,0,0,0,,2,18,1818.00,5,00:00,46,0,-250000,0,154,0,,,,,
8479654,,Patrick Bjorkstrand,Bjorkstrand,W,LAK,500000,0,,,,,0,,P,,,,,0,,,0,43,0,0,,0,,,,,,0,,,,,,,,,0,,,,,,,,
8479512,,Kasper Bjorkqvist,Bjorkqvist,W,PIT,500000,0,,,,,0,,K,,,,,0,,,0,53,0,0,,0,,,,,,0,,,,,,,,,0,,,,,,,,
8482188,,Garin Bjorklund,Bjorklund,G,WSH,500000,1,,,,,0,,G,,,,,0,,,0,59,0,0,,0,,,,,,0,,,,,,,,,0,,,,,,,,
8478075,,Anders Bjork,Bjork,W,CHI,500000,0,,,,,0,,A,,,,,0,,,0,36,0,0,,0,,,,,,0,,,,,,,,,-610000,,,,,,,,
8483620,,Marcus Bjork,Bjork,D,CBJ,500000,0,,,,,0,,M,,,,,0,,,0,38,0,0,,0,,,,,,0,,,,,,,,,,,,,,,,,
8482453,,Ole Julian Bjorgvik-Holm,Bjorgvik-Holm,D,CBJ,500000,0,,,,,0,,O,,,,,0,,,0,38,0,0,,0,,,,,,0,,,,,,,,,0,,,,,,,,
8485616,,Wilson Bjorck,Bjorck,C,VAN,500000,1,,,,,0,,W,,,,,0,,,0,58,0,0,,0,,,,,,0,,,,,,,,,,,,,,,,,
8484147,,Carson Bjarnason,Bjarnason,G,PHI,500000,1,,,,,0,,C,,,,,0,,,0,51,0,0,,0,,,,,,0,,,,,,,,,,,,,,,,,
8468693,,Vasily Bizyayev,Bizyayev,W,BUF,500000,0,,,,,0,,V,,,,,0,,,0,33,0,0,,0,,,,,,0,,,,,,,,,0,,,,,,,,
8478426,,Paul Bittner,Bittner,W,CBJ,500000,0,,,,,0,,P,,,,,0,,,0,38,0,0,,0,,,,,,0,,,,,,,,,0,,,,,,,,
8479375,,Will Bitten,Bitten,C,STL,500000,0,,,,,0,,W,,,,,0,,,0,55,0,0,,0,,,,,,0,,,,,,,,,0,,,,,,,,
8481183,,Samuel Bitten,Bitten,C,MIN,500000,0,,,,,0,,S,,,,,0,,,0,44,0,0,,0,,,,,,0,,,,,,,,,0,,,,,,,,
8475868,,Anthony Bitetto,Bitetto,D,FLA,500000,0,,,,,0,,A,,,,,0,,,0,42,0,0,,0,,,,,,0,,,,,,,,,-630000,,,,,,,,
8478056,,Clark Bishop,Bishop,C,CAL,590000,1,0,5.500000,2,,0,,C,0,1,0,0,0,8,07:15,0,34,0,0,,0,3,6,,0,0,0,,-2,0,33.00,0,00:00,1,0,-820000,0,4,0,,,,,
8485721,,Will Bishop,Bishop,D,CBJ,500000,1,,,,,0,,W,,,,,0,,,0,38,0,0,,0,,,,,,0,,,,,,,,,,,,,,,,,
8471750,,Ben Bishop,Bishop,G,BUF,500000,0,,,,,0,,B,,,,,0,,,0,33,0,0,,0,,,,,,0,,,,,,,,,-3710000,,,,,,,,
8476987,,Jake Bischoff,Bischoff,D,VGK,500000,0,,,,,0,,J,,,,,0,,,0,62,0,0,,0,,,,,,0,,,,,,,,,0,,,,,,,,
8484931,,Ryan Bischel,Bischel,G,BOS,500000,0,,,,,0,,R,,,,,0,,,0,32,0,0,,0,,,,,,0,,,,,,,,,,,,,,,,,
8482061,,Brandon Biro,Biro,W,SEA,500000,0,,,,,0,,B,,,,,0,,,0,63,0,0,,0,,,,,,0,,,,,,,,,0,,,,,,,,
8477397,,Dane Birks,Birks,D,ARI,500000,0,,,,,0,,D,,,,,0,,,0,52,0,0,,0,,,,,,0,,,,,,,,,0,,,,,,,,
8475189,,Josh Birkholz,Birkholz,W,FLA,500000,0,,,,,0,,J,,,,,0,,,0,42,0,0,,0,,,,,,0,,,,,,,,,0,,,,,,,,
8478066,,Tyler Bird,Bird,W,CBJ,500000,0,,,,,0,,T,,,,,0,,,0,38,0,0,,0,,,,,,0,,,,,,,,,0,,,,,,,,
8482114,,Blake Biondi,Biondi,C,MTL,500000,0,,,,,0,,B,,,,,0,,,0,45,0,0,,0,,,,,,0,,,,,,,,,0,,,,,,,,
8476412,,Jordan Binnington,Binnington,G,STL,5790000,1,0,37.206349,0,,0,,J,164,0,0,31,0,0,58:34,0,55,0,0,,0,25,63,,0,6,0,,0,0,2344.00,0,00:00,0,1477,500000,0,0,3,,90.0,,,
8479930,,Kristofers Bindulis,Bindulis,D,WSH,500000,0,,,,,0,,K,,,,,0,,,0,59,0,0,,0,,,,,,0,,,,,,,,,0,,,,,,,,
8480374,,Nathan Billitier,Billitier,D,FA,500000,0,,,,,0,,N,,,,,0,,,0,0,0,0,,0,,,,,,0,,,,,,,,,0,,,,,,,,
8476827,,Chad Billins,Billins,D,VAN,500000,0,,,,,0,,C,,,,,0,,,0,58,0,0,,0,,,,,,0,,,,,,,,,0,,,,,,,,
8477453,,Chris Bigras,Bigras,D,PHI,500000,0,,,,,0,,C,,,,,0,,,0,51,0,0,,0,,,,,,0,,,,,,,,,0,,,,,,,,
8476475,,Tyler Biggs,Biggs,W,PIT,500000,0,,,,,0,,T,,,,,0,,,0,53,0,0,,0,,,,,,0,,,,,,,,,0,,,,,,,,
8483113,,Zachary Biggar,Biggar,D,NJD,500000,0,,,,,0,,Z,,,,,0,,,0,49,0,0,,0,,,,,,0,,,,,,,,,0,,,,,,,,
8469598,,Kevin Bieksa,Bieksa,D,ANA,500000,0,,,,,0,,K,,,,,0,,,0,31,0,0,,0,,,,,,0,,,,,,,,,0,,,,,,,,
8473415,,Alex Biega,Biega,D,NSH,500000,0,,,,,0,,A,,,,,0,,,0,48,0,0,,0,,,,,,0,,,,,,,,,-580000,,,,,,,,
8475732,,Danny Biega,Biega,D,CAR,500000,0,,,,,0,,D,,,,,0,,,0,35,0,0,,0,,,,,,0,,,,,,,,,0,,,,,,,,
8484432,,Kevin Bicker,Bicker,W,DET,500000,1,,,,,0,,K,,,,,0,,,0,40,0,0,,0,,,,,,0,,,,,,,,,,,,,,,,,
8471254,,Bryan Bickell,Bickell,W,CAR,500000,0,,,,,0,,B,,,,,0,,,0,35,0,0,,0,,,,,,0,,,,,,,,,0,,,,,,,,
8474772,,Stu Bickel,Bickel,D,MIN,500000,0,,,,,0,,S,,,,,0,,,0,44,0,0,,0,,,,,,0,,,,,,,,,0,,,,,,,,
8483425,,Lian Bichsel,Bichsel,D,DAL,3340000,1,6,20.089286,32,,0,,L,0,4,1,0,0,230,13:54,0,39,0,0,,0,18,56,,0,0,0,,2,69,1125.00,0,00:00,10,0,,0,52,0,,,,,
8485010,,Gregor Biber,Biber,D,UTA,500000,1,,,,,0,,G,,,,,0,,,0,64,0,0,,0,,,,,,0,,,,,,,,,,,,,,,,,
8477312,,Antoine Bibeau,Bibeau,G,OTT,500000,0,,,,,0,,A,,,,,0,,,0,50,0,0,,0,,,,,,0,,,,,,,,,0,,,,,,,,
8481675,,Felix Bibeau,Bibeau,C,NYI,500000,0,,,,,0,,F,,,,,0,,,0,46,0,0,,0,,,,,,0,,,,,,,,,0,,,,,,,,
8483061,,Jeremie Biakabutuka,Biakabutuka,D,ANA,500000,1,,,,,0,,J,,,,,0,,,0,31,0,0,,0,,,,,,0,,,,,,,,,0,,,,,,,,
8469702,,Dimitri Bezrukov,Bezrukov,W,TBL,500000,0,,,,,0,,D,,,,,0,,,0,56,0,0,,0,,,,,,0,,,,,,,,,0,,,,,,,,
8478969,,Nick Betz,Betz,W,DET,500000,0,,,,,0,,N,,,,,0,,,0,40,0,0,,0,,,,,,0,,,,,,,,,0,,,,,,,,
8483774,,Rayan Bettahar,Bettahar,D,TOR,500000,0,,,,,0,,R,,,,,0,,,0,57,0,0,,0,,,,,,0,,,,,,,,,,,,,,,,,
8477390,,Ben Betker,Betker,D,EDM,500000,0,,,,,0,,B,,,,,0,,,0,41,0,0,,0,,,,,,0,,,,,,,,,0,,,,,,,,
8477379,,Grant Besse,Besse,W,ANA,500000,0,,,,,0,,G,,,,,0,,,0,31,0,0,,0,,,,,,0,,,,,,,,,0,,,,,,,,
8475234,,J-F Berube,Berube,G,NYR,500000,0,,,,,0,,J,,,,,0,,,0,47,0,0,,0,,,,,,0,,,,,,,,,0,,,,,,,,
8477479,,Tyler Bertuzzi,Bertuzzi,W,CHI,2520000,1,23,17.939024,28,,0,,T,0,23,1,0,0,60,16:00,0,36,0,0,,0,45,82,,0,0,0,,-39,51,1471.00,10,00:00,46,0,-930000,0,131,0,,,,,
8483050,,Tag Bertuzzi,Bertuzzi,C,MTL,500000,0,,,,,0,,T,,,,,0,,,0,45,0,0,,0,,,,,,0,,,,,,,,,0,,,,,,,,
8484146,,Tristan Bertucci,Bertucci,D,DAL,500000,1,,,,,0,,T,,,,,0,,,0,39,0,0,,0,,,,,,0,,,,,,,,,,,,,,,,,
8477006,,Christoph Bertschy,Bertschy,C,NJD,500000,0,,,,,0,,C,,,,,0,,,0,49,0,0,,0,,,,,,0,,,,,,,,,0,,,,,,,,
8485083,,Bauer Berry,Berry,D,EDM,500000,1,,,,,0,,B,,,,,0,,,0,41,0,0,,0,,,,,,0,,,,,,,,,,,,,,,,,
8478523,,Mathew Berry,Berry,W,ANA,500000,0,,,,,0,,M,,,,,0,,,0,31,0,0,,0,,,,,,0,,,,,,,,,0,,,,,,,,
8473499,,Reto Berra,Berra,G,ANA,500000,0,,,,,0,,R,,,,,0,,,0,31,0,0,,0,,,,,,0,,,,,,,,,0,,,,,,,,
8468619,,Ruslan Bernikov,Bernikov,W,DAL,500000,0,,,,,0,,R,,,,,0,,,0,39,0,0,,0,,,,,,0,,,,,,,,,0,,,,,,,,
8484838,,Alexis Bernier,Bernier,D,SEA,500000,1,,,,,0,,A,,,,,0,,,0,63,0,0,,0,,,,,,0,,,,,,,,,,,,,,,,,
8470609,,Steve Bernier,Bernier,W,NYI,500000,0,,,,,0,,S,,,,,0,,,0,46,0,0,,0,,,,,,0,,,,,,,,,0,,,,,,,,
8473541,,Jonathan Bernier,Bernier,G,NJD,500000,0,,,,,0,,J,,,,,0,,,0,49,0,0,,0,,,,,,0,,,,,,,,,-3970000,,,,,,,,
8481072,,Tim Berni,Berni,D,CBJ,500000,1,,,,,0,,T,,,,,0,,,0,38,0,0,,0,,,,,,0,,,,,,,,,0,,,,,,,,
8478853,,Daniel Bernhardt,Bernhardt,W,NYR,500000,0,,,,,0,,D,,,,,0,,,0,47,0,0,,0,,,,,,0,,,,,,,,,0,,,,,,,,
8479565,,David Bernhardt,Bernhardt,D,PHI,500000,0,,,,,0,,D,,,,,0,,,0,51,0,0,,0,,,,,,0,,,,,,,,,0,,,,,,,,
8483716,,Joel Ratkovic Berndtsson,Berndtsson,W,BUF,500000,1,,,,,0,,J,,,,,0,,,0,33,0,0,,0,,,,,,0,,,,,,,,,,,,,,,,,
8480879,,Jacob Bernard-Docker,Bernard-Docker,D,BUF,1500000,1,6,12.975000,47,,0,,J,0,2,0,0,0,30,13:37,0,33,0,0,,0,15,40,,0,0,0,,5,17,519.00,0,00:00,8,0,660000,0,32,0,,,,,
8480886,,Xavier Bernard,Bernard,D,NJD,500000,0,,,,,0,,X,,,,,0,,,0,49,0,0,,0,,,,,,0,,,,,,,,,0,,,,,,,,
8478052,,Matthew Berkovitz,Berkovitz,D,ANA,500000,0,,,,,0,,M,,,,,0,,,0,31,0,0,,0,,,,,,0,,,,,,,,,0,,,,,,,,
8477443,,Fredrik Bergvik,Bergvik,G,SJS,500000,0,,,,,0,,F,,,,,0,,,0,54,0,0,,0,,,,,,0,,,,,,,,,0,,,,,,,,
8485093,,Rasmus Bergqvist,Bergqvist,D,MTL,500000,1,,,,,0,,R,,,,,0,,,0,45,0,0,,0,,,,,,0,,,,,,,,,,,,,,,,,
8481640,,Lean Bergmann,Bergmann,C,SJS,500000,0,,,,,0,,L,,,,,0,,,0,54,0,0,,0,,,,,,0,,,,,,,,,-220000,,,,,,,,
8477977,,Julius Bergman,Bergman,D,NYR,500000,0,,,,,0,,J,,,,,0,,,0,47,0,0,,0,,,,,,0,,,,,,,,,0,,,,,,,,
8484837,,Jack Berglund,Berglund,C,PHI,500000,1,,,,,0,,J,,,,,0,,,0,51,0,0,,0,,,,,,0,,,,,,,,,,,,,,,,,
8473534,,Patrik Berglund,Berglund,C,BUF,500000,0,,,,,0,,P,,,,,0,,,0,33,0,0,,0,,,,,,0,,,,,,,,,0,,,,,,,,
8479519,,Filip Berglund,Berglund,D,EDM,500000,0,,,,,0,,F,,,,,0,,,0,41,0,0,,0,,,,,,0,,,,,,,,,0,,,,,,,,
8480264,,Victor Berglund,Berglund,D,BOS,500000,0,,,,,0,,V,,,,,0,,,0,32,0,0,,0,,,,,,0,,,,,,,,,0,,,,,,,,
8481674,,Gustav Berglund,Berglund,D,DET,500000,0,,,,,0,,G,,,,,0,,,0,40,0,0,,0,,,,,,0,,,,,,,,,0,,,,,,,,
8484127,,Carl Berglund,Berglund,C,EDM,500000,0,,,,,0,,C,,,,,0,,,0,41,0,0,,0,,,,,,0,,,,,,,,,,,,,,,,,
8481686,,Axel Bergkvist,Bergkvist,D,ARI,500000,0,,,,,0,,A,,,,,0,,,0,52,0,0,,0,,,,,,0,,,,,,,,,0,,,,,,,,
8481013,,Jonatan Berggren,Berggren,W,DET,1610000,1,12,11.360000,15,,0,,J,0,12,1,0,0,41,12:59,0,40,0,0,,0,30,75,,0,0,0,,-13,14,852.00,3,00:00,24,0,1110000,0,89,0,,,,,
8470638,,Patrice Bergeron,Bergeron,C,BOS,500000,0,,,,,0,,P,,,,,0,,,0,32,0,0,,0,,,,,,0,,,,,,,,,-5900000,,,,,,,,
8481188,,Justin Bergeron,Bergeron,D,BOS,500000,0,,,,,0,,J,,,,,0,,,0,32,0,0,,0,,,,,,0,,,,,,,,,0,,,,,,,,
8481742,,Carter Berger,Berger,D,FLA,500000,0,,,,,0,,C,,,,,0,,,0,42,0,0,,0,,,,,,0,,,,,,,,,0,,,,,,,,
8470176,,Sean Bergenheim,Bergenheim,W,MIN,500000,0,,,,,0,,S,,,,,0,,,0,44,0,0,,0,,,,,,0,,,,,,,,,0,,,,,,,,
8485203,,Parker Berge,Berge,D,LAK,500000,0,,,,,0,,P,,,,,0,,,0,43,0,0,,0,,,,,,0,,,,,,,,,,,,,,,,,
8482932,,Cameron Berg,Berg,C,NYI,500000,0,,,,,0,,C,,,,,0,,,0,46,0,0,,0,,,,,,0,,,,,,,,,0,,,,,,,,
8482202,,Maksim Berezkin,Berezkin,W,EDM,500000,1,,,,,0,,M,,,,,0,,,0,41,0,0,,0,,,,,,0,,,,,,,,,0,,,,,,,,
8485729,,Stanislav Berezhnoy,Berezhnoy,G,CHI,500000,1,,,,,0,,S,,,,,0,,,0,36,0,0,,0,,,,,,0,,,,,,,,,,,,,,,,,
8479574,,Mikhail Berdin,Berdin,G,WPG,500000,0,,,,,0,,M,,,,,0,,,0,60,0,0,,0,,,,,,0,,,,,,,,,0,,,,,,,,
8482132,,Brett Berard,Berard,W,NYR,1810000,1,4,14.228571,20,,0,,B,0,6,1,0,0,53,10:43,0,47,0,0,,0,19,35,,0,0,0,,-6,8,498.00,0,00:00,10,0,1310000,0,59,0,,,,,
8484145,,Zach Benson,Benson,W,BUF,2340000,1,18,16.720000,27,,0,,Z,0,10,0,0,0,35,14:49,0,33,1,0,20251003,0,32,75,,0,0,0,,-2,60,1254.00,3,00:00,28,0,,0,120,0,,,,2025-10-02,2025-10-02
8479347,,Tyler Benson,Benson,W,EDM,500000,0,,,,,0,,T,,,,,0,,,0,41,0,0,,0,,,,,,0,,,,,,,,,0,,,,,,,,
8481122,,Simon Benoit,Benoit,D,TOR,2830000,1,10,16.637363,141,,0,,S,0,2,1,0,0,246,16:49,0,57,0,0,,0,29,91,,1,0,0,,9,69,1514.00,0,00:00,12,0,2210000,0,59,0,,,,,
8482728,,Nate Benoit,Benoit,D,MIN,500000,1,,,,,0,,N,,,,,0,,,0,44,0,0,,0,,,,,,0,,,,,,,,,0,,,,,,,,
8470378,,Andre Benoit,Benoit,D,STL,500000,0,,,,,0,,A,,,,,0,,,0,55,0,0,,0,,,,,,0,,,,,,,,,0,,,,,,,,
8476988,,Matt Benning,Benning,D,SJS,500000,1,0,2.000000,10,,0,,M,0,0,0,0,0,9,13:02,0,54,0,0,,0,2,7,,0,0,0,,-5,4,14.00,0,00:00,0,0,-730000,0,7,0,,,,,
8482107,,Mike Benning,Benning,D,FLA,500000,1,,,,,0,,M,,,,,0,,,0,42,0,0,,0,,,,,,0,,,,,,,,,0,,,,,,,,
8477935,,Sam Bennett,Bennett,C,FLA,6350000,1,33,36.161616,51,,0,,S,0,40,5,0,0,249,17:29,0,42,0,0,,0,32,99,,1,0,0,,-9,138,3580.00,11,00:00,73,0,1800000,0,308,0,,,,,
8485582,,Trenten Bennett,Bennett,G,NJD,500000,1,,,,,0,,T,,,,,0,,,0,49,0,0,,0,,,,,,0,,,,,,,,,,,,,,,,,
8475242,,Mac Bennett,Bennett,D,MTL,500000,0,,,,,0,,M,,,,,0,,,0,45,0,0,,0,,,,,,0,,,,,,,,,0,,,,,,,,
8475761,,Beau Bennett,Bennett,W,STL,500000,0,,,,,0,,B,,,,,0,,,0,55,0,0,,0,,,,,,0,,,,,,,,,0,,,,,,,,
8473994,,Jamie Benn,Benn,W,DAL,4240000,1,35,24.581633,57,,0,,J,0,17,4,0,0,180,14:54,0,39,1,0,20250925,0,34,98,,1,0,0,,-8,96,2409.00,2,00:00,52,0,140000,0,161,0,,,,2025-09-25,2025-09-25
8474818,,Jordie Benn,Benn,D,TOR,500000,0,,,,,0,,J,,,,,0,,,0,57,0,0,,0,,,,,,0,,,,,,,,,-1660000,,,,,,,,
8482665,,Matty Beniers,Beniers,C,SEA,2980000,1,23,21.219512,75,,0,,M,0,20,2,0,0,42,18:41,0,63,0,0,,0,40,82,,1,0,0,,0,14,1740.00,5,00:00,43,0,480000,0,147,0,,,,,
8479454,,Lukas Bengtsson,Bengtsson,D,PIT,500000,0,,,,,0,,L,,,,,0,,,0,53,0,0,,0,,,,,,0,,,,,,,,,0,,,,,,,,
8485110,,Jacob Bengtsson,Bengtsson,D,TOR,500000,0,,,,,0,,J,,,,,0,,,0,57,0,0,,0,,,,,,0,,,,,,,,,,,,,,,,,
8485367,,Adam Benak,Benak,C,MIN,500000,1,,,,,0,,A,,,,,0,,,0,44,0,0,,0,,,,,,0,,,,,,,,,,,,,,,,,
8480205,,Emil Bemstrom,Bemstrom,C,PIT,640000,0,1,5.785714,3,,0,,E,0,0,0,0,0,12,08:20,0,53,0,0,,0,6,14,,0,0,0,,0,0,81.00,0,00:00,1,0,-1080000,0,13,0,,,,,
8475968,,Alex Belzile,Belzile,W,NYR,500000,1,,,,,0,,A,,,,,0,,,0,47,0,0,,0,,,,,,0,,,,,,,,,-230000,,,,,,,,
8478011,,Louie Belpedio,Belpedio,D,PHI,500000,1,,,,,0,,L,,,,,0,,,0,51,0,0,,0,,,,,,0,,,,,,,,,0,,,,,,,,
8480389,,Nikolai Belov,Belov,D,FA,500000,0,,,,,0,,N,,,,,0,,,0,0,0,0,,0,,,,,,0,,,,,,,,,0,,,,,,,,
8483432,,Luca Del Bel Belluz,Belluz,C,CBJ,1970000,1,6,19.200000,12,,0,,L,0,2,0,0,0,4,13:45,0,38,0,0,,0,5,15,,0,0,0,,2,0,288.00,0,00:00,8,0,,0,18,0,,,,,
8479356,,Kieffer Bellows,Bellows,W,NSH,1220000,0,2,11.368421,6,,0,,K,0,2,1,0,0,35,10:40,0,48,0,0,,0,12,19,,0,0,0,,-6,6,216.00,0,00:00,4,0,-270000,0,28,0,,,,,
8482801,,Isaac Belliveau,Belliveau,D,BUF,500000,1,,,,,0,,I,,,,,0,,,0,33,0,0,,0,,,,,,0,,,,,,,,,0,,,,,,,,
8480396,,Jordan Bellerive,Bellerive,C,PIT,500000,0,,,,,0,,J,,,,,0,,,0,53,0,0,,0,,,,,,0,,,,,,,,,0,,,,,,,,
8474135,,Brett Bellemore,Bellemore,D,CAR,500000,0,,,,,0,,B,,,,,0,,,0,35,0,0,,0,,,,,,0,,,,,,,,,0,,,,,,,,
8477930,,Pierre-Edouard Bellemare,Bellemare,W,SEA,500000,0,,,,,0,,P,,,,,0,,,0,63,0,0,,0,,,,,,0,,,,,,,,,-1360000,,,,,,,,
8485428,,William Belle,Belle,W,TOR,500000,1,,,,,0,,W,,,,,0,,,0,57,0,0,,0,,,,,,0,,,,,,,,,,,,,,,,,
8483772,,Parker Bell,Bell,W,CAL,500000,1,,,,,0,,P,,,,,0,,,0,34,0,0,,0,,,,,,0,,,,,,,,,,,,,,,,,
8473492,,Matt Beleskey,Beleskey,W,NYR,500000,0,,,,,0,,M,,,,,0,,,0,47,0,0,,0,,,,,,0,,,,,,,,,0,,,,,,,,
8483802,,Julien Beland,Beland,W,ANA,500000,0,,,,,0,,J,,,,,0,,,0,31,0,0,,0,,,,,,0,,,,,,,,,,,,,,,,,
8482676,,Sean Behrens,Behrens,D,COL,500000,1,,,,,0,,S,,,,,0,,,0,37,0,0,,0,,,,,,0,,,,,,,,,0,,,,,,,,
8485365,,Nathan Behm,Behm,W,CHI,500000,1,,,,,0,,N,,,,,0,,,0,36,0,0,,0,,,,,,0,,,,,,,,,,,,,,,,,
8481556,,John Beecher,Beecher,C,BOS,1180000,1,8,8.474359,71,,0,,J,0,3,0,0,0,84,11:17,0,32,0,0,,0,38,78,,0,0,0,,-9,26,661.00,0,00:00,11,0,680000,0,44,0,,,,,
8484788,,Kamil Bednarik,Bednarik,C,NYI,500000,1,,,,,0,,K,,,,,0,,,0,46,0,0,,0,,,,,,0,,,,,,,,,,,,,,,,,
8478920,,Ryan Bednard,Bednard,G,FLA,500000,0,,,,,0,,R,,,,,0,,,0,42,0,0,,0,,,,,,0,,,,,,,,,0,,,,,,,,
8482135,,Jan Bednar,Bednar,G,DET,500000,0,,,,,0,,J,,,,,0,,,0,40,0,0,,0,,,,,,0,,,,,,,,,0,,,,,,,,
8485364,,David Bedkowski,Bedkowski,D,BUF,500000,1,,,,,0,,D,,,,,0,,,0,33,0,0,,0,,,,,,0,,,,,,,,,,,,,,,,,
8484144,,Connor Bedard,Bedard,C,CHI,3960000,1,44,28.207317,37,,0,,C,0,23,5,0,0,47,20:17,0,36,0,0,,0,45,82,,1,0,0,,-36,70,2313.00,11,00:00,67,0,,0,195,0,,,,,
8484478,,Owen Beckner,Beckner,C,OTT,500000,1,,,,,0,,O,,,,,0,,,0,50,0,0,,0,,,,,,0,,,,,,,,,,,,,,,,,
8481550,,Adam Beckman,Beckman,W,NYI,500000,1,,,,,0,,A,,,,,0,,,0,46,0,0,,0,,,,,,0,,,,,,,,,0,,,,,,,,
8485580,,Lucas Beckman,Beckman,G,OTT,500000,1,,,,,0,,L,,,,,0,,,0,50,0,0,,0,,,,,,0,,,,,,,,,,,,,,,,,
8478912,,Jack Becker,Becker,C,BOS,500000,0,,,,,0,,J,,,,,0,,,0,32,0,0,,0,,,,,,0,,,,,,,,,0,,,,,,,,
8482468,,Noah Beck,Beck,D,SJS,500000,1,,,,,0,,N,,,,,0,,,0,54,0,0,,0,,,,,,0,,,,,,,,,0,,,,,,,,
8483424,,Owen Beck,Beck,C,MTL,770000,1,1,7.250000,8,,0,,O,0,0,0,0,0,23,09:59,0,45,0,0,,0,4,12,,0,0,0,,-2,0,87.00,0,00:00,1,0,,0,10,0,,,,,
8475192,,Taylor Beck,Beck,W,NYR,500000,0,,,,,0,,T,,,,,0,,,0,47,0,0,,0,,,,,,0,,,,,,,,,0,,,,,,,,
8482736,,Jack Beck,Beck,W,PIT,500000,0,,,,,0,,J,,,,,0,,,0,53,0,0,,0,,,,,,0,,,,,,,,,0,,,,,,,,
8484836,,Ondrej Becher,Becher,C,DET,500000,1,,,,,0,,O,,,,,0,,,0,40,0,0,,0,,,,,,0,,,,,,,,,,,,,,,,,
8478463,,Anthony Beauvillier,Beauvillier,W,WSH,3080000,1,14,17.813187,36,,0,,A,0,17,0,0,0,169,12:54,0,59,0,0,,0,40,91,,0,0,0,,3,16,1621.00,0,00:00,31,0,-1450000,1,169,0,,,,,
8477596,,Mickael Beauregard,Beauregard,D,PIT,500000,0,,,,,0,,M,,,,,0,,,0,53,0,0,,0,,,,,,0,,,,,,,,,0,,,,,,,,
8476305,,Gabriel Beaupre,Beaupre,D,COL,500000,0,,,,,0,,G,,,,,0,,,0,37,0,0,,0,,,,,,0,,,,,,,,,0,,,,,,,,
8483682,,Mason Beaupit,Beaupit,G,WSH,500000,0,,,,,0,,M,,,,,0,,,0,59,0,0,,0,,,,,,0,,,,,,,,,,,,,,,,,
8476470,,Nathan Beaulieu,Beaulieu,D,ANA,500000,0,,,,,0,,N,,,,,0,,,0,31,0,0,,0,,,,,,0,,,,,,,,,-560000,,,,,,,,
8484786,,Cole Beaudoin,Beaudoin,C,UTA,1220000,1,,,,,0,,C,,,,,0,,,0,64,0,0,,0,,,,,,0,,,,,,,,,,,,,,,,,
8478833,,J.C. Beaudin,Beaudin,C,OTT,500000,0,,,,,0,,J,,,,,0,,,0,50,0,0,,0,,,,,,0,,,,,,,,,0,,,,,,,,
8480814,,Nicolas Beaudin,Beaudin,D,MTL,500000,0,,,,,0,,N,,,,,0,,,0,45,0,0,,0,,,,,,0,,,,,,,,,-830000,,,,,,,,
8485619,,Quinn Beauchesne,Beauchesne,D,PIT,500000,1,,,,,0,,Q,,,,,0,,,0,53,0,0,,0,,,,,,0,,,,,,,,,,,,,,,,,
8467400,,Francois Beauchemin,Beauchemin,D,ANA,500000,0,,,,,0,,F,,,,,0,,,0,31,0,0,,0,,,,,,0,,,,,,,,,0,,,,,,,,
8480325,,Francois Beauchemin,Beauchemin,W,FA,500000,0,,,,,0,,F,,,,,0,,,0,0,0,0,,0,,,,,,0,,,,,,,,,0,,,,,,,,
8481595,,Alex Beaucage,Beaucage,W,COL,500000,0,,,,,0,,A,,,,,0,,,0,37,0,0,,0,,,,,,0,,,,,,,,,0,,,,,,,,
8477031,,Matthew Beattie,Beattie,W,VAN,500000,0,,,,,0,,M,,,,,0,,,0,58,0,0,,0,,,,,,0,,,,,,,,,0,,,,,,,,
8478451,,Ethan Bear,Bear,D,WSH,500000,1,,,,,0,,E,,,,,0,,,0,59,1,0,20250929,0,,,,,,0,,,,,,,,,-1020000,,,,,,,2025-09-27,2025-09-27
8485362,,Carter Bear,Bear,W,DET,2100000,1,,,,,0,,C,,,,,0,,,0,40,0,0,,0,,,,,,0,,,,,,,,,,,,,,,,,
8479402,,Jake Bean,Bean,D,CAL,990000,1,5,7.296875,42,,0,,J,0,2,0,0,0,22,15:05,0,34,0,0,,0,19,64,,0,0,0,,0,8,467.00,0,00:00,7,0,-650000,0,70,0,,,,,
8474291,,Jay Beagle,Beagle,C,ARI,500000,0,,,,,0,,J,,,,,0,,,0,52,0,0,,0,,,,,,0,,,,,,,,,-550000,,,,,,,,
8475847,,Cody Beach,Beach,W,STL,500000,0,,,,,0,,C,,,,,0,,,0,55,0,0,,0,,,,,,0,,,,,,,,,0,,,,,,,,
8479945,,Gavin Bayreuther,Bayreuther,D,CAR,500000,1,,,,,0,,G,,,,,0,,,0,35,0,0,,0,,,,,,0,,,,,,,,,-480000,,,,,,,,
8484813,,Drew Bavaro,Bavaro,D,BOS,500000,0,,,,,0,,D,,,,,0,,,0,32,0,0,,0,,,,,,0,,,,,,,,,,,,,,,,,
8485576,,Roman Bausov,Bausov,D,CAR,500000,1,,,,,0,,R,,,,,0,,,0,35,0,0,,0,,,,,,0,,,,,,,,,,,,,,,,,
8478393,,Kyle Baun,Baun,W,TOR,500000,0,,,,,0,,K,,,,,0,,,0,57,0,0,,0,,,,,,0,,,,,,,,,0,,,,,,,,
8482495,,Benjamin Baumgartner,Baumgartner,C,NJD,500000,0,,,,,0,,B,,,,,0,,,0,49,0,0,,0,,,,,,0,,,,,,,,,0,,,,,,,,
8482459,,Tyrel Bauer,Bauer,D,WPG,500000,1,,,,,0,,T,,,,,0,,,0,60,0,0,,0,,,,,,0,,,,,,,,,0,,,,,,,,
8484444,,Samu Bau,Bau,C,UTA,500000,1,,,,,0,,S,,,,,0,,,0,64,0,0,,0,,,,,,0,,,,,,,,,,,,,,,,,
8484785,,Jacob Battaglia,Battaglia,W,CAL,500000,1,,,,,0,,J,,,,,0,,,0,34,0,0,,0,,,,,,0,,,,,,,,,,,,,,,,,
8480208,,Drake Batherson,Batherson,W,OTT,4800000,1,43,31.477273,31,,0,,D,0,27,3,0,0,175,18:06,0,50,1,0,20250928,0,31,88,,0,0,0,,-13,40,2770.00,13,00:00,70,0,1770000,0,199,0,,,,2025-09-24,2025-09-24
8479414,,Nathan Bastian,Bastian,W,DAL,1990000,1,6,12.921875,30,,0,,N,0,4,1,0,0,152,10:59,0,39,0,0,,0,29,64,,0,0,0,,-3,31,827.00,1,00:00,10,0,-240000,1,50,0,,,,,
8481753,,Dominic Basse,Basse,G,CHI,500000,0,,,,,0,,D,,,,,0,,,0,36,0,0,,0,,,,,,0,,,,,,,,,0,,,,,,,,
8471760,,Cody Bass,Bass,C,NSH,500000,0,,,,,0,,C,,,,,0,,,0,48,0,0,,0,,,,,,0,,,,,,,,,0,,,,,,,,
8474101,,Ruslan Bashkirov,Bashkirov,W,OTT,500000,0,,,,,0,,R,,,,,0,,,0,50,0,0,,0,,,,,,0,,,,,,,,,0,,,,,,,,
8484782,,Andrew Basha,Basha,W,CAL,500000,1,,,,,0,,A,,,,,0,,,0,34,0,0,,0,,,,,,0,,,,,,,,,,,,,,,,,
8478445,,Mathew Barzal,Barzal,C,NYI,3750000,1,14,29.733333,23,,0,,M,0,6,1,0,0,24,20:21,0,46,0,0,,0,12,30,,0,0,0,,10,4,892.00,1,00:00,20,0,-1410000,0,78,0,,,,,
8470677,,Konstantin Barulin,Barulin,G,STL,500000,0,,,,,0,,K,,,,,0,,,0,55,0,0,,0,,,,,,0,,,,,,,,,0,,,,,,,,
8477378,,Patrik Bartosak,Bartosak,G,LAK,500000,0,,,,,0,,P,,,,,0,,,0,43,0,0,,0,,,,,,0,,,,,,,,,0,,,,,,,,
8480882,,Seth Barton,Barton,D,DET,500000,0,,,,,0,,S,,,,,0,,,0,40,0,0,,0,,,,,,0,,,,,,,,,0,,,,,,,,
8473658,,Victor Bartley,Bartley,D,MIN,500000,0,,,,,0,,V,,,,,0,,,0,44,0,0,,0,,,,,,0,,,,,,,,,0,,,,,,,,
8474749,,Matt Bartkowski,Bartkowski,D,MIN,500000,0,,,,,0,,M,,,,,0,,,0,44,0,0,,0,,,,,,0,,,,,,,,,0,,,,,,,,
8480999,,Dawson Barteaux,Barteaux,D,DAL,500000,0,,,,,0,,D,,,,,0,,,0,39,0,0,,0,,,,,,0,,,,,,,,,0,,,,,,,,
8480289,,Morgan Barron,Barron,C,WPG,2170000,1,9,13.160920,38,,0,,M,0,8,0,0,0,160,10:37,0,60,0,0,,0,27,87,,0,0,0,,2,18,1145.00,0,00:00,17,0,1210000,2,105,0,,,,,
8482111,,Justin Barron,Barron,D,NSH,1430000,1,7,10.645161,71,,0,,J,0,6,0,0,0,79,17:26,0,48,0,0,,0,32,62,,0,0,0,,-18,23,660.00,0,00:00,13,0,930000,0,73,0,,,,,
8479561,,Travis Barron,Barron,W,UTA,500000,0,,,,,0,,T,,,,,0,,,0,64,0,0,,0,,,,,,0,,,,,,,,,0,,,,,,,,
8475197,,Tyson Barrie,Barrie,D,CAL,800000,1,2,7.615385,12,,0,,T,0,1,0,0,0,10,15:48,0,34,0,0,,0,6,13,,0,0,0,,-7,4,99.00,0,00:00,3,0,-4000000,0,19,0,,,,,
8480066,,Evan Barratt,Barratt,C,PHI,500000,0,,,,,0,,E,,,,,0,,,0,51,0,0,,0,,,,,,0,,,,,,,,,0,,,,,,,,
8479718,,Alex BarrÃ©-Boulet,BarrÃ©-Boulet,C,COL,500000,1,0,-5.000000,0,,0,,A,0,0,0,0,0,2,10:10,0,37,0,0,,0,0,2,,0,0,0,,-2,2,-10.00,0,00:00,0,0,-690000,0,0,0,,,,,
8485427,,Sean Barnhill,Barnhill,D,NYR,500000,1,,,,,0,,S,,,,,0,,,0,47,0,0,,0,,,,,,0,,,,,,,,,,,,,,,,,
8483722,,Eli Barnett,Barnett,D,SJS,500000,1,,,,,0,,E,,,,,0,,,0,54,0,0,,0,,,,,,0,,,,,,,,,,,,,,,,,
8485426,,Asher Barnett,Barnett,D,EDM,500000,1,,,,,0,,A,,,,,0,,,0,41,0,0,,0,,,,,,0,,,,,,,,,,,,,,,,,
8484143,,Colby Barlow,Barlow,W,WPG,500000,1,,,,,0,,C,,,,,0,,,0,60,0,0,,0,,,,,,0,,,,,,,,,,,,,,,,,
8477493,,Aleksander Barkov,Barkov,C,FLA,6700000,1,67,38.977778,72,,0,,A,0,26,4,0,0,138,20:19,0,42,1,0,20250929,0,28,90,,2,0,0,,5,20,3508.00,11,00:00,93,0,150000,1,194,0,,,,2025-09-26,2025-09-26
8482462,,Filip Barklund,Barklund,C,ARI,500000,0,,,,,0,,F,,,,,0,,,0,52,0,0,,0,,,,,,0,,,,,,,,,0,,,,,,,,
8484142,,Denver Barkey,Barkey,C,PHI,500000,1,,,,,0,,D,,,,,0,,,0,51,0,0,,0,,,,,,0,,,,,,,,,,,,,,,,,
8480378,,Dereck Baribeau,Baribeau,G,MIN,500000,0,,,,,0,,D,,,,,0,,,0,44,0,0,,0,,,,,,0,,,,,,,,,0,,,,,,,,
8478367,,Cole Bardreau,Bardreau,C,NYI,500000,0,,,,,0,,C,,,,,0,,,0,46,0,0,,0,,,,,,0,,,,,,,,,0,,,,,,,,
8482947,,Zakhar Bardakov,Bardakov,C,COL,500000,1,,,,,0,,Z,,,,,0,,,0,37,0,0,,0,,,,,,0,,,,,,,,,0,,,,,,,,
8484941,,Jake Barczewski,Barczewski,G,COL,500000,0,,,,,0,,J,,,,,0,,,0,37,0,0,,0,,,,,,0,,,,,,,,,,,,,,,,,
8485770,,Hayden Barch,Barch,D,NSH,500000,1,,,,,0,,H,,,,,0,,,0,48,0,0,,0,,,,,,0,,,,,,,,,,,,,,,,,
8474717,,Mark Barberio,Barberio,D,COL,500000,0,,,,,0,,M,,,,,0,,,0,37,0,0,,0,,,,,,0,,,,,,,,,0,,,,,,,,
8477003,,Riley Barber,Barber,W,DAL,500000,0,,,,,0,,R,,,,,0,,,0,39,0,0,,0,,,,,,0,,,,,,,,,0,,,,,,,,
8477964,,Ivan Barbashev,Barbashev,C,VGK,4540000,1,29,28.222222,38,,0,,I,0,24,4,0,0,146,16:54,0,62,0,0,,0,24,81,,2,0,0,,17,16,2286.00,2,00:00,53,0,2330000,0,125,0,,,,,
8483423,,Maxim Barbashev,Barbashev,W,NYR,500000,0,,,,,0,,M,,,,,0,,,0,47,0,0,,0,,,,,,0,,,,,,,,,,,,,,,,,
8470073,,Konstantin Baranov,Baranov,W,PHI,500000,0,,,,,0,,K,,,,,0,,,0,51,0,0,,0,,,,,,0,,,,,,,,,0,,,,,,,,
8483721,,Artem Barabosha,Barabosha,D,NJD,500000,1,,,,,0,,A,,,,,0,,,0,49,0,0,,0,,,,,,0,,,,,,,,,,,,,,,,,
8482222,,Alexander Barabanov,Barabanov,W,SJS,500000,0,,,,,0,,A,,,,,0,,,0,54,0,0,,0,,,,,,0,,,,,,,,,-1360000,,,,,,,,
8482670,,Jack Bar,Bar,D,DAL,500000,0,,,,,0,,J,,,,,0,,,0,39,0,0,,0,,,,,,0,,,,,,,,,0,,,,,,,,
8477491,,Nicholas Baptiste,Baptiste,W,TOR,500000,0,,,,,0,,N,,,,,0,,,0,57,0,0,,0,,,,,,0,,,,,,,,,0,,,,,,,,
8482490,,Carson Bantle,Bantle,W,DET,500000,0,,,,,0,,C,,,,,0,,,0,40,0,0,,0,,,,,,0,,,,,,,,,0,,,,,,,,
8482863,,Caedan Bankier,Bankier,C,MIN,500000,1,,,,,0,,C,,,,,0,,,0,44,0,0,,0,,,,,,0,,,,,,,,,0,,,,,,,,
8485496,,Dalton Bancroft,Bancroft,W,BOS,500000,1,,,,,0,,D,,,,,0,,,0,32,0,0,,0,,,,,,0,,,,,,,,,,,,,,,,,
8481177,,Mitchell Balmas,Balmas,W,PHI,500000,0,,,,,0,,M,,,,,0,,,0,51,0,0,,0,,,,,,0,,,,,,,,,0,,,,,,,,
8470054,,Keith Ballard,Ballard,D,MIN,500000,0,,,,,0,,K,,,,,0,,,0,44,0,0,,0,,,,,,0,,,,,,,,,0,,,,,,,,
8476322,,Chase Balisy,Balisy,C,OTT,500000,0,,,,,0,,C,,,,,0,,,0,50,0,0,,0,,,,,,0,,,,,,,,,0,,,,,,,,
8484304,,Uvis Balinskis,Balinskis,D,FLA,2130000,1,14,12.641975,59,,0,,U,0,5,0,0,0,91,14:43,0,42,0,0,,0,31,81,,0,0,0,,-3,29,1024.00,0,00:00,19,0,,0,96,0,,,,,
8485625,,Everett Baldwin,Baldwin,D,TBL,500000,1,,,,,0,,E,,,,,0,,,0,56,0,0,,0,,,,,,0,,,,,,,,,,,,,,,,,
8478870,,Rudolfs Balcers,Balcers,W,FLA,500000,0,,,,,0,,R,,,,,0,,,0,42,0,0,,0,,,,,,0,,,,,,,,,-2000000,,,,,,,,
8480971,,Martin Bakos,Bakos,C,BOS,500000,0,,,,,0,,M,,,,,0,,,0,32,0,0,,0,,,,,,0,,,,,,,,,0,,,,,,,,
8485098,,Austin Baker,Baker,W,DET,500000,1,,,,,0,,A,,,,,0,,,0,40,0,0,,0,,,,,,0,,,,,,,,,,,,,,,,,
8483839,,Andrei Bakanov,Bakanov,W,STL,500000,0,,,,,0,,A,,,,,0,,,0,55,0,0,,0,,,,,,0,,,,,,,,,,,,,,,,,
8480300,,Patrick Bajkov,Bajkov,W,FLA,500000,0,,,,,0,,P,,,,,0,,,0,42,0,0,,0,,,,,,0,,,,,,,,,0,,,,,,,,
8483395,,Arshdeep Bains,Bains,W,VAN,540000,1,0,4.538462,7,,0,,A,0,1,1,0,0,17,10:30,0,58,0,0,,0,5,13,,0,0,0,,-5,0,59.00,0,00:00,1,0,,0,8,0,,,,,
8478185,,Tyson Baillie,Baillie,C,CAL,500000,0,,,,,0,,T,,,,,0,,,0,34,0,0,,0,,,,,,0,,,,,,,,,0,,,,,,,,
8476940,,Robert Baillargeon,Baillargeon,C,WSH,500000,0,,,,,0,,R,,,,,0,,,0,59,0,0,,0,,,,,,0,,,,,,,,,0,,,,,,,,
8477473,,Justin Bailey,Bailey,W,SJS,500000,1,,,,,0,,J,,,,,0,,,0,54,0,0,,0,,,,,,0,,,,,,,,,0,,,,,,,,
8474573,,Josh Bailey,Bailey,W,NYI,500000,0,,,,,0,,J,,,,,0,,,0,46,0,0,,0,,,,,,0,,,,,,,,,-3240000,,,,,,,,
8477837,,Matt Bailey,Bailey,C,ANA,500000,0,,,,,0,,M,,,,,0,,,0,31,0,0,,0,,,,,,0,,,,,,,,,0,,,,,,,,
8478376,,Casey Bailey,Bailey,W,OTT,500000,0,,,,,0,,C,,,,,0,,,0,50,0,0,,0,,,,,,0,,,,,,,,,0,,,,,,,,
8480860,,Kevin Bahl,Bahl,D,CAL,2120000,1,17,15.684932,104,,0,,K,0,3,0,0,0,109,21:23,0,34,0,0,,0,22,73,,0,0,0,,-6,35,1145.00,1,00:00,20,0,890000,0,82,0,,,,,
8476466,,Sven Baertschi,Baertschi,W,VGK,500000,0,,,,,0,,S,,,,,0,,,0,62,0,0,,0,,,,,,0,,,,,,,,,0,,,,,,,,
8484781,,Dominik Badinka,Badinka,D,CAR,500000,1,,,,,0,,D,,,,,0,,,0,35,0,0,,0,,,,,,0,,,,,,,,,,,,,,,,,
8480195,,Jack Badini,Badini,C,ANA,500000,0,,,,,0,,J,,,,,0,,,0,31,0,0,,0,,,,,,0,,,,,,,,,0,,,,,,,,
8477631,,Brandon Baddock,Baddock,W,MIN,500000,0,,,,,0,,B,,,,,0,,,0,44,0,0,,0,,,,,,0,,,,,,,,,0,,,,,,,,
8473563,,Nicklas Backstrom,Backstrom,C,WSH,500000,1,,,,,0,,N,,,,,0,,,0,59,0,0,,0,,,,,,0,,,,,,,,,-3740000,,,,,,,,
8473404,,Niklas Backstrom,Backstrom,G,CAL,500000,0,,,,,0,,N,,,,,0,,,0,34,0,0,,0,,,,,,0,,,,,,,,,0,,,,,,,,
8476298,,Mattias Backman,Backman,D,DAL,500000,0,,,,,0,,M,,,,,0,,,0,39,0,0,,0,,,,,,0,,,,,,,,,0,,,,,,,,
8474150,,Mikael Backlund,Backlund,C,CAL,2710000,1,17,20.342105,46,,0,,M,0,15,3,0,0,40,18:44,0,34,0,0,,0,25,76,,0,0,0,,4,32,1546.00,1,00:00,32,0,-220000,1,174,0,,,,,
8470655,,David Backes,Backes,W,ANA,500000,0,,,,,0,,D,,,,,0,,,0,31,0,0,,0,,,,,,0,,,,,,,,,-1080000,,,,,,,,
8480840,,Oskar Back,Back,C,DAL,1380000,1,14,8.452381,37,,0,,O,0,4,0,0,0,37,11:37,0,39,0,0,,0,26,84,,0,0,0,,-1,10,710.00,0,00:00,18,0,880000,0,46,0,,,,,
8473614,,Richard Bachman,Bachman,G,VAN,500000,0,,,,,0,,R,,,,,0,,,0,58,0,0,,0,,,,,,0,,,,,,,,,0,,,,,,,,
8478457,,Karch Bachman,Bachman,W,FLA,500000,0,,,,,0,,K,,,,,0,,,0,42,0,0,,0,,,,,,0,,,,,,,,,0,,,,,,,,
8479188,,David Ayres,Ayres,G,CAR,500000,0,,,,,0,,D,,,,,0,,,0,35,0,0,,0,,,,,,0,,,,,,,,,0,,,,,,,,
8485069,,Fyodor Avramov,Avramov,W,CAR,500000,1,,,,,0,,F,,,,,0,,,0,35,0,0,,0,,,,,,0,,,,,,,,,,,,,,,,,
8483010,,Jon-Randall Avon,Avon,C,SEA,500000,1,,,,,0,,J,,,,,0,,,0,63,0,0,,0,,,,,,0,,,,,,,,,0,,,,,,,,
8485758,,Josh Avery,Avery,C,CBJ,500000,1,,,,,0,,J,,,,,0,,,0,38,0,0,,0,,,,,,0,,,,,,,,,,,,,,,,,
8479483,,Yohann Auvitu,Auvitu,D,EDM,500000,0,,,,,0,,Y,,,,,0,,,0,41,0,0,,0,,,,,,0,,,,,,,,,0,,,,,,,,
8477041,,Brady Austin,Austin,D,BUF,500000,0,,,,,0,,B,,,,,0,,,0,33,0,0,,0,,,,,,0,,,,,,,,,0,,,,,,,,
8477383,,Gage Ausmus,Ausmus,D,COL,500000,0,,,,,0,,G,,,,,0,,,0,37,0,0,,0,,,,,,0,,,,,,,,,0,,,,,,,,
8474048,,Keith Aulie,Aulie,D,EDM,500000,0,,,,,0,,K,,,,,0,,,0,41,0,0,,0,,,,,,0,,,,,,,,,0,,,,,,,,
8484141,,Trey Augustine,Augustine,G,DET,500000,1,,,,,0,,T,,,,,0,,,0,40,0,0,,0,,,,,,0,,,,,,,,,,,,,,,,,
8477428,,Justin Auger,Auger,W,LAK,500000,0,,,,,0,,J,,,,,0,,,0,43,0,0,,0,,,,,,0,,,,,,,,,0,,,,,,,,
8478076,,Daniel Audette,Audette,C,MTL,500000,0,,,,,0,,D,,,,,0,,,0,45,0,0,,0,,,,,,0,,,,,,,,,0,,,,,,,,
8482492,,Kyle Aucoin,Aucoin,D,DET,500000,0,,,,,0,,K,,,,,0,,,0,40,0,0,,0,,,,,,0,,,,,,,,,0,,,,,,,,
8475802,,Louis-Marc Aubry,Aubry,C,DET,500000,0,,,,,0,,L,,,,,0,,,0,40,0,0,,0,,,,,,0,,,,,,,,,0,,,,,,,,
8477979,,Nicolas Aube-Kubel,Aube-Kubel,W,NYR,1010000,1,1,8.136364,3,,0,,N,0,1,0,0,0,40,09:25,0,47,0,0,,0,13,22,,0,0,0,,-5,19,179.00,0,00:00,2,0,-1000000,0,18,0,,,,,
8470126,,Vitali Atyushov,Atyushov,D,OTT,500000,0,,,,,0,,V,,,,,0,,,0,50,0,0,,0,,,,,,0,,,,,,,,,0,,,,,,,,
8481521,,Ronnie Attard,Attard,D,COL,500000,1,,,,,0,,R,,,,,0,,,0,37,1,0,20251001,0,,,,,,0,,,,,,,,,0,,,,,,,2025-10-01,2025-10-01
8474715,,Cam Atkinson,Atkinson,W,TBL,1220000,1,5,9.538462,10,,0,,C,0,4,0,0,0,15,09:00,0,56,0,0,,0,15,39,,0,0,0,,-4,11,372.00,1,00:00,9,0,-1730000,0,47,0,,,,,
8476960,,Andreas Athanasiou,Athanasiou,C,CHI,700000,1,0,6.875000,6,,0,,A,0,1,0,0,0,6,10:02,0,36,0,0,,0,3,8,,0,0,0,,-1,0,55.00,0,00:00,1,0,-1580000,0,8,0,,,,,
8479944,,Zachary Aston-Reese,Aston-Reese,C,CBJ,1840000,1,11,13.189873,55,,0,,Z,0,6,1,0,0,179,13:27,0,38,0,0,,0,31,79,,0,0,0,,-15,27,1042.00,0,00:00,17,0,-1230000,0,99,0,,,,,
8481157,,Samuel Asselin,Asselin,C,CBJ,500000,0,,,,,0,,S,,,,,0,,,0,38,0,0,,0,,,,,,0,,,,,,,,,0,,,,,,,,
8479335,,Rasmus Asplund,Asplund,C,FLA,500000,0,0,0.000000,2,,0,,R,0,0,0,0,0,3,07:56,0,42,0,0,,0,4,6,,0,0,0,,-2,2,0.00,0,00:00,0,0,-1380000,0,2,0,,,,,
8481219,,Jonathan Aspirot,Aspirot,D,BOS,500000,1,,,,,0,,J,,,,,0,,,0,32,0,0,,0,,,,,,0,,,,,,,,,,,,,,,,,
8485039,,Nathan Aspinall,Aspinall,W,NYR,500000,1,,,,,0,,N,,,,,0,,,0,47,0,0,,0,,,,,,0,,,,,,,,,,,,,,,,,
8482137,,Yaroslav Askarov,Askarov,G,SJS,2510000,1,1,27.692308,0,,0,,Y,37,0,0,4,0,0,55:08,0,54,0,0,,0,7,13,,0,2,0,,0,0,360.00,0,00:00,1,320,2010000,0,0,0,,89.6,,,
8485068,,Luke Ashton,Ashton,D,CBJ,500000,1,,,,,0,,L,,,,,0,,,0,38,0,0,,0,,,,,,0,,,,,,,,,,,,,,,,,
8475154,,Carter Ashton,Ashton,W,TBL,500000,0,,,,,0,,C,,,,,0,,,0,56,0,0,,0,,,,,,0,,,,,,,,,0,,,,,,,,
8478042,,Viktor Arvidsson,Arvidsson,W,EDM,3090000,1,17,18.524390,26,,0,,V,0,17,2,0,0,49,14:23,0,41,0,0,,0,28,82,,0,0,0,,0,30,1519.00,1,00:00,34,0,-240000,0,182,0,,,,,
8484995,,Nikita Artamonov,Artamonov,W,CAR,500000,1,,,,,0,,N,,,,,0,,,0,35,0,0,,0,,,,,,0,,,,,,,,,,,,,,,,,
8475712,,Taylor Aronson,Aronson,D,NSH,500000,0,,,,,0,,T,,,,,0,,,0,48,0,0,,0,,,,,,0,,,,,,,,,0,,,,,,,,
8483422,,Liam Arnsby,Arnsby,C,FLA,500000,0,,,,,0,,L,,,,,0,,,0,42,0,0,,0,,,,,,0,,,,,,,,,,,,,,,,,
8475833,,Bill Arnold,Arnold,C,CAL,500000,0,,,,,0,,B,,,,,0,,,0,34,0,0,,0,,,,,,0,,,,,,,,,0,,,,,,,,
8479050,,Derek Arnold,Arnold,C,LAK,500000,0,,,,,0,,D,,,,,0,,,0,43,0,0,,0,,,,,,0,,,,,,,,,0,,,,,,,,
8477481,,Linus Arnesson,Arnesson,D,BOS,500000,0,,,,,0,,L,,,,,0,,,0,32,0,0,,0,,,,,,0,,,,,,,,,0,,,,,,,,
8476469,,Joel Armia,Armia,W,MTL,2640000,1,20,16.081395,34,,0,,J,0,11,1,0,0,95,14:11,0,45,0,0,,0,33,86,,0,0,0,,0,18,1383.00,0,00:00,31,0,-620000,3,108,0,,,,,
8479437,,Mantas Armalis,Armalis,G,SJS,500000,0,,,,,0,,M,,,,,0,,,0,54,0,0,,0,,,,,,0,,,,,,,,,0,,,,,,,,
8482891,,Francesco Arcuri,Arcuri,C,DAL,500000,1,,,,,0,,F,,,,,0,,,0,39,0,0,,0,,,,,,0,,,,,,,,,0,,,,,,,,
8476062,,Mark Arcobello,Arcobello,W,TOR,500000,0,,,,,0,,M,,,,,0,,,0,57,0,0,,0,,,,,,0,,,,,,,,,0,,,,,,,,
8475423,,Darren Archibald,Archibald,W,OTT,500000,0,,,,,0,,D,,,,,0,,,0,50,0,0,,0,,,,,,0,,,,,,,,,0,,,,,,,,
8476326,,Josh Archibald,Archibald,W,PIT,500000,0,,,,,0,,J,,,,,0,,,0,53,0,0,,0,,,,,,0,,,,,,,,,-2280000,,,,,,,,
8481109,,Pascal Aquin,Aquin,W,BUF,500000,0,,,,,0,,P,,,,,0,,,0,33,0,0,,0,,,,,,0,,,,,,,,,0,,,,,,,,
8478891,,Mason Appleton,Appleton,C,DET,3120000,1,19,18.523810,35,,0,,M,0,10,3,0,0,105,14:50,0,40,0,0,,0,24,84,,0,0,0,,12,36,1556.00,0,00:00,29,0,30000,0,124,0,,,,,
8478965,,Kenneth Appleby,Appleby,G,NYI,500000,0,,,,,0,,K,,,,,0,,,0,46,0,0,,0,,,,,,0,,,,,,,,,0,,,,,,,,
8485054,,AleÅ¡ ÄŒech,ÄŒech,D,UTA,500000,1,,,,,0,,A,,,,,0,,,0,64,0,0,,0,,,,,,0,,,,,,,,,,,,,,,,,
8479755,,Victor Antipin,Antipin,D,BUF,500000,0,,,,,0,,V,,,,,0,,,0,33,0,0,,0,,,,,,0,,,,,,,,,0,,,,,,,,
8482456,,Raivis Ansons,Ansons,W,PIT,500000,0,,,,,0,,R,,,,,0,,,0,53,0,0,,0,,,,,,0,,,,,,,,,0,,,,,,,,
8470057,,Sergei Anshakov,Anshakov,W,PIT,500000,0,,,,,0,,S,,,,,0,,,0,53,0,0,,0,,,,,,0,,,,,,,,,0,,,,,,,,
8481020,,Justus Annunen,Annunen,G,NSH,2930000,1,0,23.058824,0,,0,,J,95,0,0,15,0,0,52:39,0,48,0,0,,0,16,34,,0,1,0,,0,0,784.00,0,00:00,0,717,2430000,0,0,0,,88.3,,,
8485665,,Karl Annborn,Annborn,D,SEA,500000,1,,,,,0,,K,,,,,0,,,0,63,0,0,,0,,,,,,0,,,,,,,,,,,,,,,,,
8473573,,Artem Anisimov,Anisimov,C,OTT,500000,0,,,,,0,,A,,,,,0,,,0,50,0,0,,0,,,,,,0,,,,,,,,,-1420000,,,,,,,,
8481690,,Tyler Angle,Angle,C,CBJ,500000,0,,,,,0,,T,,,,,0,,,0,38,0,0,,0,,,,,,0,,,,,,,,,0,,,,,,,,
8478074,,Anthony Angello,Angello,C,NSH,500000,1,,,,,0,,A,,,,,0,,,0,48,0,0,,0,,,,,,0,,,,,,,,,-1200000,,,,,,,,
8471916,,Mike Angelidis,Angelidis,W,TBL,500000,0,,,,,0,,M,,,,,0,,,0,56,0,0,,0,,,,,,0,,,,,,,,,0,,,,,,,,
8479377,,Jonathan Ang,Ang,C,FLA,500000,0,,,,,0,,J,,,,,0,,,0,42,0,0,,0,,,,,,0,,,,,,,,,0,,,,,,,,
8475241,,Sergey Andronov,Andronov,W,STL,500000,0,,,,,0,,S,,,,,0,,,0,55,0,0,,0,,,,,,0,,,,,,,,,0,,,,,,,,
8477413,,Sven Andrighetto,Andrighetto,W,COL,500000,0,,,,,0,,S,,,,,0,,,0,37,0,0,,0,,,,,,0,,,,,,,,,0,,,,,,,,
8485560,,Pyotr Andreyanov,Andreyanov,G,CBJ,1540000,1,,,,,0,,P,,,,,0,,,0,38,0,0,,0,,,,,,0,,,,,,,,,,,,,,,,,
8476404,,Andy Andreoff,Andreoff,C,NYI,500000,0,,,,,0,,A,,,,,0,,,0,46,0,0,,0,,,,,,0,,,,,,,,,0,,,,,,,,
8483608,,Pontus Andreasson,Andreasson,C,DET,500000,0,,,,,0,,P,,,,,0,,,0,40,0,0,,0,,,,,,0,,,,,,,,,,,,,,,,,
8482126,,Emil Andrae,Andrae,D,PHI,1490000,1,6,11.119048,49,,0,,E,0,1,0,0,0,46,17:21,0,51,0,0,,0,18,42,,0,0,0,,-5,16,467.00,0,00:00,7,0,990000,0,52,0,,,,,
8484429,,Matthew Andonovski,Andonovski,D,OTT,500000,1,,,,,0,,M,,,,,0,,,0,50,0,0,,0,,,,,,0,,,,,,,,,,,,,,,,,
8483394,,Corey Andonovski,Andonovski,W,PIT,500000,0,,,,,0,,C,,,,,0,,,0,53,0,0,,0,,,,,,0,,,,,,,,,,,,,,,,,
8478397,,Rasmus Andersson,Andersson,D,CAL,2390000,1,20,17.061728,172,,0,,R,0,11,1,0,0,36,23:59,0,34,0,0,,0,27,81,,0,0,0,,-38,60,1382.00,3,00:00,31,0,150000,0,163,0,,,,,
8474168,,Joakim Andersson,Andersson,C,DET,500000,0,,,,,0,,J,,,,,0,,,0,40,0,0,,0,,,,,,0,,,,,,,,,0,,,,,,,,
8476957,,Calle Andersson,Andersson,D,NYR,500000,0,,,,,0,,C,,,,,0,,,0,47,0,0,,0,,,,,,0,,,,,,,,,0,,,,,,,,
8480072,,Lias Andersson,Andersson,C,LAK,500000,0,,,,,0,,L,,,,,0,,,0,43,0,0,,0,,,,,,0,,,,,,,,,-690000,,,,,,,,
8480272,,Anton Andersson,Andersson,D,STL,500000,0,,,,,0,,A,,,,,0,,,0,55,0,0,,0,,,,,,0,,,,,,,,,0,,,,,,,,
8481018,,Axel Andersson,Andersson,D,ANA,500000,0,,,,,0,,A,,,,,0,,,0,31,0,0,,0,,,,,,0,,,,,,,,,0,,,,,,,,
8479994,,Jaret Anderson-Dolan,Anderson-Dolan,C,WPG,1890000,1,2,19.583333,8,,0,,J,0,1,0,0,0,42,09:16,0,60,0,0,,0,4,12,,0,0,0,,2,6,235.00,0,00:00,3,0,190000,0,11,0,,,,,
8476981,,Josh Anderson,Anderson,W,MTL,3380000,1,13,20.348837,39,,0,,J,0,15,1,0,0,201,14:18,0,45,0,0,,0,33,86,,0,0,0,,-4,110,1750.00,0,00:00,28,0,-620000,1,120,0,,,,,
8479315,,Joey Anderson,Anderson,W,CHI,580000,1,1,4.833333,13,,0,,J,0,0,0,0,0,11,12:24,0,36,1,0,20251007,0,7,18,,0,0,0,,-2,0,87.00,0,00:00,1,0,-370000,0,17,0,,,,2025-09-26,2025-09-26
8479998,,Mikey Anderson,Anderson,D,LAK,2990000,1,19,18.831325,131,,0,,M,0,6,0,0,0,140,22:53,0,43,0,0,,0,28,83,,0,0,0,,13,30,1563.00,0,00:00,25,0,1130000,0,88,0,,,,,
8467950,,Craig Anderson,Anderson,G,BUF,500000,0,,,,,0,,C,,,,,0,,,0,33,0,0,,0,,,,,,0,,,,,,,,,-2080000,,,,,,,,
8479340,,Josh Anderson,Anderson,D,COL,500000,0,,,,,0,,J,,,,,0,,,0,37,0,0,,0,,,,,,0,,,,,,,,,0,,,,,,,,
8475883,,Frederik Andersen,Andersen,G,CAR,7060000,1,1,43.914286,0,,0,,F,80,0,0,21,0,0,58:56,0,35,0,0,,0,11,35,,0,2,0,,0,0,1537.00,0,00:00,1,731,2530000,0,0,3,,90.1,,,
8479443,,Sam Anas,Anas,C,STL,500000,0,,,,,0,,S,,,,,0,,,0,55,0,0,,0,,,,,,0,,,,,,,,,0,,,,,,,,
8484615,,Andre Anania,Anania,D,PIT,500000,0,,,,,0,,A,,,,,0,,,0,53,0,0,,0,,,,,,0,,,,,,,,,,,,,,,,,
8477364,,Terrance Amorosa,Amorosa,D,ANA,500000,0,,,,,0,,T,,,,,0,,,0,31,0,0,,0,,,,,,0,,,,,,,,,0,,,,,,,,
8482099,,Rodion Amirov,Amirov,W,TOR,500000,0,,,,,0,,R,,,,,0,,,0,57,0,0,,0,,,,,,0,,,,,,,,,0,,,,,,,,
8485589,,Lirim Amidovski,Amidovski,W,MIN,500000,1,,,,,0,,L,,,,,0,,,0,44,0,0,,0,,,,,,0,,,,,,,,,,,,,,,,,
8485360,,Carter Amico,Amico,D,PHI,500000,1,,,,,0,,C,,,,,0,,,0,51,0,0,,0,,,,,,0,,,,,,,,,,,,,,,,,
8476369,,Seth Ambroz,Ambroz,W,CBJ,500000,0,,,,,0,,S,,,,,0,,,0,38,0,0,,0,,,,,,0,,,,,,,,,0,,,,,,,,
8482189,,Colby Ambrosio,Ambrosio,C,COL,500000,0,,,,,0,,C,,,,,0,,,0,37,0,0,,0,,,,,,0,,,,,,,,,0,,,,,,,,
8482496,,Nils Aman,Aman,C,VAN,1140000,1,5,10.526316,2,,0,,N,0,1,0,0,0,22,10:29,0,58,0,0,,0,6,19,,0,0,0,,-2,2,200.00,0,00:00,6,0,640000,0,8,0,,,,,
8478020,,Michael Amadio,Amadio,W,OTT,2850000,1,17,18.435897,44,,0,,M,0,11,2,0,0,130,14:17,0,50,0,0,,0,26,78,,0,0,0,,10,20,1438.00,1,00:00,28,0,2130000,0,90,0,,,,,
8473991,,Karl Alzner,Alzner,D,MTL,500000,0,,,,,0,,K,,,,,0,,,0,45,0,0,,0,,,,,,0,,,,,,,,,0,,,,,,,,
8479115,,Jorge Alves,Alves,G,CAR,500000,0,,,,,0,,J,,,,,0,,,0,35,0,0,,0,,,,,,0,,,,,,,,,0,,,,,,,,
8480190,,Andrei Altybarmakyan,Altybarmakyan,W,CHI,500000,0,,,,,0,,A,,,,,0,,,0,36,0,0,,0,,,,,,0,,,,,,,,,0,,,,,,,,
8476909,,Daniel Altshuller,Altshuller,G,CAR,500000,0,,,,,0,,D,,,,,0,,,0,35,0,0,,0,,,,,,0,,,,,,,,,0,,,,,,,,
8468744,,Dimitri Altaryov,Altaryov,W,NYI,500000,0,,,,,0,,D,,,,,0,,,0,46,0,0,,0,,,,,,0,,,,,,,,,0,,,,,,,,
8475729,,Mark Alt,Alt,D,LAK,500000,0,,,,,0,,M,,,,,0,,,0,43,0,0,,0,,,,,,0,,,,,,,,,-130000,,,,,,,,
8481629,,Olle Alsing,Alsing,D,OTT,500000,0,,,,,0,,O,,,,,0,,,0,50,0,0,,0,,,,,,0,,,,,,,,,0,,,,,,,,
8483687,,Marek Alscher,Alscher,D,FLA,500000,1,,,,,0,,M,,,,,0,,,0,42,0,0,,0,,,,,,0,,,,,,,,,,,,,,,,,
8484408,,Vilmer Alriksson,Alriksson,W,VAN,500000,1,,,,,0,,V,,,,,0,,,0,58,0,0,,0,,,,,,0,,,,,,,,,,,,,,,,,
8481597,,Hugo Alnefelt,Alnefelt,G,TBL,500000,1,,,,,0,,H,,,,,0,,,0,56,0,0,,0,,,,,,0,,,,,,,,,0,,,,,,,,
8475332,,Adam Almquist,Almquist,D,DET,500000,0,,,,,0,,A,,,,,0,,,0,40,0,0,,0,,,,,,0,,,,,,,,,0,,,,,,,,
8480985,,Justin Almeida,Almeida,C,PIT,500000,0,,,,,0,,J,,,,,0,,,0,53,0,0,,0,,,,,,0,,,,,,,,,0,,,,,,,,
8479539,,Niclas Almari,Almari,D,PIT,500000,0,,,,,0,,N,,,,,0,,,0,53,0,0,,0,,,,,,0,,,,,,,,,0,,,,,,,,
8477920,,Johan Alm,Alm,D,NSH,500000,0,,,,,0,,J,,,,,0,,,0,48,0,0,,0,,,,,,0,,,,,,,,,0,,,,,,,,
8485765,,Drew Allison,Allison,D,COL,500000,1,,,,,0,,D,,,,,0,,,0,37,0,0,,0,,,,,,0,,,,,,,,,,,,,,,,,
8479322,,Wade Allison,Allison,W,PHI,500000,0,,,,,0,,W,,,,,0,,,0,51,0,0,,0,,,,,,0,,,,,,,,,-1720000,,,,,,,,
8483095,,Ben Allison,Allison,W,OTT,500000,0,,,,,0,,B,,,,,0,,,0,50,0,0,,0,,,,,,0,,,,,,,,,0,,,,,,,,
8474596,,Jake Allen,Allen,G,NJD,4910000,1,0,38.838710,0,,0,,J,77,0,0,13,0,0,56:04,0,49,0,0,,0,17,31,,0,1,0,,0,0,1204.00,0,00:00,0,742,580000,0,0,4,,90.6,,,
8484140,,Cam Allen,Allen,D,WSH,500000,1,,,,,0,,C,,,,,0,,,0,59,0,0,,0,,,,,,0,,,,,,,,,,,,,,,,,
8467332,,Bryan Allen,Allen,D,MTL,500000,0,,,,,0,,B,,,,,0,,,0,45,0,0,,0,,,,,,0,,,,,,,,,0,,,,,,,,
8477214,,Conor Allen,Allen,D,NSH,500000,0,,,,,0,,C,,,,,0,,,0,48,0,0,,0,,,,,,0,,,,,,,,,0,,,,,,,,
8483798,,Owen Allard,Allard,C,UTA,500000,1,,,,,0,,O,,,,,0,,,0,64,0,0,,0,,,,,,0,,,,,,,,,,,,,,,,,
8484310,,Tristan Allard,Allard,W,TBL,500000,1,,,,,0,,T,,,,,0,,,0,56,0,0,,0,,,,,,0,,,,,,,,,,,,,,,,,
8479329,,Frederic Allard,Allard,D,MTL,500000,0,,,,,0,,F,,,,,0,,,0,45,0,0,,0,,,,,,0,,,,,,,,,0,,,,,,,,
8482700,,Nolan Allan,Allan,D,CHI,1100000,1,7,8.511628,46,,0,,N,0,1,0,0,0,61,15:08,0,36,0,0,,0,27,43,,0,0,0,,-13,16,366.00,0,00:00,8,0,600000,0,17,0,,,,,
8483421,,Brennan Ali,Ali,C,DET,500000,1,,,,,0,,B,,,,,0,,,0,40,0,0,,0,,,,,,0,,,,,,,,,,,,,,,,,
8480823,,Alexander Alexeyev,Alexeyev,D,WSH,980000,1,0,7.222222,26,,0,,A,0,0,0,0,0,20,12:56,0,59,0,0,,0,8,18,,0,0,0,,0,4,130.00,0,00:00,0,0,480000,0,13,0,,,,,
8481543,,Nikita Alexandrov,Alexandrov,C,STL,500000,1,,,,,0,,N,,,,,0,,,0,55,0,0,,0,,,,,,0,,,,,,,,,0,,,,,,,,
8471295,,Victor Alexandrov,Alexandrov,W,STL,500000,0,,,,,0,,V,,,,,0,,,0,55,0,0,,0,,,,,,0,,,,,,,,,0,,,,,,,,
8482936,,Gage Alexander,Alexander,G,DET,500000,0,,,,,0,,G,,,,,0,,,0,40,0,0,,0,,,,,,0,,,,,,,,,0,,,,,,,,
8483183,,Jett Alexander,Alexander,G,TOR,500000,0,,,,,0,,J,,,,,0,,,0,57,0,0,,0,,,,,,0,,,,,,,,,,,,,,,,,
8477190,,Brandon Alderson,Alderson,W,PHI,500000,0,,,,,0,,B,,,,,0,,,0,51,0,0,,0,,,,,,0,,,,,,,,,0,,,,,,,,
8485067,,Parker Alcos,Alcos,D,VAN,500000,1,,,,,0,,P,,,,,0,,,0,58,0,0,,0,,,,,,0,,,,,,,,,,,,,,,,,
8482708,,Eric Alarie,Alarie,W,FLA,500000,0,,,,,0,,E,,,,,0,,,0,42,0,0,,0,,,,,,0,,,,,,,,,0,,,,,,,,
8485646,,Reko Alanko,Alanko,D,UTA,500000,1,,,,,0,,R,,,,,0,,,0,64,0,0,,0,,,,,,0,,,,,,,,,,,,,,,,,
8478966,,Alexandre Alain,Alain,C,MTL,500000,0,,,,,0,,A,,,,,0,,,0,45,0,0,,0,,,,,,0,,,,,,,,,0,,,,,,,,
8479522,,Hardy Haman Aktell,Aktell,D,WSH,500000,0,,,,,0,,H,,,,,0,,,0,59,0,0,,0,,,,,,0,,,,,,,,,0,,,,,,,,
8482515,,Artur Akhtyamov,Akhtyamov,G,TOR,500000,1,,,,,0,,A,,,,,0,,,0,57,0,0,,0,,,,,,0,,,,,,,,,0,,,,,,,,
8484139,,Beau Akey,Akey,D,EDM,500000,1,,,,,0,,B,,,,,0,,,0,41,0,0,,0,,,,,,0,,,,,,,,,,,,,,,,,
8475917,,Jason Akeson,Akeson,W,BUF,500000,0,,,,,0,,J,,,,,0,,,0,33,0,0,,0,,,,,,0,,,,,,,,,0,,,,,,,,
8475824,,Sami Aittokallio,Aittokallio,G,COL,500000,0,,,,,0,,S,,,,,0,,,0,37,0,0,,0,,,,,,0,,,,,,,,,0,,,,,,,,
8485352,,Kashawn Aitcheson,Aitcheson,D,NYI,1780000,1,,,,,0,,K,,,,,0,,,0,46,0,0,,0,,,,,,0,,,,,,,,,,,,,,,,,
8481705,,Santeri Airola,Airola,D,PIT,500000,0,,,,,0,,S,,,,,0,,,0,53,0,0,,0,,,,,,0,,,,,,,,,0,,,,,,,,
8478427,,Sebastian Aho,Aho,C,CAR,6630000,1,53,38.829787,39,,0,,S,0,36,10,0,0,102,20:13,0,35,0,0,,0,32,94,,6,0,0,,10,54,3650.00,8,00:00,89,0,-180000,3,248,0,,,,,
8480222,,Sebastian Aho,Aho,D,PIT,500000,1,,,,,0,,S,,,,,0,,,0,53,0,0,,0,,,,,,0,,,,,,,,,-450000,,,,,,,,
8478437,,Filip Ahl,Ahl,W,OTT,500000,0,,,,,0,,F,,,,,0,,,0,50,0,0,,0,,,,,,0,,,,,,,,,0,,,,,,,,
8482072,,Jack Ahcan,Ahcan,D,COL,610000,1,0,8.000000,1,,0,,J,0,0,0,0,0,3,15:48,0,37,0,0,,0,1,2,,0,0,0,,0,2,16.00,0,00:00,0,0,110000,0,1,0,,,,,
8481613,,Layton Ahac,Ahac,D,VGK,500000,0,,,,,0,,L,,,,,0,,,0,62,0,0,,0,,,,,,0,,,,,,,,,0,,,,,,,,
8484573,,Mathis Aguilar,Aguilar,D,PIT,500000,0,,,,,0,,M,,,,,0,,,0,53,0,0,,0,,,,,,0,,,,,,,,,,,,,,,,,
8475461,,Andrew Agozzino,Agozzino,W,UTA,500000,1,,,,,0,,A,,,,,0,,,0,64,0,0,,0,,,,,,0,,,,,,,,,-360000,,,,,,,,
8475844,,Kenny Agostino,Agostino,W,TOR,500000,0,,,,,0,,K,,,,,0,,,0,57,0,0,,0,,,,,,0,,,,,,,,,0,,,,,,,,
8460641,,Pavel Agarkov,Agarkov,W,DET,500000,0,,,,,0,,P,,,,,0,,,0,40,0,0,,0,,,,,,0,,,,,,,,,0,,,,,,,,
8485609,,Maxim Agafonov,Agafonov,D,SEA,500000,1,,,,,0,,M,,,,,0,,,0,63,0,0,,0,,,,,,0,,,,,,,,,,,,,,,,,
8481585,,Egor Afanasyev,Afanasyev,W,SJS,500000,1,,,,,0,,E,,,,,0,,,0,54,0,0,,0,,,,,,0,,,,,,,,,0,,,,,,,,
8478921,,Jeremiah Addison,Addison,W,MTL,500000,0,,,,,0,,J,,,,,0,,,0,45,0,0,,0,,,,,,0,,,,,,,,,0,,,,,,,,
8480884,,Calen Addison,Addison,D,SJS,500000,0,,,,,0,,C,,,,,0,,,0,54,0,0,,0,,,,,,0,,,,,,,,,-40000,,,,,,,,
8481120,,Morgan Adams-Moisan,Adams-Moisan,W,MTL,500000,0,,,,,0,,M,,,,,0,,,0,45,0,0,,0,,,,,,0,,,,,,,,,0,,,,,,,,
8465166,,Craig Adams,Adams,W,PIT,500000,0,,,,,0,,C,,,,,0,,,0,53,0,0,,0,,,,,,0,,,,,,,,,0,,,,,,,,
8479551,,Collin Adams,Adams,W,NYI,500000,0,,,,,0,,C,,,,,0,,,0,46,0,0,,0,,,,,,0,,,,,,,,,0,,,,,,,,
8480239,,John Adams,Adams,W,DET,500000,0,,,,,0,,J,,,,,0,,,0,40,0,0,,0,,,,,,0,,,,,,,,,0,,,,,,,,
8474609,,Luke Adam,Adam,C,NYR,500000,0,,,,,0,,L,,,,,0,,,0,47,0,0,,0,,,,,,0,,,,,,,,,0,,,,,,,,
8482725,,Olivier Adam,Adam,G,FLA,500000,0,,,,,0,,O,,,,,0,,,0,42,0,0,,0,,,,,,0,,,,,,,,,0,,,,,,,,
8476179,,Will Acton,Acton,C,EDM,500000,0,,,,,0,,W,,,,,0,,,0,41,0,0,,0,,,,,,0,,,,,,,,,0,,,,,,,,
8475365,,Sena Acolatse,Acolatse,D,FLA,500000,0,,,,,0,,S,,,,,0,,,0,42,0,0,,0,,,,,,0,,,,,,,,,0,,,,,,,,
8478569,,Noel Acciari,Acciari,C,PIT,1390000,1,7,9.949367,89,,0,,N,0,5,0,0,0,180,13:46,0,53,0,0,,0,33,79,,0,0,0,,-25,16,786.00,0,00:00,12,0,-1240000,0,75,0,,,,,
8481720,,Nick Abruzzese,Abruzzese,C,TBL,500000,1,,,,,0,,N,,,,,0,,,0,56,0,0,,0,,,,,,0,,,,,,,,,0,,,,,,,,
8481589,,Mikhail Abramov,Abramov,C,STL,500000,1,,,,,0,,M,,,,,0,,,0,55,0,0,,0,,,,,,0,,,,,,,,,0,,,,,,,,
8479411,,Vitaly Abramov,Abramov,W,OTT,500000,0,,,,,0,,V,,,,,0,,,0,50,0,0,,0,,,,,,0,,,,,,,,,0,,,,,,,,
8479022,,Rodrigo Abols,Abols,C,PHI,900000,1,3,7.227273,11,,0,,R,0,2,0,0,0,25,09:11,0,51,0,0,,0,13,22,,0,0,0,,-10,4,159.00,0,00:00,5,0,400000,0,25,0,,,,,
8476857,,Pontus Aberg,Aberg,W,OTT,500000,0,,,,,0,,P,,,,,0,,,0,50,0,0,,0,,,,,,0,,,,,,,,,0,,,,,,,,
8475870,,Konrad Abeltshauser,Abeltshauser,D,STL,500000,0,,,,,0,,K,,,,,0,,,0,55,0,0,,0,,,,,,0,,,,,,,,,0,,,,,,,,
8471716,,Justin Abdelkader,Abdelkader,W,DET,500000,0,,,,,0,,J,,,,,0,,,0,40,0,0,,0,,,,,,0,,,,,,,,,0,,,,,,,,
8476805,,Spencer Abbott,Abbott,W,CHI,500000,0,,,,,0,,S,,,,,0,,,0,36,0,0,,0,,,,,,0,,,,,,,,,0,,,,,,,,
8483652,,Joseph Abate,Abate,W,BOS,500000,0,,,,,0,,J,,,,,0,,,0,32,0,0,,0,,,,,,0,,,,,,,,,,,,,,,,,
8483569,,Wyatt Aamodt,Aamodt,D,COL,1370000,1,0,33.500000,7,,0,,W,0,1,0,0,0,6,17:07,0,37,0,0,,0,1,2,,0,0,0,,1,0,67.00,0,00:00,1,0,,0,3,0,,,,,
8481698,,Leevi Aaltonen,Aaltonen,W,NYR,500000,0,,,,,0,,L,,,,,0,,,0,47,0,0,,0,,,,,,0,,,,,,,,,0,,,,,,,,
